*Product Code,*Product Description,Notes,Barcode,Unit of Measure,Min Stock Alert Level,Max Stock Alert Level,Label Template,SO Label Template,PO Label Template,SO Label Quantity,PO Label Quantity,Supplier Code,Supplier Name,Supplier Product Code,Default Purchase Price,Minimum Order Quantity,Minimum Sale Quantity,Default Sell Price,Minimum Sell Price,Sell Price Tier 1,Sell Price Tier 2,Sell Price Tier 3,Sell Price Tier 4,Sell Price Tier 5,Sell Price Tier 6,Sell Price Tier 7,Sell Price Tier 8,Sell Price Tier 9,Sell Price Tier 10,Pack Size,Weight,Width,Height,Depth,Reminder,Last Cost,Nominal Cost,Comments,Copy Comments for Sales,Copy Comments for Purchases,Never Diminishing,Product Group,Product Sub Group,Product Brand,Sales Account,COGS Account,Purchase Account,Purchase Tax Type,Purchase Tax Rate,Sales Tax Type,Sale Tax Rate,IsAssembledProduct,IsComponent,IsObsoleted,Is Sellable,Is Purchasable,Default Purchasing Unit of Measure
ABPBSB04,"Foam Plyometric Box - 12""",,ABPBSB04,KG,,,,,,Order Quantity,Order Quantity,,,,,,,150.0000,0.0000,,,,,,,,,,,,13.000,85,30.5,100,,,,,False,False,No,Body Weight,Plyometric Boxes,AIR LOCKER,4130,5130,,,,,,No,Yes,No,Yes,Yes,KG
AMDEHG02,High Grip Dead Ball - 6kg,,AMDEHG02,KG,,,,,,Order Quantity,Order Quantity,,,,,,,18.1818,0.0000,,,,,,,,,,,,7.000,24,24,24,,,,,False,False,No,Mixed Implements,Dead Balls,AIR LOCKER,4210,5210,,,,,,No,Yes,No,Yes,Yes,KG
AMDEHG03,High Grip Dead Ball - 9kg,,AMDEHG03,KG,,,,,,Order Quantity,Order Quantity,,,,,,,20.4545,0.0000,,,,,,,,,,,,10.000,24,24,24,,,,,False,False,No,Mixed Implements,Dead Balls,AIR LOCKER,4210,5210,,,,,,No,Yes,No,Yes,Yes,KG
AMDEHG04,High Grip Dead Ball - 12kg,,AMDEHG04,KG,,,,,,Order Quantity,Order Quantity,,,,,,,25.0000,0.0000,,,,,,,,,,,,13.000,29,29,29,,,,,False,False,No,Mixed Implements,Dead Balls,AIR LOCKER,4210,5210,,,,,,No,Yes,No,Yes,Yes,KG
AMDEHG05,High Grip Dead Ball - 15kg,,AMDEHG05,KG,,,,,,Order Quantity,Order Quantity,,,,,,,31.8182,0.0000,,,,,,,,,,,,16.000,29,29,29,,,,,False,False,No,Mixed Implements,Dead Balls,AIR LOCKER,4210,5210,,,,,,No,Yes,No,Yes,Yes,KG
AMKBUR01,Urethane Competition Kettlebell - 8kg,,AMKBUR01,KG,,,,,,Order Quantity,Order Quantity,,,,,,,40.0000,0.0000,,,,,,,,,,,,9.000,22,29,22,,,,,False,False,No,Mixed Implements,Kettlebells,AIR LOCKER,4235,5235,,,,,,No,Yes,No,Yes,Yes,KG
AMKBUR02,Urethane Competition Kettlebell - 10kg,,AMKBUR02,KG,,,,,,Order Quantity,Order Quantity,,,,,,,52.2727,0.0000,,,,,,,,,,,,11.000,22,29,22,,,,,False,False,No,Mixed Implements,Kettlebells,AIR LOCKER,4235,5235,,,,,,No,Yes,No,Yes,Yes,KG
AMKBUR03,Urethane Competition Kettlebell - 12kg,,AMKBUR03,KG,,,,,,Order Quantity,Order Quantity,,,,,,,56.8182,0.0000,,,,,,,,,,,,13.000,22,29,22,,,,,False,False,No,Mixed Implements,Kettlebells,AIR LOCKER,4235,5235,,,,,,No,Yes,No,Yes,Yes,KG
AMKBUR04,Urethane Competition Kettlebell - 16kg,,AMKBUR04,KG,,,,,,Order Quantity,Order Quantity,,,,,,,72.7273,0.0000,,,,,,,,,,,,17.000,22,29,22,,,,,False,False,No,Mixed Implements,Kettlebells,AIR LOCKER,4235,5235,,,,,,No,Yes,No,Yes,Yes,KG
AMKBUR05,Urethane Competition Kettlebell - 20kg,,AMKBUR05,KG,,,,,,Order Quantity,Order Quantity,,,,,,,88.6364,0.0000,,,,,,,,,,,,21.000,22,29,22,,,,,False,False,No,Mixed Implements,Kettlebells,AIR LOCKER,4235,5235,,,,,,No,Yes,No,Yes,Yes,KG
AMKBUR06,Urethane Competition Kettlebell - 24kg,,AMKBUR06,KG,,,,,,Order Quantity,Order Quantity,,,,,,,104.5455,0.0000,,,,,,,,,,,,25.000,22,29,22,,,,,False,False,No,Mixed Implements,Kettlebells,AIR LOCKER,4235,5235,,,,,,No,Yes,No,Yes,Yes,KG
FWWPOU09,Olympic Urethane Weight Plates (4 Grip) - 10kg,,FWWPOU09,KG,,,,,,Order Quantity,Order Quantity,UDO,UDONEX,,32.1457,,,81.8182,0.0000,55.4707,61.0178,63.7913,64.7107,71.1818,73.6364,81.8182,77.9045,62.9371,81.8182,,11.000,33.2,5,33.2,,0.0000,,,False,False,No,Weightlifting,Weight Plates,FERNWOOD,4420,5420,,,,,,No,Yes,No,Yes,Yes,KG
FWWPOU10,Olympic Urethane Weight Plates (4 Grip) - 15kg,,FWWPOU10,KG,,,,,,Order Quantity,Order Quantity,UDO,UDONEX,,48.2186,,,122.7273,0.0000,83.2060,91.5266,95.6869,97.0661,106.7727,110.4545,122.7273,116.8567,94.4056,122.7273,,16.000,36.5,5.4,36.5,,0.0000,,,False,False,No,Weightlifting,Weight Plates,FERNWOOD,4420,5420,,,,,,No,Yes,No,Yes,Yes,KG
FWWPOU12,Olympic Urethane Weight Plates (4 Grip) - 20kg,,FWWPOU12,KG,,,,,,Order Quantity,Order Quantity,UDO,UDONEX,,64.2914,,,163.6364,0.0000,110.9414,122.0355,127.5826,129.4215,142.3636,147.2727,163.6364,155.8090,125.8741,163.6364,,21.000,41,5.9,41,,0.0000,,,False,False,No,Weightlifting,Weight Plates,FERNWOOD,4420,5420,,,,,,No,Yes,No,Yes,Yes,KG
FWWPOU13,Olympic Urethane Weight Plates (4 Grip) - 25kg,,FWWPOU13,KG,,,,,,Order Quantity,Order Quantity,UDO,UDONEX,,80.3643,,,204.5455,0.0000,138.6767,152.5444,159.4782,161.7769,177.9545,184.0909,204.5455,194.7612,157.3427,204.5455,,26.000,43.5,6.1,43.5,,0.0000,,,False,False,No,Weightlifting,Weight Plates,FERNWOOD,4420,5420,,,,,,No,Yes,No,Yes,Yes,KG
FWWPOU14,Olympic Urethane Weight Plates (4 Grip) - 5kg,,FWWPOU14,KG,,,,,,Order Quantity,Order Quantity,UDO,UDONEX,,16.0729,,,40.9091,0.0000,27.7353,30.5089,31.8956,32.3554,35.5909,36.8182,40.9091,38.9522,31.4685,40.9091,,6.000,26,4.7,26,,0.0000,,,False,False,No,Weightlifting,Weight Plates,FERNWOOD,4420,5420,,,,,,No,Yes,No,Yes,Yes,KG
MWWPOPR03,Olympic Premium Rubber Weight Plates (3 Grip) - 5kg,,MWWPOPR03,KG,0.0000,0.0000,,,,Order Quantity,Order Quantity,DY,Dayufitness,,10.6276,,,25.4545,0.0000,16.5455,17.8182,19.0909,20.3636,21.6364,22.9091,25.4545,13.7487,19.5800,25.4500,,6.000,26,4.7,26,,,,,False,False,No,Weightlifting,Weight Plates,MK,4420,5420,,,,,,No,Yes,No,Yes,Yes,KG
MWWPOPR04,Olympic Premium Rubber Weight Plates (3 Grip) - 10kg,,MWWPOPR04,KG,0.0000,0.0000,,,,Order Quantity,Order Quantity,DY,Dayufitness,,21.2552,,,50.9091,0.0000,33.0909,35.6364,38.1818,40.7273,43.2727,45.8182,50.9091,27.4973,39.1600,50.9100,,11.000,33.2,5,33.2,,,,,False,False,No,Weightlifting,Weight Plates,MK,4420,5420,,,,,,No,Yes,No,Yes,Yes,KG
MWWPOPR05,Olympic Premium Rubber Weight Plates (3 Grip) - 15kg,,MWWPOPR05,KG,0.0000,0.0000,,,,Order Quantity,Order Quantity,DY,Dayufitness,,31.8828,,,76.3636,0.0000,49.6364,53.4545,57.2727,61.0909,64.9091,68.7273,76.3636,41.2460,58.7400,76.3600,,16.000,36.5,5.4,36.5,,,,,False,False,No,Weightlifting,Weight Plates,MK,4420,5420,,,,,,No,Yes,No,Yes,Yes,KG
MWWPOPR06,Olympic Premium Rubber Weight Plates (3 Grip) - 20kg,,MWWPOPR06,KG,0.0000,0.0000,,,,Order Quantity,Order Quantity,DY,Dayufitness,,42.5104,,,101.8182,0.0000,66.1818,71.2727,76.3636,81.4545,86.5455,91.6364,101.8182,54.9946,78.3200,101.8200,,21.000,41,5.9,41,,,,,False,False,No,Weightlifting,Weight Plates,MK,4420,5420,,,,,,No,Yes,No,Yes,Yes,KG
MWWPOPR07,Olympic Premium Rubber Weight Plates (3 Grip) - 25kg,,MWWPOPR07,KG,0.0000,0.0000,,,,Order Quantity,Order Quantity,DY,Dayufitness,,53.1379,,,127.2727,0.0000,82.7273,89.0909,95.4545,101.8182,108.1818,114.5455,127.2727,68.7433,97.9000,127.2700,,26.000,43.5,6.1,43.5,,,,,False,False,No,Weightlifting,Weight Plates,MK,4420,5420,,,,,,No,Yes,No,Yes,Yes,KG
MWWPOU03,Olympic Urethane Weight Plates (3 Grip) - 5kg,,MWWPOU03,KG,0.0000,0.0000,,,,Order Quantity,Order Quantity,DY,Dayufitness,,16.0729,,,36.3636,0.0000,24.6921,25.4545,27.2727,29.0909,30.9091,32.7273,36.3636,23.3654,27.9700,36.3600,,6.000,26,4.7,26,,,,,False,False,No,Weightlifting,Weight Plates,MK,4420,5420,,,,,,No,Yes,No,Yes,Yes,KG
MWWPOU04,Olympic Urethane Weight Plates (3 Grip) - 10kg,,MWWPOU04,KG,0.0000,0.0000,,,,Order Quantity,Order Quantity,DY,Dayufitness,,32.1457,,,72.7273,0.0000,49.3842,50.9091,54.5455,58.1818,61.8182,65.4545,72.7273,46.7308,55.9400,72.7300,,11.000,33.2,5,33.2,,,,,False,False,No,Weightlifting,Weight Plates,MK,4420,5420,,,,,,No,Yes,No,Yes,Yes,KG
MWWPOU05,Olympic Urethane Weight Plates (3 Grip) - 15kg,,MWWPOU05,KG,0.0000,0.0000,,,,Order Quantity,Order Quantity,DY,Dayufitness,,48.2186,,,109.0909,0.0000,74.0762,76.3636,81.8182,87.2727,92.7273,98.1818,109.0909,70.0962,83.9200,109.0900,,16.000,36.5,5.4,36.5,,,,,False,False,No,Weightlifting,Weight Plates,MK,4420,5420,,,,,,No,Yes,No,Yes,Yes,KG
MWWPOU06,Olympic Urethane Weight Plates (3 Grip) - 20kg,,MWWPOU06,KG,0.0000,0.0000,,,,Order Quantity,Order Quantity,DY,Dayufitness,,64.2914,,,145.4545,0.0000,98.7683,101.8182,109.0909,116.3636,123.6364,130.9091,145.4545,93.4615,111.8900,145.4500,,21.000,41,5.9,41,,,,,False,False,No,Weightlifting,Weight Plates,MK,4420,5420,,,,,,No,Yes,No,Yes,Yes,KG
MWWPOU07,Olympic Urethane Weight Plates (3 Grip) - 25kg,,MWWPOU07,KG,0.0000,0.0000,,,,Order Quantity,Order Quantity,DY,Dayufitness,,80.3643,,,181.8182,0.0000,123.4604,127.2727,136.3636,145.4545,154.5455,163.6364,181.8182,116.8269,139.8600,181.8200,,26.000,43.5,6.1,43.5,,,,,False,False,No,Weightlifting,Weight Plates,MK,4420,5420,,,,,,No,Yes,No,Yes,Yes,KG
SWWPOPR03,Olympic Premium Rubber Weight Plates (3 Grip) - 5kg,,SWWPOPR03,KG,,,,,,Order Quantity,Order Quantity,,,,10.6276,,,25.4545,0.0000,16.5455,17.8182,19.0909,20.3636,21.6364,22.9091,25.4545,13.7487,19.5800,25.4500,,6.000,26,4.7,26,,,,,False,False,No,Weightlifting,Weight Plates,SNAP,4420,5420,,,,,,No,Yes,No,Yes,Yes,KG
SWWPOPR04,Olympic Premium Rubber Weight Plates (3 Grip) - 10kg,,SWWPOPR04,KG,,,,,,Order Quantity,Order Quantity,,,,21.2552,,,50.9091,0.0000,33.0909,35.6364,38.1818,40.7273,43.2727,45.8182,50.9091,27.4973,39.1600,50.9100,,11.000,33.2,5,33.2,,,,,False,False,No,Weightlifting,Weight Plates,SNAP,4420,5420,,,,,,No,Yes,No,Yes,Yes,KG
SWWPOPR05,Olympic Premium Rubber Weight Plates (3 Grip) - 15kg,,SWWPOPR05,KG,,,,,,Order Quantity,Order Quantity,,,,31.8828,,,76.3636,0.0000,49.6364,53.4545,57.2727,61.0909,64.9091,68.7273,76.3636,41.2460,58.7400,76.3600,,16.000,36.5,5.4,36.5,,,,,False,False,No,Weightlifting,Weight Plates,SNAP,4420,5420,,,,,,No,Yes,No,Yes,Yes,KG
SWWPOPR06,Olympic Premium Rubber Weight Plates (3 Grip) - 20kg,,SWWPOPR06,KG,,,,,,Order Quantity,Order Quantity,,,,42.5104,,,101.8182,0.0000,66.1818,71.2727,76.3636,81.4545,86.5455,91.6364,101.8182,54.9946,78.3200,101.8200,,21.000,41,5.9,41,,,,,False,False,No,Weightlifting,Weight Plates,SNAP,4420,5420,,,,,,No,Yes,No,Yes,Yes,KG
SWWPOPR07,Olympic Premium Rubber Weight Plates (3 Grip) - 25kg,,SWWPOPR07,KG,,,,,,Order Quantity,Order Quantity,,,,53.1379,,,127.2727,0.0000,82.7273,89.0909,95.4545,101.8182,108.1818,114.5455,127.2727,68.7433,97.9000,127.2700,,26.000,43.5,6.1,43.5,,,,,False,False,No,Weightlifting,Weight Plates,SNAP,4420,5420,,,,,,No,Yes,No,Yes,Yes,KG
SWWPOU03,Olympic Urethane Weight Plates (3 Grip) - 5kg,,SWWPOU03,KG,,,,,,Order Quantity,Order Quantity,,,,16.0729,,,36.3636,0.0000,24.6921,25.4545,27.2727,29.0909,30.9091,32.7273,36.3636,23.3654,27.9700,36.3600,,6.000,26,4.7,26,,,,,False,False,No,Weightlifting,Weight Plates,SNAP,4420,5420,,,,,,No,Yes,No,Yes,Yes,KG
SWWPOU04,Olympic Urethane Weight Plates (3 Grip) - 10kg,,SWWPOU04,KG,,,,,,Order Quantity,Order Quantity,,,,32.1457,,,72.7273,0.0000,49.3842,50.9091,54.5455,58.1818,61.8182,65.4545,72.7273,46.7308,55.9400,72.7300,,11.000,33.2,5,33.2,,,,,False,False,No,Weightlifting,Weight Plates,SNAP,4420,5420,,,,,,No,Yes,No,Yes,Yes,KG
SWWPOU05,Olympic Urethane Weight Plates (3 Grip) - 15kg,,SWWPOU05,KG,,,,,,Order Quantity,Order Quantity,,,,48.2186,,,109.0909,0.0000,74.0762,76.3636,81.8182,87.2727,92.7273,98.1818,109.0909,70.0962,83.9200,109.0900,,16.000,36.5,5.4,36.5,,,,,False,False,No,Weightlifting,Weight Plates,SNAP,4420,5420,,,,,,No,Yes,No,Yes,Yes,KG
SWWPOU06,Olympic Urethane Weight Plates (3 Grip) - 20kg,,SWWPOU06,KG,,,,,,Order Quantity,Order Quantity,,,,64.2914,,,145.4545,0.0000,98.7683,101.8182,109.0909,116.3636,123.6364,130.9091,145.4545,93.4615,111.8900,145.4500,,21.000,41,5.9,41,,,,,False,False,No,Weightlifting,Weight Plates,SNAP,4420,5420,,,,,,No,Yes,No,Yes,Yes,KG
SWWPOU07,Olympic Urethane Weight Plates (3 Grip) - 25kg,,SWWPOU07,KG,,,,,,Order Quantity,Order Quantity,,,,80.3643,,,181.8182,0.0000,123.4604,127.2727,136.3636,145.4545,154.5455,163.6364,181.8182,116.8269,139.8600,181.8200,,26.000,43.5,6.1,43.5,,,,,False,False,No,Weightlifting,Weight Plates,SNAP,4420,5420,,,,,,No,Yes,No,Yes,Yes,KG
