issue,code,product,site_price,erp_price_inc_gst,stock,erp_group,detail
not-listed,AEBXACC02,Storage Bin (Aqua Colour),,17.50,8,Equipment Storage,"In stock in Unleashed, on no page of the site"
not-listed,ASLBACC01,Slant Board,,,6,Weightlifting,"In stock in Unleashed, on no page of the site"
not-listed,ACSTAR02,Ski Trainer Elite,,,5,Cardio,"In stock in Unleashed, on no page of the site"
not-listed,AWBBOL01,Olympic Hex Deadlift Barbell (400mm Loadable Sleeves),,197.50,4,Weightlifting,"In stock in Unleashed, on no page of the site"
not-listed,ACBIAR03,Air Plus Expert Bike (Including Smart Connect Console),,1099.50,3,Cardio,"In stock in Unleashed, on no page of the site"
not-listed,AFATSY01,Artificial Turf Blue With 3 White Lines (1.7m x 10m),,,3,Flooring,"In stock in Unleashed, on no page of the site"
not-listed,ACBIAR05,Spin Bike (Including Smart Connect Console),,999.50,2,Cardio,"In stock in Unleashed, on no page of the site"
not-listed,ACTMSP02,Resistance Treadmill (Including Smart Connect Console),,3794.50,1,Cardio,"In stock in Unleashed, on no page of the site"
not-listed,AEWMMA01,Exercise Mat Hanging Rack (Wall Mounted),,,1,Equipment Storage,"In stock in Unleashed, on no page of the site"
not-listed,AWWLACC01,Barbell Squat Pad,,,1,Weightlifting,"In stock in Unleashed, on no page of the site"
dearer-than-erp,ABRPBA01,Knitted Resistance Bands (Set of 3),16.50,15.00,13,Body Weight,Clearance price is $1.50 ABOVE the current ERP price
no-erp-price,ABPBSB06,"Plyometric Foam Stacker Box- 24""",280.00,,11,Body Weight,Selling at the frozen snapshot price; Unleashed has no sell price
phantom-size,AMDBRH03,Rubber Hex Dumbbells,,,,,Size listed under AMDBRH but no such code in Unleashed
phantom-size,AMDBRH09,Rubber Hex Dumbbells,,,,,Size listed under AMDBRH but no such code in Unleashed
phantom-size,AMDBRH17,Rubber Hex Dumbbells,,,,,Size listed under AMDBRH but no such code in Unleashed
phantom-size,AMDBRH24,Rubber Hex Dumbbells,,,,,Size listed under AMDBRH but no such code in Unleashed
