"Kind","Product Code","Name","Group","Fields","ERP W","ERP H","ERP D","ERP kg","Store W","Store H","Store D","Store kg"
"suspect-store-value","SLLE2502","LED Dimmers","Lighting","","","","","","0.3","0.001","0.3","0.5"
"needs-measuring","ABRMRL03","Foam Roller - 45cm (Black)","Body Weight","","0","0","0","0","","","",""
"needs-measuring","ABRPPO03","Power Bands - 13mm (Red)","Body Weight","","0","0","0","0","","","",""
"needs-measuring","ABRPPO04","Power Bands - 21mm (Green)","Body Weight","","0","0","0","0","","","",""
"needs-measuring","ABRPPO05","Power Bands - 32mm (Orange)","Body Weight","","0","0","0","0","","","",""
"needs-measuring","ABRPPO06","Power Bands - 45mm (Blue)","Body Weight","","0","0","0","0","","","",""
"needs-measuring","ABRPPO07","Power Bands - 64mm (Purple)","Body Weight","","0","0","0","0","","","",""
"needs-measuring","ABRPPO08","Power Bands - 83mm (Black)","Body Weight","","0","0","0","0","","","",""
"needs-measuring","ABSADO01","Station Markers (Set of 96) - Numbers","Body Weight","","0","0","0","0","","","",""
"needs-measuring","ABSADO02","Station Markers (Set of 15) - Boost","Body Weight","","0","0","0","0","","","",""
"needs-measuring","ABSADO03","Station Markers (Set of 15) - Rep","Body Weight","","0","0","0","0","","","",""
"needs-measuring","ABSADO04","Station Markers (Set of 15) - Neural","Body Weight","","0","0","0","0","","","",""
"needs-measuring","ABSADO05","Station Markers (Set of 15) - Form","Body Weight","","0","0","0","0","","","",""
"needs-measuring","ABSADO06","Station Markers (Set of 15) - Hero","Body Weight","","0","0","0","0","","","",""
"needs-measuring","ABSADO07","Station Markers (Set of 15) - Functional","Body Weight","","0","0","0","0","","","",""
"needs-measuring","ABSADO08","Station Markers (Set of 15) - Sherpa","Body Weight","","0","0","0","0","","","",""
"needs-measuring","ACBIAR03","Air Plus Expert Bike (Including Smart Connect Console)","Cardio","","0","0","0","0","","","",""
"needs-measuring","ACBIAR05","Spin Bike (Including Smart Connect Console)","Cardio","","0","0","0","0","","","",""
"needs-measuring","ACSTAR02","Ski Trainer Elite","Cardio","","0","0","0","0","","","",""
"needs-measuring","ACTMSP02","Resistance Treadmill (Including Smart Connect Console)","Cardio","","0","0","0","0","","","",""
"needs-measuring","AEBXACC02","Storage Bin (Aqua Colour)","Equipment Storage","","0","0","0","0","","","",""
"needs-measuring","AEWMMA01","Exercise Mat Hanging Rack (Wall Mounted)","Equipment Storage","","0","0","0","0","","","",""
"needs-measuring","AFATSY01","Artificial Turf Blue With 3 White Lines (1.7m x 10m)","Flooring","","0","0","0","0","","","",""
"needs-measuring","AFATSY02","Artificial Turf Blue With White Line (2m x 15m)","Flooring","","0","0","0","0","","","",""
"needs-measuring","AMBXG01","Cotton Inners (Fingerless, 100 Pair)","Mixed Implements","","0","0","0","0","","","",""
"needs-measuring","AMBXSY01","Focus Pads","Mixed Implements","","0","0","0","0","","","",""
"needs-measuring","AMDBRH01","Rubber Hex Dumbbell - 1kg","Mixed Implements","","0","0","0","2","","","",""
"needs-measuring","AMDBRH02","Rubber Hex Dumbbell - 2kg","Mixed Implements","","0","0","0","3","","","",""
"needs-measuring","AMDBRH04","Rubber Hex Dumbbell - 3kg","Mixed Implements","","0","0","0","4","","","",""
"needs-measuring","AMDBRH05","Rubber Hex Dumbbell - 4kg","Mixed Implements","","0","0","0","5","","","",""
"needs-measuring","AMDBRH06","Rubber Hex Dumbbell - 5kg","Mixed Implements","","0","0","0","6","","","",""
"needs-measuring","AMDBRH07","Rubber Hex Dumbbell - 6kg","Mixed Implements","","0","0","0","7","","","",""
"needs-measuring","AMDBRH08","Rubber Hex Dumbbell - 7kg","Mixed Implements","","0","0","0","8","","","",""
"needs-measuring","AMDBRH10","Rubber Hex Dumbbell - 8kg","Mixed Implements","","0","0","0","9","","","",""
"needs-measuring","AMDBRH11","Rubber Hex Dumbbell - 9kg","Mixed Implements","","0","0","0","10","","","",""
"needs-measuring","AMDBRH12","Rubber Hex Dumbbell - 10kg","Mixed Implements","","0","0","0","11","","","",""
"needs-measuring","AMDBRH13","Rubber Hex Dumbbell - 12.5kg","Mixed Implements","","0","0","0","14","","","",""
"needs-measuring","AMDBRH14","Rubber Hex Dumbbell - 15kg","Mixed Implements","","0","0","0","16","","","",""
"needs-measuring","AMDBRH15","Rubber Hex Dumbbell - 17.5kg","Mixed Implements","","0","0","0","19","","","",""
"needs-measuring","AMDBRH16","Rubber Hex Dumbbell - 20kg","Mixed Implements","","0","0","0","21","","","",""
"needs-measuring","AMDBRH18","Rubber Hex Dumbbell - 25kg","Mixed Implements","","0","0","0","26","","","",""
"needs-measuring","AMDBRH20","Rubber Hex Dumbbell - 30kg","Mixed Implements","","0","0","0","31","","","",""
"needs-measuring","AMDBRH22","Rubber Hex Dumbbell - 35kg","Mixed Implements","","0","0","0","36","","","",""
"needs-measuring","ASLBACC01","Slant Board","Weightlifting","","0","0","0","0","","","",""
"needs-measuring","AWBBOL01","Olympic Hex Deadlift Barbell (400mm Loadable Sleeves)","Weightlifting","","0","0","0","0","","","",""
"needs-measuring","AWBBOL04","Olympic Barbell - 20kg (2000Lb Capacity)","Weightlifting","","0","0","0","0","","","",""
"needs-measuring","AWWLACC01","Barbell Squat Pad","Weightlifting","","0","0","0","0","","","",""
"needs-measuring","C2BIKEERG","CONCEPT 2 - Bike Erg with PM5 Monitor","Cardio","","0","0","0","0","","","",""
"needs-measuring","C2ROWERG","CONCEPT 2 - Row Erg with Standard Legs","Cardio","","0","0","0","0","","","",""
"needs-measuring","C2SKIERG","CONCEPT 2 - Ski Erg with PM5","Cardio","","0","0","0","0","","","",""
"needs-measuring","C2SKIERGFS","CONCEPT 2 - Ski Erg Floor Stand","Cardio","","0","0","0","0","","","",""
"needs-measuring","CL-IFLP3","Leg Attachment (for home gym)","Clearance","","0","0","0","0","","","",""
"needs-measuring","CL-MFRFB01","Commercial Rubber Tiles (Premium)","Flooring","","0","0","0","0","","","",""
"needs-measuring","CUSTOM01","Custom - Olympic Urethane Weight Plates (4 Grip) - Mold (per size)","Other Costs","","0","0","0","0","","","",""
"needs-measuring","CUSTOM02","Custom - Olympic Urethane Weight Plates (3 Grip) - Laser (per size)","Other Costs","","0","0","0","0","","","",""
"needs-measuring","CUSTOM03","Custom - Olympic Premium Weight Plates (3 Grip) - Mold (per size)","Other Costs","","0","0","0","0","","","",""
"needs-measuring","CUSTOM04","Custom - Pro Bumper Plates - Mold (per size)","Other Costs","","0","0","0","0","","","",""
"needs-measuring","CUSTOM05","Custom - Competition Bumper Plates - Mold (per size)","Other Costs","","0","0","0","0","","","",""
"needs-measuring","CUSTOM06","Custom - Competition Bumper Plates - Laser (per size)","Other Costs","","0","0","0","0","","","",""
"needs-measuring","CUSTOM07","Custom - Change Plates - Mold (per size)","Other Costs","","0","0","0","0","","","",""
"needs-measuring","CUSTOM08","Custom - Change Plates - Laser (per size)","Other Costs","","0","0","0","0","","","",""
"needs-measuring","CUSTOM09","Custom - Urethane Fixed Dumbbells (Pair) - Mold (per size)","Other Costs","","0","0","0","0","","","",""
"needs-measuring","CUSTOM10","Custom - Urethane Fixed Dumbbells (Pair) - PVC (per size)","Other Costs","","0","0","0","0","","","",""
"needs-measuring","CUSTOM11","Custom - Rubber Fixed Barbells - Mold (per size)","Other Costs","","0","0","0","0","","","",""
"needs-measuring","CUSTOM12","Custom - Urethane Competition Kettlebell - PVC (per size)","Other Costs","","0","0","0","0","","","",""
"needs-measuring","CUSTOM13","Custom - Steel Competition Kettlebell - MOLD (per size)","Other Costs","","0","0","0","0","","","",""
"needs-measuring","CUSTOM14","Custom - Group Fitness Step - Mold (per size)","Other Costs","","0","0","0","0","","","",""
"needs-measuring","CUSTOM15","Custom - Medicine Ball - Print (per size)","Other Costs","","0","0","0","0","","","",""
"needs-measuring","CUSTOM16","Custom - Dead Ball - Print (per size)","Other Costs","","0","0","0","0","","","",""
"needs-measuring","CUSTOM17","Custom - High Grip Dead Ball - Print (per size)","Other Costs","","0","0","0","0","","","",""
"needs-measuring","CUSTOM18","Custom - Premium Rubber Hex Dumbbell - Mold (per size)","Other Costs","","0","0","0","0","","","",""
"needs-measuring","CUSTOM19","Custom - Olympic Barbells - Mold (per size)","Other Costs","","0","0","0","0","","","",""
"needs-measuring","FBRMRL09","Foam Roller Storage Rack (Wall Mounted)","Equipment Storage","","1","0.74","0.66","0","","","",""
"needs-measuring","FMDBUR18","Urethane Fixed Dumbbells (Pair) - 5kg","Mixed Implements","","0","0","0","0","","","",""
"needs-measuring","FMDBUR19","Urethane Fixed Dumbbells (Pair) - 7.5kg","Mixed Implements","","0","0","0","0","","","",""
"needs-measuring","FMDBUR20","Urethane Fixed Dumbbells (Pair) - 1kg","Mixed Implements","","0","0","0","0","","","",""
"needs-measuring","FMDBUR21","Urethane Fixed Dumbbells (Pair) - 2kg","Mixed Implements","","0","0","0","0","","","",""
"needs-measuring","FMDBUR22","Urethane Fixed Dumbbells (Pair) - 3kg","Mixed Implements","","0","0","0","0","","","",""
"needs-measuring","FMDBUR23","Urethane Fixed Dumbbells (Pair) - 4kg","Mixed Implements","","0","0","0","0","","","",""
"needs-measuring","FMDBUR25","Urethane Fixed Dumbbells (Pair) - 6kg","Mixed Implements","","0","0","0","0","","","",""
"needs-measuring","FMDBUR26","Urethane Fixed Dumbbells (Pair) - 7kg","Mixed Implements","","0","0","0","0","","","",""
"needs-measuring","FMDBUR27","Urethane Fixed Dumbbells (Pair) - 8kg","Mixed Implements","","0","0","0","0","","","",""
"needs-measuring","FMDBUR28","Urethane Fixed Dumbbells (Pair) - 9kg","Mixed Implements","","0","0","0","0","","","",""
"needs-measuring","FSFTSFS02","Functional Training System 2.0 (Pink Accessories)","Rigs & Racks","","0","0","0","0","","","",""
"needs-measuring","FWBBFUR11","Urethane Fixed Barbells - 5kg","Weightlifting","","0","0","0","0","","","",""
"needs-measuring","FWBBFUR20","Fixed PU Curl Barbell - 5kg","Weightlifting","","0","0","0","0","","","",""
"needs-measuring","GWBBFUR11","Fixed PU Straight Barbell - 5kg","Weightlifting","","0","0","0","0","","","",""
"needs-measuring","GWBBFUR13","Fixed PU Straight Barbell - 27.5kg","Weightlifting","","0","0","0","0","","","",""
"needs-measuring","GWBBFUR14","Fixed PU Straight Barbell - 32.5kg","Weightlifting","","0","0","0","0","","","",""
"needs-measuring","GWBBFUR15","Fixed PU Straight Barbell - 37.5kg","Weightlifting","","0","0","0","0","","","",""
"needs-measuring","GWBBFUR16","Fixed PU Straight Barbell - 42.5kg","Weightlifting","","0","0","0","0","","","",""
"needs-measuring","GWBBFUR17","Fixed PU Straight Barbell - 45kg","Weightlifting","","0","0","0","0","","","",""
"needs-measuring","GWBBFUR18","Fixed PU Straight Barbell - 47.5kg","Weightlifting","","0","0","0","0","","","",""
"needs-measuring","GWBBFUR19","Fixed PU Straight Barbell - 50kg","Weightlifting","","0","0","0","0","","","",""
"needs-measuring","GWBBFUR20","Fixed PU Curl Barbell - 5kg","Weightlifting","","0","0","0","0","","","",""
"needs-measuring","GWBBFUR21","Fixed PU Curl Barbell - 7.5kg","Weightlifting","","0","0","0","0","","","",""
"needs-measuring","GWBBFUR22","Fixed PU Curl Barbell - 10kg","Weightlifting","","0","0","0","0","","","",""
"needs-measuring","GWBBFUR23","Fixed PU Curl Barbell - 12.5kg","Weightlifting","","0","0","0","0","","","",""
"needs-measuring","GWBBFUR24","Fixed PU Curl Barbell - 15kg","Weightlifting","","0","0","0","0","","","",""
"needs-measuring","GWBBFUR25","Fixed PU Curl Barbell - 17.5kg","Weightlifting","","0","0","0","0","","","",""
"needs-measuring","GWBBFUR26","Fixed PU Curl Barbell - 20kg","Weightlifting","","0","0","0","0","","","",""
"needs-measuring","GWBBFUR27","Fixed PU Curl Barbell - 22.5kg","Weightlifting","","0","0","0","0","","","",""
"needs-measuring","GWBBFUR28","Fixed PU Curl Barbell - 25kg","Weightlifting","","0","0","0","0","","","",""
"needs-measuring","GWBBFUR29","Fixed PU Curl Barbell - 27.5kg","Weightlifting","","0","0","0","0","","","",""
"needs-measuring","GWBBFUR30","Fixed PU Curl Barbell - 30kg","Weightlifting","","0","0","0","0","","","",""
"needs-measuring","GWBBFUR31","Fixed PU Curl Barbell - 32.5kg","Weightlifting","","0","0","0","0","","","",""
"needs-measuring","GWBBFUR32","Fixed PU Curl Barbell - 35kg","Weightlifting","","0","0","0","0","","","",""
"needs-measuring","GWBBFUR33","Fixed PU Curl Barbell - 37.5kg","Weightlifting","","0","0","0","0","","","",""
"needs-measuring","GWBBFUR34","Fixed PU Curl Barbell - 40kg","Weightlifting","","0","0","0","0","","","",""
"needs-measuring","GWBBFUR35","Fixed PU Curl Barbell - 42.5kg","Weightlifting","","0","0","0","0","","","",""
"needs-measuring","GWBBFUR36","Fixed PU Curl Barbell - 45kg","Weightlifting","","0","0","0","0","","","",""
"needs-measuring","GWBBFUR37","Fixed PU Curl Barbell - 47.5kg","Weightlifting","","0","0","0","0","","","",""
"needs-measuring","GWBBFUR38","Fixed PU Curl Barbell - 50kg","Weightlifting","","0","0","0","0","","","",""
"needs-measuring","GWWPCNB06","Pro Bumper Plates - 5kg","Weightlifting","","0","0","0","0","","","",""
"needs-measuring","GWWPCNB07","Pro Bumper Plates - 10kg","Weightlifting","","0","0","0","0","","","",""
"needs-measuring","GWWPCNB08","Pro Bumper Plates - 15kg","Weightlifting","","0","0","0","0","","","",""
"needs-measuring","GWWPCNB09","Pro Bumper Plates - 20kg","Weightlifting","","0","0","0","0","","","",""
"needs-measuring","GWWPCNB10","Pro Bumper Plates - 25kg","Weightlifting","","0","0","0","0","","","",""
"needs-measuring","GWWPOU08","Olympic PU Weight Plates (4 Grip) - 1.25kg","Weightlifting","","0","0","0","0","","","",""
"needs-measuring","GWWPOU09","Olympic PU Weight Plates (4 Grip) - 10kg","Weightlifting","","0","0","0","0","","","",""
"needs-measuring","GWWPOU10","Olympic PU Weight Plates (4 Grip) - 15kg","Weightlifting","","0","0","0","0","","","",""
"needs-measuring","GWWPOU11","Olympic PU Weight Plates (4 Grip) - 2.5kg","Weightlifting","","0","0","0","0","","","",""
"needs-measuring","GWWPOU12","Olympic PU Weight Plates (4 Grip) - 20kg","Weightlifting","","0","0","0","0","","","",""
"needs-measuring","GWWPOU13","Olympic PU Weight Plates (4 Grip) - 25kg","Weightlifting","","0","0","0","0","","","",""
"needs-measuring","GWWPOU14","Olympic PU Weight Plates (4 Grip) - 5kg","Weightlifting","","0","0","0","0","","","",""
"needs-measuring","HMDBRH06","Rubber Hex Dumbbell - 5kg","Mixed Implements","","0","0","0","0","","","",""
"needs-measuring","HMDBRH13","Rubber Hex Dumbbell - 12.5kg","Mixed Implements","","0","0","0","0","","","",""
"needs-measuring","HSBTFW01","Seated Preacher Curl Bench","Strength","","0","0","0","0","","","",""
"needs-measuring","HSCMDU01","Functional Trainer (220LBS*2)","Strength","","0","0","0","0","","","",""
"needs-measuring","HSCMSE01","Functional Trainer","Strength","","0","0","0","0","","","",""
"needs-measuring","HSLBPL01","Seated Calf Raise Machine","Strength","","0","0","0","0","","","",""
"needs-measuring","HWWPOR06","Olympic Rubber Weight Plates (3 Grip) - 20kg","Weightlifting","","0","0","0","0","","","",""
"needs-measuring","MAAACO01","Sweat Towel","Apparel","","0.04","0.08","0","0","","","",""
"needs-measuring","MAAAU01","Trucker Hat","Apparel","","0","0","0","0","","","",""
"needs-measuring","MAAAU02","Train Cap","Apparel","","0","0","0","0","","","",""
"needs-measuring","MAAAU03","Socks","Apparel","","0","0","0","0","","","",""
"needs-measuring","MAACU01L","Sweatshirt (Unisex) (L)","Apparel","","0","0","0","0","","","",""
"needs-measuring","MAACU01M","Sweatshirt (Unisex) (M)","Apparel","","0","0","0","0","","","",""
"needs-measuring","MAACU01S","Sweatshirt (Unisex) (S)","Apparel","","0","0","0","0","","","",""
"needs-measuring","MAACU01XL","Sweatshirt (Unisex) (XL)","Apparel","","0","0","0","0","","","",""
"needs-measuring","MAACU02L","Oversized Hoodie (Unisex) (L)","Apparel","","0","0","0","0","","","",""
"needs-measuring","MAACU02-L","Oversized Hoodie (L)","Apparel","","0","0","0","0","","","",""
"needs-measuring","MAACU02M","Oversized Hoodie (Unisex) (M)","Apparel","","0","0","0","0","","","",""
"needs-measuring","MAACU02-M","Oversized Hoodie (M)","Apparel","","0","0","0","0","","","",""
"needs-measuring","MAACU02S","Oversized Hoodie (Unisex) (S)","Apparel","","0","0","0","0","","","",""
"needs-measuring","MAACU02-S","Oversized Hoodie (S)","Apparel","","0","0","0","0","","","",""
"needs-measuring","MAACU02XL","Oversized Hoodie (Unisex) (XL)","Apparel","","0","0","0","0","","","",""
"needs-measuring","MAACU02-XL","Oversided Hoodie (XL)","Apparel","","0","0","0","0","","","",""
"needs-measuring","MAACU03L","Oversized Tee (Unisex) (L)","Apparel","","0","0","0","0","","","",""
"needs-measuring","MAACU03M","Oversized Tee (Unisex) (M)","Apparel","","0","0","0","0","","","",""
"needs-measuring","MAACU03S","Oversized Tee (Unisex) (S)","Apparel","","0","0","0","0","","","",""
"needs-measuring","MAACU03XL","Oversized Tee (Unisex) (XL)","Apparel","","0","0","0","0","","","",""
"needs-measuring","MAACU04L","Long Sleeve Tee (Unisex) (L)","Apparel","","0","0","0","0","","","",""
"needs-measuring","MAACU04M","Long Sleeve Tee (Unisex) (M)","Apparel","","0","0","0","0","","","",""
"needs-measuring","MAACU04S","Long Sleeve Tee (Unisex) (S)","Apparel","","0","0","0","0","","","",""
"needs-measuring","MAACU04XL","Long Sleeve Tee (Unisex) (XL)","Apparel","","0","0","0","0","","","",""
"needs-measuring","MAACU05L","Short Sleeve Tee (Male) (L)","Apparel","","0","0","0","0","","","",""
"needs-measuring","MAACU05M","Short Sleeve Tee (Male) (M)","Apparel","","0","0","0","0","","","",""
"needs-measuring","MAACU05S","Short Sleeve Tee (Male) (S)","Apparel","","0","0","0","0","","","",""
"needs-measuring","MAACU05XL","Short Sleeve Tee (Male) (XL)","Apparel","","0","0","0","0","","","",""
"needs-measuring","MAACU06L","Training Shorts - 7"" (Male) (L)","Apparel","","0","0","0","0","","","",""
"needs-measuring","MAACU06M","Training Shorts - 7"" (Male) (M)","Apparel","","0","0","0","0","","","",""
"needs-measuring","MAACU06S","Training Shorts - 7"" (Male) (S)","Apparel","","0","0","0","0","","","",""
"needs-measuring","MAACU06XL","Training Shorts - 7"" (Male) (XL)","Apparel","","0","0","0","0","","","",""
"needs-measuring","MAACU07L","Short Sleeve Polo (Male) (L)","Apparel","","0","0","0","0","","","",""
"needs-measuring","MAACU07M","Short Sleeve Polo (Male) (M)","Apparel","","0","0","0","0","","","",""
"needs-measuring","MAACU07S","Short Sleeve Polo (Male) (S)","Apparel","","0","0","0","0","","","",""
"needs-measuring","MAACU07XL","Short Sleeve Polo (Male) (XL)","Apparel","","0","0","0","0","","","",""
"needs-measuring","MAACU08L","Tank (Male) (L)","Apparel","","0","0","0","0","","","",""
"needs-measuring","MAACU08M","Tank (Male) (M)","Apparel","","0","0","0","0","","","",""
"needs-measuring","MAACU08S","Tank (Male) (S)","Apparel","","0","0","0","0","","","",""
"needs-measuring","MAACU08XL","Tank (Male) (XL)","Apparel","","0","0","0","0","","","",""
"needs-measuring","MAACU09L","High Rise Leggings (Woman) (L)","Apparel","","0","0","0","0","","","",""
"needs-measuring","MAACU09M","High Rise Leggings (Woman) (M)","Apparel","","0","0","0","0","","","",""
"needs-measuring","MAACU09S","High Rise Leggings (Woman) (S)","Apparel","","0","0","0","0","","","",""
"needs-measuring","MAACU09XL","High Rise Leggings (Woman) (XL)","Apparel","","0","0","0","0","","","",""
"needs-measuring","MAACU10L","Relaxed Short Sleeve Tee (Woman) (L)","Apparel","","0","0","0","0","","","",""
"needs-measuring","MAACU10M","Relaxed Short Sleeve Tee (Woman) (M)","Apparel","","0","0","0","0","","","",""
"needs-measuring","MAACU10S","Relaxed Short Sleeve Tee (Woman) (S)","Apparel","","0","0","0","0","","","",""
"needs-measuring","MAACU10XL","Relaxed Short Sleeve Tee (Woman) (XL)","Apparel","","0","0","0","0","","","",""
"needs-measuring","MAACU11L","Tank (Woman) (L)","Apparel","","0","0","0","0","","","",""
"needs-measuring","MAACU11M","Tank (Woman) (M)","Apparel","","0","0","0","0","","","",""
"needs-measuring","MAACU11S","Tank (Woman) (S)","Apparel","","0","0","0","0","","","",""
"needs-measuring","MAACU11XL","Tank (Woman) (XL)","Apparel","","0","0","0","0","","","",""
"needs-measuring","MAACU12L","Sports Bra (Woman) (L)","Apparel","","0","0","0","0","","","",""
"needs-measuring","MAACU12M","Sports Bra (Woman) (S)","Apparel","","0","0","0","0","","","",""
"needs-measuring","MAACU12S","Sports Bra (Woman) (S)","Apparel","","0","0","0","0","","","",""
"needs-measuring","MAACU12XL","Sports Bra (Woman) (XL)","Apparel","","0","0","0","0","","","",""
"needs-measuring","MBCT5501","Fitness Ball - 55cm (Anti-Burst)","Body Weight","","0","0","0","0","","","",""
"needs-measuring","MBCT6501","Fitness Ball - 65cm (Anti-Burst)","Body Weight","","0","0","0","0","","","",""
"needs-measuring","MBCT7501","Fitness Ball - 75cm (Anti-Burst)","Body Weight","","0","0","0","0","","","",""
"needs-measuring","MBCTDR02","Core Trainer (Landmine) With T Bar Handle","Body Weight","","0","0","0","0","","","",""
"needs-measuring","MBGFSTP01","Group Fitness Step (Adjustable)","Mixed Implements","","0","0","0","0","","","",""
"needs-measuring","MBGFSTP03","Group Fitness Step (6 Risers)","Mixed Implements","","0","0","0","0","","","",""
"needs-measuring","MBPAMA01","EVA Exercise Mat (Set of 10)","Body Weight","","0","0","0","0","","","",""
"needs-measuring","MBPB3I103","3-In-1 Foam Plyometric Box - 21kg","Body Weight","","0","0","0","0","","","",""
"needs-measuring","MBRMRL04","Foam Roller - 32cm (Trigger Point)","Body Weight","","0","0","0","0","","","",""
"needs-measuring","MBRMRL09","Massage Rolling Machine","Body Weight","","0","0","0","0","","","",""
"needs-measuring","MBRPBA02","Power Bands (Pack of 4)","Body Weight","","0","0","0","0","","","",""
"needs-measuring","MBRPBA03","Power Bands (Pack of 8)","Body Weight","","0","0","0","0","","","",""
"needs-measuring","MBRPPO03","Micro Bands - Heavy","Body Weight","","0","0","0","0","","","",""
"needs-measuring","MBRPPO04","Micro Bands - X Heavy","Body Weight","","0","0","0","0","","","",""
"needs-measuring","MBRPPO05","Micro Bands - XX Heavy","Body Weight","","0","0","0","0","","","",""
"needs-measuring","MBRPPO06","Power Bands - 13mm (Red)","Body Weight","","0","0","0","0","","","",""
"needs-measuring","MBRPPO07","Power Bands - 21mm (Grey)","Body Weight","","0","0","0","0","","","",""
"needs-measuring","MBRPPO08","Power Bands - 32mm (Black)","Body Weight","","0","0","0","0","","","",""
"needs-measuring","MBSADO01","Agility Dots (Set of 5)","Body Weight","","0","0","0","0","","","",""
"needs-measuring","MBSADO03","Station Markets (Set of 20)","Body Weight","","0","0","0","0","","","",""
"needs-measuring","MBSAROL01","Speed Rope (Elite)","Body Weight","","0","0","0","0","","","",""
"needs-measuring","MCBIMG01","Performance Indoor Cycle","Cardio","","0","0","0","0","","","",""
"needs-measuring","MCRFAL01","Performance Reformer","Cardio","","0","0","0","0","","","",""
"needs-measuring","MCRFWO01","Studio Reformer","Cardio","","0","0","0","0","","","",""
"needs-measuring","MCSTACC01","Ski Trainer Floor Stand","Cardio","","0","0","0","0","","","",""
"needs-measuring","MEFMOD03","Modular Storage Rack (Complete)","Equipment Storage","","0","0","0","0","","","",""
"needs-measuring","MEFRBB06","Barbell Storage Box (12 Bar Holder)","Equipment Storage","","0","0","0","0","","","",""
"needs-measuring","MEFRST01","Power Bag Storage Rack - 5 Bag","Storage","","0","0","0","0","","","",""
"needs-measuring","MEFSACC01","Modular Storage Rack (Kettlebells, Dumbbells) - HD 2 Tier","Equipment Storage","","0","0","0","0","","","",""
"needs-measuring","MEFSBB04","Barbell Storage Box","Equipment Storage","","0","0","0","0","","","",""
"needs-measuring","MEFSBL01","Medicine Ball Rack - 10 Ball (Double Sided)","Equipment Storage","","0","0","0","0","","","",""
"needs-measuring","MEFSBL03","Medicine Ball Rack - 5 Ball (Single Sided)","Equipment Storage","","0","0","0","0","","","",""
"needs-measuring","MEFSDB01","Vertical Dumbbell Rack - 10 Pair (Single Sided) 1.0","Equipment Storage","","0","0","0","0","","","",""
"needs-measuring","MEFSDB06","Vertical Dumbbell Rack - Portable (Four Sided)","Equipment Storage","","0","0","0","0","","","",""
"needs-measuring","MEFSKB01","Kettlebell Rack (2 Tier) 2.0","Equipment Storage","","0","0","0","0","","","",""
"needs-measuring","MEFSOP01","Olympic Plate Toaster Rack Portable","Equipment Storage","","0","0","0","0","","","",""
"needs-measuring","MEFSPS01","Group Fitness Barbell Set Rack","Equipment Storage","","0","0","0","0","","","",""
"needs-measuring","MERK153001","Retail Rack","Equipment Storage","","0","0","0","0","","","",""
"needs-measuring","MEWMMA 01","Wall Mounted-Exercise Mat Hanging Rack","Equipment Storage","","0","0","0","0","","","",""
"needs-measuring","MEWMRO 01","Wall Mounted-Battle Rope Storage","Equipment Storage","","0","0","0","0","","","",""
"needs-measuring","MEWMRO 02","Wall Mounted-Rope & Band Rack","Equipment Storage","","0","0","0","0","","","",""
"needs-measuring","MEWMRO02","Rope & Band Rack (Wall Mounted)","Equipment Storage","","0","0","0","0","","","",""
"needs-measuring","MEWMRO02-S","Wall Mounted-Rope & Band Rack-SMALL","Equipment Storage","","0","0","0","0","","","",""
"needs-measuring","MEWMST17","Battle Rope Storage (Wall Mounted)","Equipment Storage","","0","0","0","0","","","",""
"needs-measuring","MFATSY04","Artificial Turf Black (2m x 20m)","Flooring","","0","0","0","0","","","",""
"needs-measuring","MFRFRR01","Impact-Lock Rubber Tiles - 20mm","Flooring","","0","0","0","0","","","",""
"needs-measuring","MFRFRR03","Impact-Lock Rubber Tiles - 30mm","Flooring","","0","0","0","0","","","",""
"needs-measuring","MKCON","Mix Container Fee","Other Costs","","0","0","0","0","","","",""
"needs-measuring","MKCUS","Customisation","Other Costs","","0","0","0","0","","","",""
"needs-measuring","MKDEC","Digital Decal","Other Costs","","0","0","0","0","","","",""
"needs-measuring","MKDEL","Delivery","Other Costs","","0","0","0","0","","","",""
"needs-measuring","MKDIA","Delivery & Instalation","Other Costs","","0","0","0","0","","","",""
"needs-measuring","MKDISC","Customer Discount","Other Costs","","0","0","0","0","","","",""
"needs-measuring","MKFDA","Freight & Delivery Allowance","Other Costs","","0","0","0","0","","","",""
"needs-measuring","MKFR","Freight - Local","Other Costs","","0","0","0","0","","","",""
"needs-measuring","MKINS","Installation","Other Costs","","0","0","0","0","","","",""
"needs-measuring","MKLTCL","LTCL Fee","Other Costs","","0","0","0","0","","","",""
"needs-measuring","MKMOLD","Mold Costs","Other Costs","","0","0","0","0","","","",""
"needs-measuring","MK-OLYPBAR20-700","Olympic Power Bar-20kg (2200mm, 700lb Capacity)","Clearance","","0","0","0","0","","","",""
"needs-measuring","MKPAL","Fumigated Pallet","Other Costs","","0","0","0","0","","","",""
"needs-measuring","MKSAM","Samples","Other Costs","","0","0","0","0","","","",""
"needs-measuring","MKSTO","Storage & Handling","Other Costs","","0","0","0","0","","","",""
"needs-measuring","MKSUPP","Supplier Discount","Other Costs","","0","0","0","0","","","",""
"needs-measuring","MKVA","Value Add","Other Costs","","0","0","0","0","","","",""
"needs-measuring","MMBRNC02","Climbing Rope - 7m","Mixed Implements","","0","0","0","0","","","",""
"needs-measuring","MMBXG01","Cotton Inners","Mixed Implements","","0","0","0","0","","","",""
"needs-measuring","MMDBCE01","Chrome  Dumbbell Set (1kg-10kg Pairs)","Mixed Implements","","0","0","0","0","","","",""
"needs-measuring","MMDBOH01","Olympic Dumbbell Handles (Pair)","Mixed Implements","","0","0","0","0","","","",""
"needs-measuring","MMDBPRH01","Premium Rubber Hex Dumbbell - 1kg","Mixed Implements","","0","1.25","1.4","2","","","",""
"needs-measuring","MMDBPRH02","Premium Rubber Hex Dumbbell - 2kg","Mixed Implements","","0","1.25","1.4","3","","","",""
"needs-measuring","MMDBPRH04","Premium Rubber Hex Dumbbell - 3kg","Mixed Implements","","0","1.25","1.4","4","","","",""
"needs-measuring","MMDBPRH05","Premium Rubber Hex Dumbbell - 4kg","Mixed Implements","","0","1.25","1.4","5","","","",""
"needs-measuring","MMDBPRH06","Premium Rubber Hex Dumbbell - 5kg","Mixed Implements","","0","9.5","10.9","6","","","",""
"needs-measuring","MMDBPRH07","Premium Rubber Hex Dumbbell - 6kg","Mixed Implements","","0","1.25","1.4","7","","","",""
"needs-measuring","MMDBPRH08","Premium Rubber Hex Dumbbell - 7kg","Mixed Implements","","0","1.25","1.4","8","","","",""
"needs-measuring","MMDBPRH10","Premium Rubber Hex Dumbbell - 8kg","Mixed Implements","","0","1.25","1.4","9","","","",""
"needs-measuring","MMDBPRH11","Premium Rubber Hex Dumbbell - 9kg","Mixed Implements","","0","1.25","1.4","10","","","",""
"needs-measuring","MMDBPRH12","Premium Rubber Hex Dumbbell - 10kg","Mixed Implements","","0","12.5","14","11","","","",""
"needs-measuring","MMDBPRH13","Premium Rubber Hex Dumbbell - 12.5kg","Mixed Implements","","0","13","13.8","14","","","",""
"needs-measuring","MMDBPRH14","Premium Rubber Hex Dumbbell - 15kg","Mixed Implements","","0","13.4","15.4","16","","","",""
"needs-measuring","MMDBPRH15","Premium Rubber Hex Dumbbell - 17.5kg","Mixed Implements","","0","14.4","16.4","19","","","",""
"needs-measuring","MMDBPRH16","Premium Rubber Hex Dumbbell - 20kg","Mixed Implements","","0","14.6","16.7","21","","","",""
"needs-measuring","MMDBPRH17","Premium Rubber Hex Dumbbell - 22.5kg","Mixed Implements","","0","15.5","17.6","24","","","",""
"needs-measuring","MMDBPRH18","Premium Rubber Hex Dumbbell - 25kg","Mixed Implements","","0","15.9","18","26","","","",""
"needs-measuring","MMDBPRH19","Premium Rubber Hex Dumbbell - 27.5kg","Mixed Implements","","0","16.3","19","29","","","",""
"needs-measuring","MMDBPRH20","Premium Rubber Hex Dumbbell - 30kg","Mixed Implements","","0","16.8","19.1","31","","","",""
"needs-measuring","MMDBPRH21","Premium Rubber Hex Dumbbell - 32.5kg","Mixed Implements","","0","17.3","19.8","34","","","",""
"needs-measuring","MMDBPRH22","Premium Rubber Hex Dumbbell - 35kg","Mixed Implements","","0","17.7","20.5","36","","","",""
"needs-measuring","MMDBPRH23","Premium Rubber Hex Dumbbell - 37.5kg","Mixed Implements","","0","18","20.9","39","","","",""
"needs-measuring","MMDBPRH24","Premium Rubber Hex Dumbbell - 40kg","Mixed Implements","","0","18.7","21.3","41","","","",""
"needs-measuring","MMDBPRH25","Premium Rubber Hex Dumbbell - 42.5kg","Mixed Implements","","0","0","0","0","","","",""
"needs-measuring","MMDBPRH26","Premium Rubber Hex Dumbbell - 45kg","Mixed Implements","","0","0","0","0","","","",""
"needs-measuring","MMDBRH01","Rubber Hex Dumbbell - 1kg","Mixed Implements","","0","0","0","2","","","",""
"needs-measuring","MMDBRH02","Rubber Hex Dumbbell - 2kg","Mixed Implements","","0","0","0","3","","","",""
"needs-measuring","MMDBRH03","Rubber Hex Dumbbell - 2.5kg","Mixed Implements","","0","0","0","4","","","",""
"needs-measuring","MMDBRH04","Rubber Hex Dumbbell - 3kg","Mixed Implements","","0","0","0","4","","","",""
"needs-measuring","MMDBRH05","Rubber Hex Dumbbell - 4kg","Mixed Implements","","0","0","0","5","","","",""
"needs-measuring","MMDBRH06","Rubber Hex Dumbbell - 5kg","Mixed Implements","","0","0","0","6","","","",""
"needs-measuring","MMDBRH07","Rubber Hex Dumbbell - 6kg","Mixed Implements","","0","0","0","7","","","",""
"needs-measuring","MMDBRH08","Rubber Hex Dumbbell - 7kg","Mixed Implements","","0","0","0","8","","","",""
"needs-measuring","MMDBRH09","Rubber Hex Dumbbell - 7.5kg","Mixed Implements","","0","0","0","9","","","",""
"needs-measuring","MMDBRH10","Rubber Hex Dumbbell - 8kg","Mixed Implements","","0","0","0","9","","","",""
"needs-measuring","MMDBRH11","Rubber Hex Dumbbell - 9kg","Mixed Implements","","0","0","0","10","","","",""
"needs-measuring","MMDBRH12","Rubber Hex Dumbbell - 10kg","Mixed Implements","","0","0","0","11","","","",""
"needs-measuring","MMDBRH13","Rubber Hex Dumbbell - 12.5kg","Mixed Implements","","0","0","0","14","","","",""
"needs-measuring","MMDBRH14","Rubber Hex Dumbbell - 15kg","Mixed Implements","","0","0","0","16","","","",""
"needs-measuring","MMDBRH15","Rubber Hex Dumbbell - 17.5kg","Mixed Implements","","0","0","0","19","","","",""
"needs-measuring","MMDBRH16","Rubber Hex Dumbbell - 20kg","Mixed Implements","","0","0","0","21","","","",""
"needs-measuring","MMDBRH17","Rubber Hex Dumbbell - 22.5kg","Mixed Implements","","0","0","0","24","","","",""
"needs-measuring","MMDBRH18","Rubber Hex Dumbbell - 25kg","Mixed Implements","","0","0","0","26","","","",""
"needs-measuring","MMDBRH19","Rubber Hex Dumbbell - 27.5kg","Mixed Implements","","0","0","0","29","","","",""
"needs-measuring","MMDBRH20","Rubber Hex Dumbbell - 30kg","Mixed Implements","","0","0","0","31","","","",""
"needs-measuring","MMDBRH21","Rubber Hex Dumbbell - 32.5kg","Mixed Implements","","0","0","0","34","","","",""
"needs-measuring","MMDBRH22","Rubber Hex Dumbbell - 35kg","Mixed Implements","","0","0","0","36","","","",""
"needs-measuring","MMDBRH23","Rubber Hex Dumbbell - 37.5kg","Mixed Implements","","0","0","0","39","","","",""
"needs-measuring","MMDBRH24","Rubber Hex Dumbbell - 40kg","Mixed Implements","","0","0","0","41","","","",""
"needs-measuring","MMDBRH25","Rubber Hex Dumbbell - 42.5kg","Mixed Implements","","0","0","0","44","","","",""
"needs-measuring","MMDBRH26","Rubber Hex Dumbbell - 45kg","Mixed Implements","","0","0","0","46","","","",""
"needs-measuring","MMDBUR18","PU Dumbbells (Pair) - 5kg","Mixed Implements","","0","0","0","0","","","",""
"needs-measuring","MMDBUR19","Urethane Fixed Dumbbells (Pair) - 7.5kg","Mixed Implements","","0","0","0","0","","","",""
"needs-measuring","MMDBUR20","PU Dumbbells (Pair) - 1kg","Mixed Implements","","0","0","0","0","","","",""
"needs-measuring","MMDBUR21","PU Dumbbells (Pair) - 2kg","Mixed Implements","","0","0","0","0","","","",""
"needs-measuring","MMDBUR22","PU Dumbbells (Pair) - 3kg","Mixed Implements","","0","0","0","0","","","",""
"needs-measuring","MMDBUR23","PU Dumbbells (Pair) - 4kg","Mixed Implements","","0","0","0","0","","","",""
"needs-measuring","MMDBUR25","PU Dumbbells (Pair) - 6kg","Mixed Implements","","0","0","0","0","","","",""
"needs-measuring","MMDBUR26","PU Dumbbells (Pair) - 7kg","Mixed Implements","","0","0","0","0","","","",""
"needs-measuring","MMDBUR27","PU Dumbbells (Pair) - 8kg","Mixed Implements","","0","0","0","0","","","",""
"needs-measuring","MMDBUR28","PU Dumbbells (Pair) - 9kg","Mixed Implements","","0","0","0","0","","","",""
"needs-measuring","MMDBUR29","PU Dumbbells (Pair) - 55kg","Mixed Implements","","0","0","0","0","","","",""
"needs-measuring","MMDBUR30","PU Dumbbells (Pair) - 60kg","Mixed Implements","","0","0","0","0","","","",""
"needs-measuring","MMDEHG09","High Grip Dead Ball - 40kg","Mixed Implements","","0","0","0","0","","","",""
"needs-measuring","MMDEHG11","High Grip Dead Ball - 50kg","Mixed Implements","","0","0","0","0","","","",""
"needs-measuring","MMDEHG16","High Grip Dead Ball - 60kg","Mixed Implements","","0","0","0","0","","","",""
"needs-measuring","MMDEHG17","High Grip Dead Ball - 70kg","Mixed Implements","","0","0","0","0","","","",""
"needs-measuring","MMGFPS02-C","Group Fitness Barbell Set-Collars (PR)","Mixed Implements","","0","0","0","0","","","",""
"needs-measuring","MMKBUR07","Urethane Competition Kettlebell - 28kg","Mixed Implements","","0","0","0","0","","","",""
"needs-measuring","MMKBUR08","Urethane Competition Kettlebell - 32kg","Mixed Implements","","0","0","0","0","","","",""
"needs-measuring","MMKBUR09","Urethane Competition Kettlebell - 36kg","Mixed Implements","","0","0","0","0","","","",""
"needs-measuring","MMKBUR10","Urethane Competition Kettlebell - 40kg","Mixed Implements","","0","0","0","0","","","",""
"needs-measuring","MMMBPR 03","Medicine Ball - 6kg","Mixed Implements","","0","0","0","0","","","",""
"needs-measuring","MMPA4BL01","Dead Balls (Set of 4) - 56kg","Packages","","0","0","0","0","","","",""
"needs-measuring","MMPA6BG01","Power Bags (Set of 6) - 105kg","Packages","","0","0","0","0","","","",""
"needs-measuring","MMPA8002","Urethane Competition Kettlebell (Set of 5) - 80kg","Packages","","0","0","0","0","","","",""
"needs-measuring","MMPAARM01","Wall Ball (Armatex) (Set of 4) - 12kg","Packages","","0","0","0","0","","","",""
"needs-measuring","MMPACE103","Chrome 110 Dumbbells (1kg-7kg Pairs)","Mixed Implements","","0","0","0","0","","","",""
"needs-measuring","MMPADB01","Rubber Hex Dumbbell (Set of 14 Pairs) - 240kg & Vertical Dumbbell Rack - Portable (Four Sided)","Packages","","0","0","0","0","","","",""
"needs-measuring","MMPAUR01","Urethane Fixed Dumbbells Set (1-10kg Pairs) & Vertical Dummbell Rack - 10 Pair (Single Sided) 1.0","Packages","","0","0","0","0","","","",""
"needs-measuring","MMPILFG01","Pilates Ring","Mixed Implements","","0","0","0","0","","","",""
"needs-measuring","MMPWPBG06","Power Bag - 5kg","Mixed Implements","","0","0","0","0","","","",""
"needs-measuring","MMPWPBG07","Power Bag - 30kg","Mixed Implements","","0","0","0","0","","","",""
"needs-measuring","MMSLSL01","Push & Pull Sled","Mixed Implements","","0","0","0","0","","","",""
"needs-measuring","MMWAARM08","Wall Ball (Armatex) - 9kg","Mixed Implements","","0","0","0","0","","","",""
"needs-measuring","MMWAARM09","Wall Ball (Armatex) -12kg","Mixed Implements","","0","0","0","0","","","",""
"needs-measuring","MRATTACC01","Storage Pin with Shoulder","Rigs & Racks","","0","0","0","0","","","",""
"needs-measuring","MRSPATT07","Rig Universal Upright - 240cm","Rigs & Racks","","0","0","0","0","","","",""
"needs-measuring","MRSPFW03","Olympic Power Rack 2.0 Weight Plate Storage Rack Only","Rigs & Racks","","0","0","0","58","","","",""
"needs-measuring","MRSPFW09","Olympic Half Rack","Strength","","0","0","0","0","","","",""
"needs-measuring","MRSPFW10","Olympic Half Rack 2.0","Rigs & Racks","","0","0","0","0","","","",""
"needs-measuring","MRSPFW11","Olympic Half Rack (Wall Mounted)","Rigs & Racks","","0","0","0","0","","","",""
"needs-measuring","MRSPFW12","Olympic Half Rack with Dead Lift","Rigs & Racks","","0","0","0","0","","","",""
"needs-measuring","MRSPFW13","Olympic Half Rack with Dual Pulley","Rigs & Racks","","0","0","0","0","","","",""
"needs-measuring","MRSPFW14","Olympic Half Rack with Dual Pulley (Wall Mounted)","Rigs & Racks","","0","0","0","0","","","",""
"needs-measuring","MRSPFW15","Olympic Power Rack 5.0","Rigs & Racks","","0","0","0","0","","","",""
"needs-measuring","MRSPFW16","Olympic Power Rack with Dual Pulley","Rigs & Racks","","0","0","0","0","","","",""
"needs-measuring","MSAMPL03","Universal Abdominal Crunch","Strength","","0","0","0","0","","","",""
"needs-measuring","MSAMPL04","Pullover","Strength","","0","0","0","0","","","",""
"needs-measuring","MSAMSE02","Abdominal Crunch","Strength","","0","0","0","0","","","",""
"needs-measuring","MSBMB01","Vertical Knee Raise & Dip","Strength","","0","0","0","0","","","",""
"needs-measuring","MSBMB02","45 Degree Hyperextension Bench","Strength","","0","0","0","0","","","",""
"needs-measuring","MSBMPL02","Low Row","Strength","","0","0","0","0","","","",""
"needs-measuring","MSBMPL03","Seal Row Bench","Strength","","0","0","0","0","","","",""
"needs-measuring","MSBMPL04","Seated Row","Strength","","0","0","0","0","","","",""
"needs-measuring","MSBMSE06","Lat Pulldown & Seated Row","Strength","","0","0","0","0","","","",""
"needs-measuring","MSBMSE07","Lat Pulldown","Strength","","0","0","0","0","","","",""
"needs-measuring","MSBMSE08","Iso-Lateral Seated Row","Strength","","0","0","0","0","","","",""
"needs-measuring","MSBTPL01","Preacher Bench","Strength","","0","0","0","0","","","",""
"needs-measuring","MSBTPL06","Biceps Curl","Strength","","0","0","0","0","","","",""
"needs-measuring","MSBTPL07","Glute & Hamstring Developer","Strength","","0","0","0","0","","","",""
"needs-measuring","MSBTSE04","Arm Curl","Strength","","0","0","0","0","","","",""
"needs-measuring","MSBTSE05","Triceps Press","Strength","","0","0","0","0","","","",""
"needs-measuring","MSCMATT01","Power Grip Cable Attachment Set (5)","Strength","","0","0","0","0","","","",""
"needs-measuring","MSCMATT02","Cable Pulley System","Strength","","0","0","0","0","","","",""
"needs-measuring","MSCMS02","Functional Trainer","Strength","","0","0","0","0","","","",""
"needs-measuring","MSCMSE01","Dual Adjustable Pulley","Strength","","0","0","0","0","","","",""
"needs-measuring","MSCMSE02","4 Stack Multi-sation","Strength","","0","0","0","0","","","",""
"needs-measuring","MSCMSE03","8 Stack Multi-sation","Strength","","0","0","0","0","","","",""
"needs-measuring","MSCMSE04","5 Stack Multi-sation","Strength","","0","0","0","0","","","",""
"needs-measuring","MSCMSE05","Hi & Low Adjustable Pulley","Strength","","0","0","0","0","","","",""
"needs-measuring","MSCMSE06","Dual-Arm Functional Trainer","Strength","","0","0","0","0","","","",""
"needs-measuring","MSCSPL02","Olympic Flat Bench","Strength","","0","0","0","0","","","",""
"needs-measuring","MSCSPL03","Olympic Incline Bench","Strength","","0","0","0","0","","","",""
"needs-measuring","MSCSPL04","Olympic Decline Bench","Strength","","0","0","0","0","","","",""
"needs-measuring","MSCSPL05","Fixed Upright Bench","Strength","","0","0","0","0","","","",""
"needs-measuring","MSCSPL07","Chest Press","Strength","","0","0","0","0","","","",""
"needs-measuring","MSCSPL08","Incline Chest Press","Strength","","0","0","0","0","","","",""
"needs-measuring","MSCSPL09","Shoulder press","Strength","","0","0","0","0","","","",""
"needs-measuring","MSCSPL10","Decline Chest Press","Strength","","0","0","0","0","","","",""
"needs-measuring","MSCSPL11","Front Pulldown","Strength","","0","0","0","0","","","",""
"needs-measuring","MSCSPL12","High Row","Strength","","0","0","0","0","","","",""
"needs-measuring","MSCSPL13","Lat Pulldown Circular","Strength","","0","0","0","0","","","",""
"needs-measuring","MSCSPL14","Universal Pulldown","Strength","","0","0","0","0","","","",""
"needs-measuring","MSCSSE06","Pec Fly & Rear Delt","Strength","","0","0","0","0","","","",""
"needs-measuring","MSCSSE08","Multi Press","Strength","","0","0","0","0","","","",""
"needs-measuring","MSCSSE09","Standing Multi Flight","Strength","","0","0","0","0","","","",""
"needs-measuring","MSFTSFS01","Functional Training System 1.0","Rigs & Racks","","0","0","0","0","","","",""
"needs-measuring","MSFTSFS02","Functional Training System 2.0","Rigs & Racks","","0","0","0","0","","","",""
"needs-measuring","MSFTSFS03","Functional Training System 3.0","Rigs & Racks","","0","0","0","0","","","",""
"needs-measuring","MSFTSFS04","Functional Training System 4.0","Rigs & Racks","","0","0","0","0","","","",""
"needs-measuring","MSFTSFS05","Functional Training System 5.0","Rigs & Racks","","0","0","0","0","","","",""
"needs-measuring","MSLBPL01","V Squat","Strength","","0","0","0","0","","","",""
"needs-measuring","MSLBPL02","Belt Squat","Strength","","0","0","0","0","","","",""
"needs-measuring","MSLBPL03","Hip Thrustor","Strength","","0","0","0","0","","","",""
"needs-measuring","MSLBPL04","Standing Hip Thurst","Strength","","0","0","0","0","","","",""
"needs-measuring","MSLBPL05","Standing Abductor","Strength","","0","0","0","0","","","",""
"needs-measuring","MSLBPL06","Reverse Hyper","Strength","","0","0","0","0","","","",""
"needs-measuring","MSLBPL07","Multi Hip Extension","Strength","","0","0","0","0","","","",""
"needs-measuring","MSLBPL08","Multi Dead Lift","Strength","","0","0","0","0","","","",""
"needs-measuring","MSLBPL12","Alternate Leg Extension Machine","Strength","","0","0","0","0","","","",""
"needs-measuring","MSLBPL17","Multi Belt Squat","Strength","","0","0","0","0","","","",""
"needs-measuring","MSLBPL18","Alternate Leg Curl","Strength","","0","0","0","0","","","",""
"needs-measuring","MSLBPL19","Seated Calf Raise","Strength","","0","0","0","0","","","",""
"needs-measuring","MSLBPL20","Linear Leg Press 45 Degrees","Strength","","0","0","0","0","","","",""
"needs-measuring","MSLBPL21","Multi Deadlift","Strength","","0","0","0","0","","","",""
"needs-measuring","MSLBPL22","Hip Thrust","Strength","","0","0","0","0","","","",""
"needs-measuring","MSLBPL23","Pendulum Squat","Strength","","0","0","0","0","","","",""
"needs-measuring","MSLBPL24","Smith Machine","Strength","","0","0","0","0","","","",""
"needs-measuring","MSLBPL26","V-Squat","Strength","","0","0","0","0","","","",""
"needs-measuring","MSLBPL27","Standing Hip Abductor","Strength","","0","0","0","0","","","",""
"needs-measuring","MSLBPL28","Standing Hip Thrust","Strength","","0","0","0","0","","","",""
"needs-measuring","MSLBPL29","Iso-Lateral Multi-Squat Lunge","Strength","","0","0","0","0","","","",""
"needs-measuring","MSLBPL30","3D Seated Abduction","Strength","","0","0","0","0","","","",""
"needs-measuring","MSLBPL31","Squat","Strength","","0","0","0","0","","","",""
"needs-measuring","MSLBPL32","Hack Squat","Strength","","0","0","0","0","","","",""
"needs-measuring","MSLBSE07","Standing Hip Thrust","Strength","","0","0","0","0","","","",""
"needs-measuring","MSLBSE10","Leg Press & Hack Squat","Strength","","0","0","0","0","","","",""
"needs-measuring","MSLBSE11","Leg Extension & Leg Curl Machine","Strength","","0","0","0","0","","","",""
"needs-measuring","MSSPFW02","Olympic Power Rack 2.0","Rigs & Racks","","0","0","0","0","","","",""
"needs-measuring","MSSPFW04","Olympic Power Rack 3.0","Rigs & Racks","","0","0","0","0","","","",""
"needs-measuring","MSSPFW05","Olympic Power Rack 4.0","Rigs & Racks","","0","0","0","0","","","",""
"needs-measuring","MSWBB03","Adjustable Utility Bench","Strength","","0","0","0","0","","","",""
"needs-measuring","MSWBB04","Flat Bench","Strength","","0","0","0","0","","","",""
"needs-measuring","MSWBB06","Olympic Incline Bench","Strength","","0","0","0","0","","","",""
"needs-measuring","MSWBB07","Olympic Decline Bench","Strength","","0","0","0","0","","","",""
"needs-measuring","MWBBFUR11","Urethane Fixed Barbells - 5kg","Weightlifting","","0","0","0","0","","","",""
"needs-measuring","MWBBFUR13","Fixed PU Straight Barbell - 27.5kg","Weightlifting","","0","0","0","0","","","",""
"needs-measuring","MWBBFUR14","Fixed PU Straight Barbell - 32.5kg","Weightlifting","","0","0","0","0","","","",""
"needs-measuring","MWBBFUR15","Fixed PU Straight Barbell - 37.5kg","Weightlifting","","0","0","0","0","","","",""
"needs-measuring","MWBBFUR16","Fixed PU Straight Barbell - 42.5kg","Weightlifting","","0","0","0","0","","","",""
"needs-measuring","MWBBFUR17","Fixed PU Straight Barbell - 45kg","Weightlifting","","0","0","0","0","","","",""
"needs-measuring","MWBBFUR18","Fixed PU Straight Barbell - 47.5kg","Weightlifting","","0","0","0","0","","","",""
"needs-measuring","MWBBFUR19","Fixed PU Straight Barbell - 50kg","Weightlifting","","0","0","0","0","","","",""
"needs-measuring","MWBBFUR20","Fixed PU Curl Barbell - 5kg","Weightlifting","","0","0","0","0","","","",""
"needs-measuring","MWBBFUR21","Fixed PU Curl Barbell - 7.5kg","Weightlifting","","0","0","0","0","","","",""
"needs-measuring","MWBBFUR22","Fixed PU Curl Barbell - 10kg","Weightlifting","","0","0","0","0","","","",""
"needs-measuring","MWBBFUR23","Fixed PU Curl Barbell - 12.5kg","Weightlifting","","0","0","0","0","","","",""
"needs-measuring","MWBBFUR24","Fixed PU Curl Barbell - 15kg","Weightlifting","","0","0","0","0","","","",""
"needs-measuring","MWBBFUR25","Fixed PU Curl Barbell - 17.5kg","Weightlifting","","0","0","0","0","","","",""
"needs-measuring","MWBBFUR26","Fixed PU Curl Barbell - 20kg","Weightlifting","","0","0","0","0","","","",""
"needs-measuring","MWBBFUR27","Fixed PU Curl Barbell - 22.5kg","Weightlifting","","0","0","0","0","","","",""
"needs-measuring","MWBBFUR28","Fixed PU Curl Barbell - 25kg","Weightlifting","","0","0","0","0","","","",""
"needs-measuring","MWBBFUR29","Fixed PU Curl Barbell - 27.5kg","Weightlifting","","0","0","0","0","","","",""
"needs-measuring","MWBBFUR30","Fixed PU Curl Barbell - 30kg","Weightlifting","","0","0","0","0","","","",""
"needs-measuring","MWBBFUR31","Fixed PU Curl Barbell - 32.5kg","Weightlifting","","0","0","0","0","","","",""
"needs-measuring","MWBBFUR32","Fixed PU Curl Barbell - 35kg","Weightlifting","","0","0","0","0","","","",""
"needs-measuring","MWBBFUR33","Fixed PU Curl Barbell - 37.5kg","Weightlifting","","0","0","0","0","","","",""
"needs-measuring","MWBBFUR34","Fixed PU Curl Barbell - 40kg","Weightlifting","","0","0","0","0","","","",""
"needs-measuring","MWBBFUR35","Fixed PU Curl Barbell - 42.5kg","Weightlifting","","0","0","0","0","","","",""
"needs-measuring","MWBBFUR36","Fixed PU Curl Barbell - 45kg","Weightlifting","","0","0","0","0","","","",""
"needs-measuring","MWBBFUR37","Fixed PU Curl Barbell - 47.5kg","Weightlifting","","0","0","0","0","","","",""
"needs-measuring","MWBBFUR38","Fixed PU Curl Barbell - 50kg","Weightlifting","","0","0","0","0","","","",""
"needs-measuring","MWBBOS01","Olympic Barbell - 15kg (1500Lb Capacity) - Stainless Steel","Weightlifting","","0","0","0","0","","","",""
"needs-measuring","MWBBOS02","Olympic Barbell - 20kg (2000Lb Capacity) - Stainless Steel","Weightlifting","","0","0","0","0","","","",""
"needs-measuring","MWLPFS01","Lifting Plus Integrated Platform","Weightlifting","","0","0","0","0","","","",""
"needs-measuring","MWPA10001","Coloured Bumper Plates (Set of 8) - 100kg","Weightlifting","","0","0","0","0","","","",""
"needs-measuring","MWPA10002","Competition Bumper Plates (Set of 8) - 100kg","Weightlifting","","0","0","0","0","","","",""
"needs-measuring","MWPA10003","Olympic Premium Rubber Weight Plates (3 Grip) (Set of 8) - 100kg","Weightlifting","","0","0","0","0","","","",""
"needs-measuring","MWPA14001","Coloured Bumper Plates (Set of 8) & 2.5kg Change Plates - 145kg","Weightlifting","","0","0","0","0","","","",""
"needs-measuring","MWPA14002","Competition Bumper Plates (Set of 8) - 140kg","Weightlifting","","0","0","0","0","","","",""
"needs-measuring","MWPA15001","Coloured Bumper Plates (Set of 10) - 150kg","Weightlifting","","0","0","0","0","","","",""
"needs-measuring","MWPA15002","Competition Bumper Plates (Set of 10) - 150kg","Weightlifting","","0","0","0","0","","","",""
"needs-measuring","MWPA15003","Olympic Premium Rubber Weight Plates (3 Grip) (Set of 10) - 150kg","Weightlifting","","0","0","0","0","","","",""
"needs-measuring","MWPA9001","Coloured Bumper Plates (Set of 6) - 90kg","Weightlifting","","0","0","0","0","","","",""
"needs-measuring","MWPAFRU01","Rubber Fixed Barbells (Set of 10 Bars) & Rack","Weightlifting","","0","0","0","0","","","",""
"needs-measuring","MWPAFRU02","Rubber Fixed Barbells (Set of 5 Bars) & Rack","Weightlifting","","0","0","0","0","","","",""
"needs-measuring","MWWAACC01","Weightlifting Belt","Weightlifting","","0","0","0","0","","","",""
"needs-measuring","MWWLPVC01","Technique/Training Pipe","Weightlifting","","0","0","0","0","","","",""
"needs-measuring","MWWLRR01","Squat Wedge Block","Weightlifting","","0","0","0","0","","","",""
"needs-measuring","MWWPCNB06","Pro Bumper Plates - 5kg","Weightlifting","","0","0","0","0","","","",""
"needs-measuring","MWWPCNB07","Pro Bumper Plates - 10kg","Weightlifting","","0","0","0","0","","","",""
"needs-measuring","MWWPCNB08","Pro Bumper Plates - 15kg","Weightlifting","","0","0","0","0","","","",""
"needs-measuring","MWWPCNB09","Pro Bumper Plates - 20kg","Weightlifting","","0","0","0","0","","","",""
"needs-measuring","MWWPCNB10","Pro Bumper Plates - 25kg","Weightlifting","","0","0","0","0","","","",""
"needs-measuring","MWWPCP03","Change Plates - 0.5kg","Weightlifting","","0","0","0","0","","","",""
"needs-measuring","MWWPCP04","Change Plates - 1kg","Weightlifting","","0","0","0","0","","","",""
"needs-measuring","MWWPCP05","Change Plates - 1.5kg","Weightlifting","","0","0","0","0","","","",""
"needs-measuring","MWWPCP06","Change Plates - 2kg","Weightlifting","","0","0","0","0","","","",""
"needs-measuring","MWWPOU08","Olympic PU Weight Plates (4 Grip) - 1.25kg","Weightlifting","","0","0","0","0","","","",""
"needs-measuring","MWWPOU09","Olympic PU Weight Plates (4 Grip) - 10kg","Weightlifting","","0","0","0","0","","","",""
"needs-measuring","MWWPOU10","Olympic Urethane Weight Plates (4 Grip) - 15kg","Weightlifting","","0","0","0","0","","","",""
"needs-measuring","MWWPOU11","Olympic PU Weight Plates (4 Grip) - 2.5kg","Weightlifting","","0","0","0","0","","","",""
"needs-measuring","MWWPOU12","Olympic PU Weight Plates (4 Grip) - 20kg","Weightlifting","","0","0","0","0","","","",""
"needs-measuring","MWWPOU13","Olympic Urethane Weight Plates (4 Grip) - 25kg","Weightlifting","","0","0","0","0","","","",""
"needs-measuring","MWWPOU14","Olympic PU Weight Plates (4 Grip) - 5kg","Weightlifting","","0","0","0","0","","","",""
"needs-measuring","NBFAFRR01","Acoustic Underlay (1m x 10m) - 5mm","Flooring","","0","0","0","0","","","",""
"needs-measuring","NBFAFRR02","Acoustic Underlay (1m x 10m) - 10mm","Flooring","","0","0","0","0","","","",""
"needs-measuring","NBFAFRR03","Acoustic Underlay (1m x 10m) - 15mm","Flooring","","0","0","0","0","","","",""
"needs-measuring","NBFAFRR04","Acoustic Underlay (1m x 10m) - 20mm","Flooring","","0","0","0","0","","","",""
"needs-measuring","NBFATSY01","Artificial Turf Black (2m x 10m)","Flooring","","0","0","0","0","","","",""
"needs-measuring","NBFATSY02","Artificial Turf Black (2m x 15m)","Flooring","","0","0","0","0","","","",""
"needs-measuring","NBFATSY03","Artificial Turf Black (2m x 20m)","Flooring","","0","0","0","0","","","",""
"needs-measuring","NBFRFRR01","Impact-Lock Rubber Tiles - 20mm","Flooring","","0","0","0","0","","","",""
"needs-measuring","NBFRFRR02","Impact-Lock Rubber Tiles - 30mm","Flooring","","0","0","0","0","","","",""
"needs-measuring","NBFRFRR03","Impact-Lock Rubber Tiles - 40mm (500 x 500mm) (4 Tiles)","Flooring","","0","0","0","0","","","",""
"needs-measuring","NBFRFRR04","Impact-Lock Rubber Tiles - 50mm (500 x 500mm) (4 Tiles)","Flooring","","0","0","0","0","","","",""
"needs-measuring","NBLLE2501","Linear LED Lighting System - 2.4m","Lighting","","0","0","0","0","","","",""
"needs-measuring","NBLLE2502","LED Dimmer","Lighting","","0","0","0","0","","","",""
"needs-measuring","NBMDBPRH01","Premium Rubber Hex Dumbbell - 1kg","Mixed Implements","","0","0","0","0","","","",""
"needs-measuring","NBMDBPRH02","Premium Rubber Hex Dumbbell - 2kg","Mixed Implements","","0","0","0","0","","","",""
"needs-measuring","NBMDBPRH02H","Premium Rubber Hex Dumbbell - 2.5kg","Mixed Implements","","0","0","0","0","","","",""
"needs-measuring","NBMDBPRH03","Premium Rubber Hex Dumbbell - 3kg","Mixed Implements","","0","0","0","0","","","",""
"needs-measuring","NBMDBPRH04","Premium Rubber Hex Dumbbell - 4kg","Mixed Implements","","0","0","0","0","","","",""
"needs-measuring","NBMDBPRH05","Premium Rubber Hex Dumbbell - 5kg","Mixed Implements","","0","0","0","0","","","",""
"needs-measuring","NBMDBPRH06","Premium Rubber Hex Dumbbell - 6kg","Mixed Implements","","0","0","0","0","","","",""
"needs-measuring","NBMDBPRH07","Premium Rubber Hex Dumbbell - 7kg","Mixed Implements","","0","0","0","0","","","",""
"needs-measuring","NBMDBPRH07H","Premium Rubber Hex Dumbbell - 7.5kg","Mixed Implements","","0","0","0","0","","","",""
"needs-measuring","NBMDBPRH08","Premium Rubber Hex Dumbbell - 8kg","Mixed Implements","","0","0","0","0","","","",""
"needs-measuring","NBMDBPRH09","Premium Rubber Hex Dumbbell - 9kg","Mixed Implements","","0","0","0","0","","","",""
"needs-measuring","NBMDBPRH10","Premium Rubber Hex Dumbbell - 10kg","Mixed Implements","","0","0","0","0","","","",""
"needs-measuring","NBMDBPRH12H","Premium Rubber Hex Dumbbell - 12.5kg","Mixed Implements","","0","0","0","0","","","",""
"needs-measuring","NBMDBPRH15","Premium Rubber Hex Dumbbell - 15kg","Mixed Implements","","0","0","0","0","","","",""
"needs-measuring","NBMDBPRH17H","Premium Rubber Hex Dumbbell - 17.5kg","Mixed Implements","","0","0","0","0","","","",""
"needs-measuring","NBMDBPRH20","Premium Rubber Hex Dumbbell - 20kg","Mixed Implements","","0","0","0","0","","","",""
"needs-measuring","NBMDBPRH22H","Premium Rubber Hex Dumbbell - 22.5kg","Mixed Implements","","0","0","0","0","","","",""
"needs-measuring","NBMDBPRH25","Premium Rubber Hex Dumbbell - 25kg","Mixed Implements","","0","0","0","0","","","",""
"needs-measuring","NBMDBPRH27H","Premium Rubber Hex Dumbbell - 27.5kg","Mixed Implements","","0","0","0","0","","","",""
"needs-measuring","NBMDBPRH30","Premium Rubber Hex Dumbbell - 30kg","Mixed Implements","","0","0","0","0","","","",""
"needs-measuring","NBMDBPRH32H","Premium Rubber Hex Dumbbell - 32.5kg","Mixed Implements","","0","0","0","0","","","",""
"needs-measuring","NBMDBPRH35","Premium Rubber Hex Dumbbell - 35kg","Mixed Implements","","0","0","0","0","","","",""
"needs-measuring","NBMDBPRH37H","Premium Rubber Hex Dumbbell - 37.5kg","Mixed Implements","","0","0","0","0","","","",""
"needs-measuring","NBMDBPRH40","Premium Rubber Hex Dumbbell - 40kg","Mixed Implements","","0","0","0","0","","","",""
"needs-measuring","NBMDBPRH42H","Premium Rubber Hex Dumbbell - 42.5kg","Mixed Implements","","0","0","0","0","","","",""
"needs-measuring","NBMDBPRH45","Premium Rubber Hex Dumbbell - 45kg","Mixed Implements","","0","0","0","0","","","",""
"needs-measuring","NBMDBPRH47H","Premium Rubber Hex Dumbbell - 47.5kg","Mixed Implements","","0","0","0","0","","","",""
"needs-measuring","NBMDBPRH50","Premium Rubber Hex Dumbbell - 50kg","Mixed Implements","","0","0","0","0","","","",""
"needs-measuring","NBMDBRH01","Rubber Hex Dumbbell - 1kg","Mixed Implements","","0","0","0","0","","","",""
"needs-measuring","NBMDBRH02","Rubber Hex Dumbbell - 2kg","Mixed Implements","","0","0","0","0","","","",""
"needs-measuring","NBMDBRH02H","Rubber Hex Dumbbell - 2.5kg","Mixed Implements","","0","0","0","0","","","",""
"needs-measuring","NBMDBRH03","Rubber Hex Dumbbell - 3kg","Mixed Implements","","0","0","0","0","","","",""
"needs-measuring","NBMDBRH04","Rubber Hex Dumbbell - 4kg","Mixed Implements","","0","0","0","0","","","",""
"needs-measuring","NBMDBRH05","Rubber Hex Dumbbell - 5kg","Mixed Implements","","0","0","0","0","","","",""
"needs-measuring","NBMDBRH06","Rubber Hex Dumbbell - 6kg","Mixed Implements","","0","0","0","0","","","",""
"needs-measuring","NBMDBRH07","Rubber Hex Dumbbell - 7kg","Mixed Implements","","0","0","0","0","","","",""
"needs-measuring","NBMDBRH07H","Rubber Hex Dumbbell - 7.5kg","Mixed Implements","","0","0","0","0","","","",""
"needs-measuring","NBMDBRH08","Rubber Hex Dumbbell - 8kg","Mixed Implements","","0","0","0","0","","","",""
"needs-measuring","NBMDBRH09","Rubber Hex Dumbbell - 9kg","Mixed Implements","","0","0","0","0","","","",""
"needs-measuring","NBMDBRH10","Rubber Hex Dumbbell - 10kg","Mixed Implements","","0","0","0","0","","","",""
"needs-measuring","NBMDBRH12H","Rubber Hex Dumbbell - 12.5kg","Mixed Implements","","0","0","0","0","","","",""
"needs-measuring","NBMDBRH15","Rubber Hex Dumbbell - 15kg","Mixed Implements","","0","0","0","0","","","",""
"needs-measuring","NBMDBRH17H","Rubber Hex Dumbbell - 17.5kg","Mixed Implements","","0","0","0","0","","","",""
"needs-measuring","NBMDBRH20","Rubber Hex Dumbbell - 20kg","Mixed Implements","","0","0","0","0","","","",""
"needs-measuring","NBMDBRH22H","Rubber Hex Dumbbell - 22.5kg","Mixed Implements","","0","0","0","0","","","",""
"needs-measuring","NBMDBRH25","Rubber Hex Dumbbell - 25kg","Mixed Implements","","0","0","0","0","","","",""
"needs-measuring","NBMDBRH27H","Rubber Hex Dumbbell - 27.5kg","Mixed Implements","","0","0","0","0","","","",""
"needs-measuring","NBMDBRH30","Rubber Hex Dumbbell - 30kg","Mixed Implements","","0","0","0","0","","","",""
"needs-measuring","NBMDBRH32H","Rubber Hex Dumbbell - 32.5kg","Mixed Implements","","0","0","0","0","","","",""
"needs-measuring","NBMDBRH35","Rubber Hex Dumbbell - 35kg","Mixed Implements","","0","0","0","0","","","",""
"needs-measuring","NBMDBRH37H","Rubber Hex Dumbbell - 37.5kg","Mixed Implements","","0","0","0","0","","","",""
"needs-measuring","NBMDBRH40","Rubber Hex Dumbbell - 40kg","Mixed Implements","","0","0","0","0","","","",""
"needs-measuring","NBMDBRH42H","Rubber Hex Dumbbell - 42.5kg","Mixed Implements","","0","0","0","0","","","",""
"needs-measuring","NBMDBRH45","Rubber Hex Dumbbell - 45kg","Mixed Implements","","0","0","0","0","","","",""
"needs-measuring","NBMDBRH52H","Premium Rubber Hex Dumbbell - 52.5kg","Mixed Implements","","0","0","0","0","","","",""
"needs-measuring","NBMDBRH55","Premium Rubber Hex Dumbbell - 55kg","Mixed Implements","","0","0","0","0","","","",""
"needs-measuring","NBMDBRH60","Premium Rubber Hex Dumbbell - 60kg","Mixed Implements","","0","0","0","0","","","",""
"needs-measuring","OBSR03","Skipping Ropes- Wire, Adjustable","Body Weight","","0","0","0","0","","","",""
"needs-measuring","OCBIMG01","Impulse Spin Bike with Console","Cardio","","0","0","0","0","","","",""
"needs-measuring","OCBIMG03","Vortect Commercial Spin Bike","Cardio","","0","0","0","0","","","",""
"needs-measuring","OEFRDB02","Hoist DRV10","Clearance","","0","0","0","0","","","",""
"needs-measuring","OEFROP02","Olympic Weight Plate Tree (CSL10N)","Clearance","","0","0","0","0","","","",""
"needs-measuring","OIFDB4A","3rd Tier for IFDB4","Clearance","","0","0","0","0","","","",""
"needs-measuring","OSCMDU01","Functional trainer","Clearance","","0","0","0","0","","","",""
"needs-measuring","RAAAU01","REVL Unisex Cap","Apparel","","0","0","0","0","","","",""
"needs-measuring","RAAAU02","Unisex Socks","Apparel","","0","0","0","0","","","",""
"needs-measuring","RAAAU03","Unisex Socks","Apparel","","0","0","0","0","","","",""
"needs-measuring","RAACM01L","Men's Tank (L)","Apparel","","0","0","0","0","","","",""
"needs-measuring","RAACM01M","Men's Tank (M)","Apparel","","0","0","0","0","","","",""
"needs-measuring","RAACM01S","Men's Tank (S)","Apparel","","0","0","0","0","","","",""
"needs-measuring","RAACM01XL","Men's Tank (XL)","Apparel","","0","0","0","0","","","",""
"needs-measuring","RAACM02L","Men's Tee (L)","Apparel","","0","0","0","0","","","",""
"needs-measuring","RAACM02M","Men's Tee (M)","Apparel","","0","0","0","0","","","",""
"needs-measuring","RAACM02S","Men's Tee (S)","Apparel","","0","0","0","0","","","",""
"needs-measuring","RAACM02XL","Men's Tee (XL)","Apparel","","0","0","0","0","","","",""
"needs-measuring","RAACM07","Men's Tee - Large","Apparel","","0","0","0","0","","","",""
"needs-measuring","RAACU01L","Unisex Sweatshirt (L)","Apparel","","0","0","0","0","","","",""
"needs-measuring","RAACU01M","Unisex Sweatshirt (M)","Apparel","","0","0","0","0","","","",""
"needs-measuring","RAACU01S","Unisex Sweatshirt (S)","Apparel","","0","0","0","0","","","",""
"needs-measuring","RAACU01XL","Unisex Sweatshirt (XL)","Apparel","","0","0","0","0","","","",""
"needs-measuring","RAACU01XS","Unisex Sweatshirt (XS)","Apparel","","0","0","0","0","","","",""
"needs-measuring","RAACU02M","Oversized Hoodie (Unisex) (M)","Apparel","","0","0","0","0","","","",""
"needs-measuring","RAACU05M","Short Sleeve Tee (Male) (M)","Apparel","","0","0","0","0","","","",""
"needs-measuring","RAACW01L","Women's Crop (L)","Apparel","","0","0","0","0","","","",""
"needs-measuring","RAACW01M","Women's Crop (M)","Apparel","","0","0","0","0","","","",""
"needs-measuring","RAACW01S","Women's Crop (S)","Apparel","","0","0","0","0","","","",""
"needs-measuring","RAACW01XL","Women's Crop (XL)","Apparel","","0","0","0","0","","","",""
"needs-measuring","RAACW01XS","Women's Crop (XS)","Apparel","","0","0","0","0","","","",""
"needs-measuring","RAACW02L","Women's Shorts (L)","Apparel","","0","0","0","0","","","",""
"needs-measuring","RAACW02M","Women's Shorts (M)","Apparel","","0","0","0","0","","","",""
"needs-measuring","RAACW02S","Women's Shorts (S)","Apparel","","0","0","0","0","","","",""
"needs-measuring","RAACW02XL","Women's Shorts (XL)","Apparel","","0","0","0","0","","","",""
"needs-measuring","RAACW02XS","Women's Shorts (XS)","Apparel","","0","0","0","0","","","",""
"needs-measuring","RBCTMA01","Abdominal Mat","Body Weight","","38","0","30","1","","","",""
"needs-measuring","RBGYRI01","Gymnastic Rings (Wooden)","Body Weight","","26","0","26","2","","","",""
"needs-measuring","RBRPPO01","Micro Bands - Heavy (Black)","Body Weight","","0","0","0","0","","","",""
"needs-measuring","RBRPPO02","Micro Bands - X Heavy (Red)","Body Weight","","0","0","0","0","","","",""
"needs-measuring","RBRPPO03","Micro Bands - XX Heavy (Black)","Body Weight","","0","0","0","0","","","",""
"needs-measuring","RBRPPO04","Power Bands - 13mm (Red)","Body Weight","","0","0","0","0","","","",""
"needs-measuring","RBRPPO05","Power Bands - 21mm (Grey)","Body Weight","","0","0","0","0","","","",""
"needs-measuring","RBRPPO06","Power Bands - 32mm (Black)","Body Weight","","0","0","0","0","","","",""
"needs-measuring","REFRACC01","Modular Storage Rack Flat Shelf","Equipment Storage","","160","0","63","19","","","",""
"needs-measuring","REFRACC02","Modular Storage Rack Shelf Dual Pipe","Equipment Storage","","151","0","29.5","11","","","",""
"needs-measuring","REFRACC03","Modular Storage Rack Side (1582mm)","Equipment Storage","","161","0","63","20","","","",""
"needs-measuring","REFRBB02","Barbell Storage Box (12 Bar Holder)","Equipment Storage","","3.5","0","0","0","","","",""
"needs-measuring","REFROP01","Olympic Weight Plate Tree (8 Storage Pins)","Equipment Storage","","138","0","65","28","","","",""
"needs-measuring","REFROP01B","REVL Olympic Weight Plate Tree (6 Storage Pins, 2 Plate Storage)","Equipment Storage","","0","0","0","0","","","",""
"needs-measuring","REWMACC01","Dip Bar Holder (Wall Mounted)","Equipment Storage","","14","0","26.5","19","","","",""
"needs-measuring","REWMBER01","Bench & Rower Rack (Wall Mounted)","Equipment Storage","","60.5","0","7","7","","","",""
"needs-measuring","REWMOP01","Vertical Bumper Plate Rack 4 Tier (Wall Mounted)","Equipment Storage","","120","0","38","13","","","",""
"needs-measuring","RFATSY04","Artificial Turf Black (2m x 15m) (Custom Branding)","Flooring","","0","0","0","0","","","",""
"needs-measuring","RFATSY07","Artificial Turf Black (2m x 20m) (Custom Branding)","Flooring","","0","0","0","0","","","",""
"needs-measuring","RFDAAS","REVL Freight & Delivery Allowance (AUS)","Other Costs","","0","0","0","0","","","",""
"needs-measuring","RFDASG","REVL Freight & Delivery Allowance (SG)","Other Costs","","0","0","0","0","","","",""
"needs-measuring","RFDAUS","REVL Freight & Delivery Allowance (USA)","Other Costs","","0","0","0","0","","","",""
"needs-measuring","RFRFRR01","Impact-Lock Rubber Tiles - 20mm","Flooring","","105","0","105","19","","","",""
"needs-measuring","RFRFRR05","Impact-Lock Rubber Tiles - 20mm (Custom Branding)","Flooring","","105","0","105","19","","","",""
"needs-measuring","RFRFRR06B","Acoustic Underlay - 5mm","Flooring","","0","3.2","0","0","","","",""
"needs-measuring","RKKBPGC01","REVL Competition Kettlebell Kit","Mixed Implements","","0","0","0","0","","","",""
"needs-measuring","RKKBPGC02","REVL Urethane Kettlebell Kit","Mixed Implements","","0","0","0","0","","","",""
"needs-measuring","RKST10CW01","REVL Studio Kit - Wall Mounted Rig (10 Cell)","Packages","","0","0","0","0","","","",""
"needs-measuring","RKST11CW01","REVL Studio Kit - Wall Mounted Rig (11 Cell)","Packages","","0","0","0","0","","","",""
"needs-measuring","RKST12CW01","REVL Studio Kit - Wall Mounted Rig (12 Cell)","Packages","","0","0","0","0","","","",""
"needs-measuring","RKST3C01","REVL Studio Kit - Freestanding Rig (3 Cell)","Packages","","0","0","0","0","","","",""
"needs-measuring","RKST4C01","REVL Studio Kit (4 Cell)","Packages","","0","0","0","0","","","",""
"needs-measuring","RKST4C02","REVL Studio Kit - Freestanding Rig (4 Cell)","Packages","","0","0","0","0","","","",""
"needs-measuring","RKST5C01","REVL Studio Kit - Freestanding Rig (5 Cell)","Packages","","0","0","0","0","","","",""
"needs-measuring","RKST5CW01","REVL Studio Kit - Wall Mounted Rig (5 Cell)","Packages","","0","0","0","0","","","",""
"needs-measuring","RKST6C01","REVL Studio Kit - Freestanding Rig (6 Cell)","Packages","","0","0","0","0","","","",""
"needs-measuring","RKST6C01-U","REVL Studio Kit - Freestanding Rig (6 Cell) - PU","Packages","","0","0","0","0","","","",""
"needs-measuring","RKST6CW01","REVL Studio Kit - Wall Mounted Rig (6 Cell)","Packages","","0","0","0","0","","","",""
"needs-measuring","RKST7CW01","REVL Studio Kit - Wall Mounted Rig (7 Cell)","Packages","","0","0","0","0","","","",""
"needs-measuring","RKST8CW01","REVL Studio Kit - Wall Mounted Rig (8 Cell)","Packages","","0","0","0","0","","","",""
"needs-measuring","RKST9CW01","REVL Studio Kit - Wall Mounted Rig (9 Cell)","Packages","","0","0","0","0","","","",""
"needs-measuring","RKSTAO01","REVL Add On","Packages","","0","0","0","0","","","",""
"needs-measuring","RKSTAO02","REVL Add On","Packages","","0","0","0","0","","","",""
"needs-measuring","RKSTCU01","REVL Studio Kit (Custom)","Packages","","0","0","0","0","","","",""
"needs-measuring","RKSTCU02","REVL Studio Kit (NEW)","Packages","","0","0","0","0","","","",""
"needs-measuring","RMDBRH01","Premium Rubber Hex Dumbbell - 4kg","Mixed Implements","","0","0","14","5","","","",""
"needs-measuring","RMDBRH02","Premium Rubber Hex Dumbbell - 6kg","Mixed Implements","","0","0","14","7","","","",""
"needs-measuring","RMDBRH03","Premium Rubber Hex Dumbbell - 8kg","Mixed Implements","","0","0","14","9","","","",""
"needs-measuring","RMDBRH04","Premium Rubber Hex Dumbbell - 10kg","Mixed Implements","","0","0","14","11","","","",""
"needs-measuring","RMDBRH05","Premium Rubber Hex Dumbbell - 12.5kg","Mixed Implements","","0","0","13.8","14","","","",""
"needs-measuring","RMDBRH06","Premium Rubber Hex Dumbbell - 15kg","Mixed Implements","","0","0","15.4","16","","","",""
"needs-measuring","RMDBRH07","Premium Rubber Hex Dumbbell - 17.5kg","Mixed Implements","","0","0","16.4","19","","","",""
"needs-measuring","RMDBRH08","Premium Rubber Hex Dumbbell - 20kg","Mixed Implements","","0","0","16.7","21","","","",""
"needs-measuring","RMDBRH09","Premium Rubber Hex Dumbbell - 25kg","Mixed Implements","","0","0","18","26","","","",""
"needs-measuring","RMDBRH10","Premium Rubber Hex Dumbbell - 27.5kg","Mixed Implements","","0","0","19","29","","","",""
"needs-measuring","RMDBRH11","Premium Rubber Hex Dumbbell - 30kg","Mixed Implements","","0","0","19.1","31","","","",""
"needs-measuring","RMDBRH12","Premium Rubber Hex Dumbbell - 35kg","Mixed Implements","","0","0","20.5","36","","","",""
"needs-measuring","RMDBRH13","Premium Rubber Hex Dumbbell - 40kg","Mixed Implements","","0","0","21.3","41","","","",""
"needs-measuring","RMDBRH14","Premium Rubber Hex Dumbbell - 22.5kg","Mixed Implements","","0","0","14","46","","","",""
"needs-measuring","RMDBRH15","Premium Rubber Hex Dumbbell - 45kg","Mixed Implements","","0","0","14","51","","","",""
"needs-measuring","RMDBRH16","Premium Rubber Hex Dumbbell - 50kg","Mixed Implements","","0","0","14","61","","","",""
"needs-measuring","RMDBRH17","Premium Rubber Hex Dumbbell - 60kg","Mixed Implements","","0","0","0","0","","","",""
"needs-measuring","RMDEHG01","High Grip Dead Ball - 12kg","Mixed Implements","","29","0","29","13","","","",""
"needs-measuring","RMDEHG02","High Grip Dead Ball - 15kg","Mixed Implements","","29","0","29","16","","","",""
"needs-measuring","RMDEHG03","High Grip Dead Ball - 20kg","Mixed Implements","","29","0","29","21","","","",""
"needs-measuring","RMDEHG04","High Grip Dead Ball - 25kg","Mixed Implements","","29","0","29","26","","","",""
"needs-measuring","RMDEHG05","High Grip Dead Ball - 30kg","Mixed Implements","","29","0","29","31","","","",""
"needs-measuring","RMDEHG06","High Grip Dead Ball - 35kg","Mixed Implements","","31.5","0","31.5","36","","","",""
"needs-measuring","RMDEHG07","High Grip Dead Ball - 45kg","Mixed Implements","","34","0","34","46","","","",""
"needs-measuring","RMDEHG08","High Grip Dead Ball - 55kg","Mixed Implements","","36.5","0","36.5","56","","","",""
"needs-measuring","RMDEHG09","High Grip Dead Ball - 65kg","Mixed Implements","","36.5","0","36.5","66","","","",""
"needs-measuring","RMDEHG10","High Grip Dead Ball - 75kg","Mixed Implements","","39","0","39","76","","","",""
"needs-measuring","RMGFACC01","Digital Interval Timer","Mixed Implements","","87","0","17","4","","","",""
"needs-measuring","RMKBPGC01","Competition Kettlebell - 8kg","Mixed Implements","","23","0","23","9","","","",""
"needs-measuring","RMKBPGC02","Competition Kettlebell - 10kg","Mixed Implements","","23","0","23","11","","","",""
"needs-measuring","RMKBPGC03","Competition Kettlebell - 12kg","Mixed Implements","","23","0","23","13","","","",""
"needs-measuring","RMKBPGC04","Competition Kettlebell - 16kg","Mixed Implements","","23","0","23","17","","","",""
"needs-measuring","RMKBPGC05","Competition Kettlebell - 20kg","Mixed Implements","","23","0","23","21","","","",""
"needs-measuring","RMKBPGC06","Competition Kettlebell - 24kg","Mixed Implements","","23","0","23","25","","","",""
"needs-measuring","RMKBPGC07","Competition Kettlebell - 28kg","Mixed Implements","","23","0","23","29","","","",""
"needs-measuring","RMKBPGC08","Competition Kettlebell - 32kg","Mixed Implements","","23","0","23","33","","","",""
"needs-measuring","RMKBPGC09","Competition Kettlebell - 36kg","Mixed Implements","","23","0","23","37","","","",""
"needs-measuring","RMKBPGC10","Competition Kettlebell - 40kg","Mixed Implements","","23","0","23","41","","","",""
"needs-measuring","RMKBPGC11","Urethane Kettlebell - 8kg","Mixed Implements","","0","0","0","0","","","",""
"needs-measuring","RMKBPGC12","Urethane Kettlebell - 10kg","Mixed Implements","","0","0","0","0","","","",""
"needs-measuring","RMKBPGC13","Urethane Kettlebell - 12kg","Mixed Implements","","0","0","0","0","","","",""
"needs-measuring","RMKBPGC14","Urethane Kettlebell - 16kg","Mixed Implements","","0","0","0","0","","","",""
"needs-measuring","RMKBPGC15","Urethane Kettlebell - 20kg","Mixed Implements","","0","0","0","0","","","",""
"needs-measuring","RMKBPGC16","Urethane Kettlebell - 24kg","Mixed Implements","","0","0","0","0","","","",""
"needs-measuring","RMKBPGC17","Urethane Kettlebell - 28kg","Mixed Implements","","0","0","0","0","","","",""
"needs-measuring","RMKBPGC18","Urethane Kettlebell - 32kg","Mixed Implements","","0","0","0","0","","","",""
"needs-measuring","RMKBPGC19","Urethane Kettlebell - 36kg","Mixed Implements","","0","0","0","0","","","",""
"needs-measuring","RMKBPGC20","Urethane Kettlebell - 40kg","Mixed Implements","","0","0","0","0","","","",""
"needs-measuring","RMWAARM01","Wall Ball - 8lb","Mixed Implements","","36.6","0","36.6","4","","","",""
"needs-measuring","RMWAARM02","Wall Ball - 14lb","Mixed Implements","","36.6","0","36.6","7","","","",""
"needs-measuring","RMWAARM03","Wall Ball - 20lb","Mixed Implements","","36.6","0","36.6","10","","","",""
"needs-measuring","ROGUEEB","Rogue Echo Bike v3.0","Cardio","","0","0","0","0","","","",""
"needs-measuring","RRSPATT01","Rig Crossbeam Single Pipe - 1080mm","Rigs & Racks","","109","0","7.5","6","","","",""
"needs-measuring","RRSPATT02","Rig Crossbeam Single Pipe - 1520mm","Rigs & Racks","","153","0","7.5","7","","","",""
"needs-measuring","RRSPATT03","Rig Universal Upright","Rigs & Racks","","241","0","7.5","19","","","",""
"needs-measuring","RRSPATT04","Rig Dip Bar Attachment","Rigs & Racks","","71","0","59","11","","","",""
"needs-measuring","RRSPATT05","Rig Premium J-Hooks","Rigs & Racks","","16","0","11","8","","","",""
"needs-measuring","RRSPATT06","Rig Wall Ball Target","Rigs & Racks","","42.5","0","41.8","19","","","",""
"needs-measuring","RRSPATT07","Rig Crossbeam Single Pipe - 1800mm","Rigs & Racks","","0","0","0","0","","","",""
"needs-measuring","RSWBFW02","Adjustable Utility Weight Bench","Strength","","138","0","25","39","","","",""
"needs-measuring","RSWBFW03","Flat Utility Weight Bench (Angled Legs) - 410mm","Strength","","0","0","0","0","","","",""
"needs-measuring","RSWBFW04","Flat Utility Weight Bench Pro (Angled Legs) - Seat Only","Strength","","118","0","52.5","26","","","",""
"needs-measuring","RWBBOL01","Olympic Barbell - 15kg (1500Lb Capacity)","Weightlifting","","205","0","8","16","","","",""
"needs-measuring","RWBBOL02","Olympic Barbell - 20kg (2000Lb Capacity)","Weightlifting","","224","0","8","21","","","",""
"needs-measuring","RWBBOS01","Olympic Barbell - 15kg (1500Lb Capacity) - Stainless Steel","Weightlifting","","0","0","0","0","","","",""
"needs-measuring","RWBBOS02","Olympic Barbell - 20kg (2000Lb Capacity) - Stainless Steel","Weightlifting","","0","0","0","0","","","",""
"needs-measuring","RWWAACC01","Weightlifting Belt","Weightlifting","","0","0","0","0","","","",""
"needs-measuring","RWWAACC02","Dip & Pull Up Belt","Weightlifting","","84","0","19.5","1","","","",""
"needs-measuring","RWWKCH02","Weightlifting Chalk Box","Weightlifting","","0","0","0","0","","","",""
"needs-measuring","RWWLACC01","Barbell Squat Pad","Weightlifting","","44.5","0","11","1","","","",""
"needs-measuring","RWWLACC02","Olympic Bar Easy Lock Collars (Pair)","Weightlifting","","5.3","0","5.3","1","","","",""
"needs-measuring","RWWLCH02","Weightlifting Chalk Box","Weightlifting","","19","0","19","1","","","",""
"needs-measuring","RWWLRR01","Squat Wedge Block","Body Weight","","0","0","0","0","","","",""
"needs-measuring","RWWPCNB06","Pro Bumper Plates - 5kg","Weightlifting","","0","0","0","0","","","",""
"needs-measuring","RWWPCP03","Change Plates - 0.5kg","Weightlifting","","0","0","0","0","","","",""
"needs-measuring","SAAACO01","Sweat Towel","Apparel","","0.04","0.08","0","0","","","",""
"needs-measuring","SAAAU01","Trucker Hat","Apparel","","0","0","0","0","","","",""
"needs-measuring","SAAAU02","Train Cap","Apparel","","0","0","0","0","","","",""
"needs-measuring","SAACU02M","Oversized Hoodie (Unisex) (M)","Apparel","","0","0","0","0","","","",""
"needs-measuring","SAACU05L","Short Sleeve Tee (Male) (L)","Apparel","","0","0","0","0","","","",""
"needs-measuring","SAACU05M","Short Sleeve Tee (Male) (M)","Apparel","","0","0","0","0","","","",""
"needs-measuring","SAACU05S","Short Sleeve Tee (Male) (S)","Apparel","","0","0","0","0","","","",""
"needs-measuring","SAACU05XL","Short Sleeve Tee (Male) (XL)","Apparel","","0","0","0","0","","","",""
"needs-measuring","SAACU09M","High Rise Leggings (Woman) (M)","Apparel","","0","0","0","0","","","",""
"needs-measuring","SAACU12M","Sports Bra (Woman) (S)","Apparel","","0","0","0","0","","","",""
"needs-measuring","SBCT6501","Fitness Ball - 65cm (Anti-Burst)","Body Weight","","0","0","0","0","","","",""
"needs-measuring","SBRMRL09","Massage Rolling Machine","Body Weight","","0","0","0","0","","","",""
"needs-measuring","SBSADO01","Agility Dots (Set of 5)","Body Weight","","0","0","0","0","","","",""
"needs-measuring","SFRFRR01-1","Impact Lock Rubber Tiles - 20mm","Flooring","","0","0","0","0","","","",""
"needs-measuring","SFRFRR03-1","Impact Lock Rubber Tiles - 30mm","Flooring","","0","0","0","0","","","",""
"needs-measuring","SFRFRR04-1","Impact Lock Rubber Tiles - 40mm (500 x 500mm) (4 Tiles)","Flooring","","0","0","0","0","","","",""
"needs-measuring","SFRFRR05-1","Impact Lock Rubber Tiles - 50mm (500 x 500mm) (4 Tiles)","Flooring","","0","0","0","0","","","",""
"needs-measuring","SFRFRR07","Acoustic Underlay - 15mm","Flooring","","0","0","0","0","","","",""
"needs-measuring","SFRFRR08","Acoustic Underlay - 20mm","Flooring","","0","0","0","0","","","",""
"needs-measuring","SMBRNC02","Climbing Rope - 7m","Mixed Implements","","0","0","0","0","","","",""
"needs-measuring","SMDBOH01","Olympic Dumbbell Handles (Pair)","Mixed Implements","","0","0","0","0","","","",""
"needs-measuring","SMDBUR18","PU Dumbbells (Pair) - 5kg","Mixed Implements","","0","0","0","0","","","",""
"needs-measuring","SMDBUR20","PU Dumbbells (Pair) - 1kg","Mixed Implements","","0","0","0","0","","","",""
"needs-measuring","SMDBUR21","PU Dumbbells (Pair) - 2kg","Mixed Implements","","0","0","0","0","","","",""
"needs-measuring","SMDBUR22","PU Dumbbells (Pair) - 3kg","Mixed Implements","","0","0","0","0","","","",""
"needs-measuring","SMDBUR23","PU Dumbbells (Pair) - 4kg","Mixed Implements","","0","0","0","0","","","",""
"needs-measuring","SMDBUR25","PU Dumbbells (Pair) - 6kg","Mixed Implements","","0","0","0","0","","","",""
"needs-measuring","SMDBUR26","PU Dumbbells (Pair) - 7kg","Mixed Implements","","0","0","0","0","","","",""
"needs-measuring","SMDBUR27","PU Dumbbells (Pair) - 8kg","Mixed Implements","","0","0","0","0","","","",""
"needs-measuring","SMDBUR28","PU Dumbbells (Pair) - 9kg","Mixed Implements","","0","0","0","0","","","",""
"needs-measuring","SMDEHG09","High Grip Dead Ball - 40kg","Mixed Implements","","0","0","0","0","","","",""
"needs-measuring","SMDEHG11","High Grip Dead Ball - 50kg","Mixed Implements","","0","0","0","0","","","",""
"needs-measuring","SMGFWTB01-1","Aerobic Weighted Exercise Bars - 4kg","Mixed Implements","","0","0","0","0","","","",""
"needs-measuring","SMGFWTB02-1","Aerobic Weighted Exercise Bars - 6kg","Mixed Implements","","0","0","0","0","","","",""
"needs-measuring","SMGFWTB03-1","Aerobic Weighted Exercise Bars - 8kg","Mixed Implements","","0","0","0","0","","","",""
"needs-measuring","SMGFWTB04-1","Aerobic Weighted Exercise Bars - 10kg","Mixed Implements","","0","0","0","0","","","",""
"needs-measuring","SMKBUR07","Urethane Competition Kettlebell - 28kg","Mixed Implements","","0","0","0","0","","","",""
"needs-measuring","SMKBUR08","Urethane Competition Kettlebell - 32kg","Mixed Implements","","0","0","0","0","","","",""
"needs-measuring","SMKBUR09","Urethane Competition Kettlebell - 36kg","Mixed Implements","","0","0","0","0","","","",""
"needs-measuring","SMKBUR10","Urethane Competition Kettlebell - 40kg","Mixed Implements","","0","0","0","0","","","",""
"needs-measuring","SMPA4BG01","Power Bags (Set of 4) - 70kg","Packages","","0","0","0","0","","","",""
"needs-measuring","SMPA6BG01","Power Bags (Set of 6) - 105kg","Packages","","0","0","0","0","","","",""
"needs-measuring","SMPILFG01","Pilates Ring","Mixed Implements","","0","0","0","0","","","",""
"needs-measuring","SMSLSL01","Push & Pull Sled","Mixed Implements","","0","0","0","0","","","",""
"needs-measuring","SRATTACC01","Storage Pin with Shoulder","Rigs & Racks","","0","0","0","0","","","",""
"needs-measuring","SRSPFW03","Olympic Power Rack 2.0 Weight Plate Storage Rack Only","Rigs & Racks","","0","0","0","0","","","",""
"needs-measuring","SSLBPL01","V Squat","Strength","","0","0","0","0","","","",""
"needs-measuring","SSLBPL02","Belt Squat","Strength","","0","0","0","0","","","",""
"needs-measuring","SSLBPL03","Hip Thrustor","Strength","","0","0","0","0","","","",""
"needs-measuring","SSLBPL04","Standing Hip Thurst","Strength","","0","0","0","0","","","",""
"needs-measuring","SSLBPL05","Standing Abductor","Strength","","0","0","0","0","","","",""
"needs-measuring","SSLBPL06","Reverse Hyper","Strength","","0","0","0","0","","","",""
"needs-measuring","SSLBPL07","Multi Hip Extension","Strength","","0","0","0","0","","","",""
"needs-measuring","SSLBPL08","Multi Dead Lift","Strength","","0","0","0","0","","","",""
"needs-measuring","SSWBB03","Adjustable Utility Bench","Strength","","0","0","0","0","","","",""
"needs-measuring","SWBBFUR11","Urethane Fixed Barbells - 5kg","Weightlifting","","0","0","0","0","","","",""
"needs-measuring","SWBBFUR20","Fixed PU Curl Barbell - 5kg","Weightlifting","","0","0","0","0","","","",""
"needs-measuring","SWBBFUR23","Fixed PU Curl Barbell - 12.5kg","Weightlifting","","0","0","0","0","","","",""
"needs-measuring","SWBBFUR25","Fixed PU Curl Barbell - 17.5kg","Weightlifting","","0","0","0","0","","","",""
"needs-measuring","SWBBFUR27","Fixed PU Curl Barbell - 22.5kg","Weightlifting","","0","0","0","0","","","",""
"needs-measuring","SWBBFUR29","Fixed PU Curl Barbell - 27.5kg","Weightlifting","","0","0","0","0","","","",""
"needs-measuring","SWBBFUR31","Fixed PU Curl Barbell - 32.5kg","Weightlifting","","0","0","0","0","","","",""
"needs-measuring","SWBBFUR33","Fixed PU Curl Barbell - 37.5kg","Weightlifting","","0","0","0","0","","","",""
"needs-measuring","SWWAACC01","Weightlifting Belt","Weightlifting","","0","0","0","0","","","",""
"needs-measuring","SWWLRR01","Squat Wedge Block","Weightlifting","","0","0","0","0","","","",""
"needs-measuring","SWWPOU08","Olympic PU Weight Plates (4 Grip) - 1.25kg","Weightlifting","","0","0","0","0","","","",""
"needs-measuring","SWWPOU09","Olympic PU Weight Plates (4 Grip) - 10kg","Weightlifting","","0","0","0","0","","","",""
"needs-measuring","SWWPOU11","Olympic PU Weight Plates (4 Grip) - 2.5kg","Weightlifting","","0","0","0","0","","","",""
"needs-measuring","SWWPOU12","Olympic PU Weight Plates (4 Grip) - 20kg","Weightlifting","","0","0","0","0","","","",""
"needs-measuring","SWWPOU14","Olympic PU Weight Plates (4 Grip) - 5kg","Weightlifting","","0","0","0","0","","","",""
