Group,Sub-group,Card,Level,Product code,Product name,Problem,Unleashed field,What the customer sees
"Strength","Squat & Power Racks","Olympic Half Rack","card","MRSPFW09","Olympic Half Rack","FILED UNDER THE WRONG GROUP","Product > Product Group","Sub-group ""Squat & Power Racks"" otherwise lives under Rigs & Racks; this card sits alone under Strength"
"Strength","Cable Machines","Cable Pulley System","card","MSCMATT02","Cable Pulley System","MISSING CARTON — NOT ON THE SITE","Product > Width / Height / Depth / Weight","No size has a freight carton, so the whole card is withheld from /equipment/strength and from the sitemap"
"Strength","Cable Machines","Power Grip Cable Attachment Set (5)","card","MSCMATT01","Power Grip Cable Attachment Set (5)","MISSING CARTON — NOT ON THE SITE","Product > Width / Height / Depth / Weight","No size has a freight carton, so the whole card is withheld from /equipment/strength and from the sitemap"
"Strength","Lower Body Machines","Smith Machine","card","MSLBPL24","Smith Machine","NO CARD — NOT ON THE SITE","Product > Product Description","1 product with no card: this and ""Smith Machine"" under Rigs & Racks both become /product/smith-machine, and Rigs & Racks wins. Rename one of them."
"Strength","Lower Body Machines","V-Squat","card","MSLBPL26","V-Squat","NO CARD — NOT ON THE SITE","Product > Product Description","1 product with no card: this and ""V Squat"" under Strength both become /product/v-squat, and Strength wins. Rename one of them."
"Strength","Cable Machines","Cable Pulley System","card","MSCMATT02","Cable Pulley System","NO PHOTO anywhere","Product > Images","Empty tile on the category grid and on /product/cable-pulley-system"
"Strength","Chest & Shoulder Machines","Hi & Low Adjustable Pulley","card","MSCMSE05","Hi & Low Adjustable Pulley","NO PHOTO anywhere","Product > Images","Empty tile on the category grid and on /product/hi-and-low-adjustable-pulley"
"Strength","Lower Body Machines","Multi Deadlift","card","MSLBPL21","Multi Deadlift","NO PHOTO anywhere","Product > Images","Empty tile on the category grid and on /product/multi-deadlift"
"Strength","Lower Body Machines","3D Seated Abduction","card","MSLBPL30","3D Seated Abduction","NO PRICE","Product > Default Sell Price","Card and page both read ""Contact for pricing"""
"Strength","Chest & Shoulder Machines","4 Stack Multi-station","card","MSCMSE02","4 Stack Multi-station","NO PRICE","Product > Default Sell Price","Card and page both read ""Contact for pricing"""
"Strength","Back Machines","45 Degree Hyperextension Bench","card","MSBMB02","45 Degree Hyperextension Bench","NO PRICE","Product > Default Sell Price","Card and page both read ""Contact for pricing"""
"Strength","Chest & Shoulder Machines","5 Stack Multi-station","card","MSCMSE04","5 Stack Multi-station","NO PRICE","Product > Default Sell Price","Card and page both read ""Contact for pricing"""
"Strength","Chest & Shoulder Machines","8 Stack Multi-station","card","MSCMSE03","8 Stack Multi-station","NO PRICE","Product > Default Sell Price","Card and page both read ""Contact for pricing"""
"Strength","Lower Body Machines","Alternate Leg Extension Machine","card","MSLBPL12","Alternate Leg Extension Machine","NO PRICE","Product > Default Sell Price","Card and page both read ""Contact for pricing"""
"Strength","Chest & Shoulder Machines","Dual Adjustable Pulley","card","MSCMSE01","Dual Adjustable Pulley","NO PRICE","Product > Default Sell Price","Card and page both read ""Contact for pricing"""
"Strength","Chest & Shoulder Machines","Dual-Arm Functional Trainer","card","MSCMSE06","Dual-Arm Functional Trainer","NO PRICE","Product > Default Sell Price","Card and page both read ""Contact for pricing"""
"Strength","Chest & Shoulder Machines","Fixed Upright Bench","card","MSCSPL05","Fixed Upright Bench","NO PRICE","Product > Default Sell Price","Card and page both read ""Contact for pricing"""
"Strength","Bicep & Tricep Machines","Glute & Hamstring Developer","card","MSBTPL07","Glute & Hamstring Developer","NO PRICE","Product > Default Sell Price","Card and page both read ""Contact for pricing"""
"Strength","Chest & Shoulder Machines","Hi & Low Adjustable Pulley","card","MSCMSE05","Hi & Low Adjustable Pulley","NO PRICE","Product > Default Sell Price","Card and page both read ""Contact for pricing"""
"Strength","Lower Body Machines","Iso-Lateral Multi-Squat Lunge","card","MSLBPL29","Iso-Lateral Multi-Squat Lunge","NO PRICE","Product > Default Sell Price","Card and page both read ""Contact for pricing"""
"Strength","Back Machines","Iso-Lateral Seated Row","card","MSBMSE08","Iso-Lateral Seated Row","NO PRICE","Product > Default Sell Price","Card and page both read ""Contact for pricing"""
"Strength","Back Machines","Lat Pulldown","card","MSBMSE07","Lat Pulldown","NO PRICE","Product > Default Sell Price","Card and page both read ""Contact for pricing"""
"Strength","Lower Body Machines","Leg Extension & Leg Curl Machine","card","MSLBSE11","Leg Extension & Leg Curl Machine","NO PRICE","Product > Default Sell Price","Card and page both read ""Contact for pricing"""
"Strength","Chest & Shoulder Machines","Leg Extension Machine","card","MSLBSE09","Leg Extension Machine","NO PRICE","Product > Default Sell Price","Card and page both read ""Contact for pricing"""
"Strength","Lower Body Machines","Leg Press & Hack Squat","card","MSLBSE10","Leg Press & Hack Squat","NO PRICE","Product > Default Sell Price","Card and page both read ""Contact for pricing"""
"Strength","Lower Body Machines","Multi Belt Squat","card","MSLBPL17","Multi Belt Squat","NO PRICE","Product > Default Sell Price","Card and page both read ""Contact for pricing"""
"Strength","Chest & Shoulder Machines","Olympic Flat Bench","card","MSCSPL02","Olympic Flat Bench","NO PRICE","Product > Default Sell Price","Card and page both read ""Contact for pricing"""
"Strength","Squat & Power Racks","Olympic Half Rack","card","MRSPFW09","Olympic Half Rack","NO PRICE","Product > Default Sell Price","Card and page both read ""Contact for pricing"""
"Strength","Bicep & Tricep Machines","Preacher Bench","card","MSBTPL01","Preacher Bench","NO PRICE","Product > Default Sell Price","Card and page both read ""Contact for pricing"""
"Strength","Back Machines","Seal Row Bench","card","MSBMPL03","Seal Row Bench","NO PRICE","Product > Default Sell Price","Card and page both read ""Contact for pricing"""
"Strength","Chest & Shoulder Machines","Seated Leg Curl","card","MSLBSE08","Seated Leg Curl","NO PRICE","Product > Default Sell Price","Card and page both read ""Contact for pricing"""
"Strength","Chest & Shoulder Machines","Standing Multi Flight","card","MSCSSE09","Standing Multi Flight","NO PRICE","Product > Default Sell Price","Card and page both read ""Contact for pricing"""
"Strength","Back Machines","T-Bar Row (Incline)","card","MSBMPL01","T-Bar Row (Incline)","NO PRICE","Product > Default Sell Price","Card and page both read ""Contact for pricing"""
"Strength","Back Machines","Vertical Knee Raise & Dip","card","MSBMB01","Vertical Knee Raise & Dip","NO PRICE","Product > Default Sell Price","Card and page both read ""Contact for pricing"""
"Strength","Lower Body Machines","Hip Thrustor","card","MSLBPL03 / MSLBPL22","Hip Thrustor  vs  Hip Thrust","TWO CARDS, ONE PRODUCT","Product > Product Description","""Hip Thrustor"" (1 size) and ""Hip Thrust"" (1) draw separate cards — one word apart, ""thrustor"" vs ""thrust"". Make the names identical and they merge into one card with one picker."
"Weightlifting","Barbells","Fixed PU Curl Barbell","card","MWBBFUR20","Fixed PU Curl Barbell - 5kg","MISSING CARTON — NOT ON THE SITE","Product > Width / Height / Depth / Weight","No size has a freight carton, so the whole card is withheld from /equipment/weightlifting and from the sitemap"
"Weightlifting","Weight Plates","Olympic PU Weight Plates (4 Grip)","card","MWWPOU08","Olympic PU Weight Plates (4 Grip) - 1.25kg","MISSING CARTON — NOT ON THE SITE","Product > Width / Height / Depth / Weight","No size has a freight carton, so the whole card is withheld from /equipment/weightlifting and from the sitemap"
"Weightlifting","Weight Plates","Olympic Urethane Weight Plates (4 Grip)","card","MWWPOU10","Olympic Urethane Weight Plates (4 Grip) - 15kg","MISSING CARTON — NOT ON THE SITE","Product > Width / Height / Depth / Weight","No size has a freight carton, so the whole card is withheld from /equipment/weightlifting and from the sitemap"
"Weightlifting","Weight Plates","Pro Bumper Plates","card","MWWPCNB06","Pro Bumper Plates - 5kg","MISSING CARTON — NOT ON THE SITE","Product > Width / Height / Depth / Weight","No size has a freight carton, so the whole card is withheld from /equipment/weightlifting and from the sitemap"
"Weightlifting","Weightlifting Accessories","Squat Wedge Block","card","MWWLRR01","Squat Wedge Block","MISSING CARTON — NOT ON THE SITE","Product > Width / Height / Depth / Weight","No size has a freight carton, so the whole card is withheld from /equipment/weightlifting and from the sitemap"
"Weightlifting","Weightlifting Accessories","Technique/Training Pipe","card","MWWLPVC01","Technique/Training Pipe","MISSING CARTON — NOT ON THE SITE","Product > Width / Height / Depth / Weight","No size has a freight carton, so the whole card is withheld from /equipment/weightlifting and from the sitemap"
"Weightlifting","Weightlifting Accessories","Weightlifting Belt","card","MWWAACC01","Weightlifting Belt","MISSING CARTON — NOT ON THE SITE","Product > Width / Height / Depth / Weight","No size has a freight carton, so the whole card is withheld from /equipment/weightlifting and from the sitemap"
"Weightlifting","Lifting Platform","Lifting Plus Integrated Platform","card","MWLPFS01","Lifting Plus Integrated Platform","NO PHOTO anywhere","Product > Images","Empty tile on the category grid and on /product/lifting-plus-integrated-platform"
"Weightlifting","Weight Plates","Olympic Urethane Weight Plates (4 Grip)","card","MWWPOU10","Olympic Urethane Weight Plates (4 Grip) - 15kg","NO PHOTO anywhere","Product > Images","Empty tile on the category grid and on /product/olympic-urethane-weight-plates-4-grip"
"Weightlifting","Weightlifting Accessories","Technique/Training Pipe","card","MWWLPVC01","Technique/Training Pipe","NO PHOTO anywhere","Product > Images","Empty tile on the category grid and on /product/technique-training-pipe"
"Weightlifting","Weight Plates","Change Plates","size","MWWPCP03","Change Plates - 0.5kg","SIZE HAS NO PHOTO","Product > Images","Picking this size on /product/change-plates shows the range's other photo, not this one"
"Weightlifting","Weight Plates","Change Plates","size","MWWPCP04","Change Plates - 1kg","SIZE HAS NO PHOTO","Product > Images","Picking this size on /product/change-plates shows the range's other photo, not this one"
"Weightlifting","Weight Plates","Change Plates","size","MWWPCP05","Change Plates - 1.5kg","SIZE HAS NO PHOTO","Product > Images","Picking this size on /product/change-plates shows the range's other photo, not this one"
"Weightlifting","Weight Plates","Change Plates","size","MWWPCP06","Change Plates - 2kg","SIZE HAS NO PHOTO","Product > Images","Picking this size on /product/change-plates shows the range's other photo, not this one"
"Weightlifting","Barbells","Fixed PU Curl Barbell","size","MWBBFUR21","Fixed PU Curl Barbell - 7.5kg","SIZE HAS NO PHOTO","Product > Images","Picking this size on /product/fixed-pu-curl-barbell shows the range's other photo, not this one"
"Weightlifting","Barbells","Fixed PU Curl Barbell","size","MWBBFUR22","Fixed PU Curl Barbell - 10kg","SIZE HAS NO PHOTO","Product > Images","Picking this size on /product/fixed-pu-curl-barbell shows the range's other photo, not this one"
"Weightlifting","Barbells","Fixed PU Curl Barbell","size","MWBBFUR23","Fixed PU Curl Barbell - 12.5kg","SIZE HAS NO PHOTO","Product > Images","Picking this size on /product/fixed-pu-curl-barbell shows the range's other photo, not this one"
"Weightlifting","Barbells","Fixed PU Curl Barbell","size","MWBBFUR24","Fixed PU Curl Barbell - 15kg","SIZE HAS NO PHOTO","Product > Images","Picking this size on /product/fixed-pu-curl-barbell shows the range's other photo, not this one"
"Weightlifting","Barbells","Fixed PU Curl Barbell","size","MWBBFUR25","Fixed PU Curl Barbell - 17.5kg","SIZE HAS NO PHOTO","Product > Images","Picking this size on /product/fixed-pu-curl-barbell shows the range's other photo, not this one"
"Weightlifting","Barbells","Fixed PU Curl Barbell","size","MWBBFUR26","Fixed PU Curl Barbell - 20kg","SIZE HAS NO PHOTO","Product > Images","Picking this size on /product/fixed-pu-curl-barbell shows the range's other photo, not this one"
"Weightlifting","Barbells","Fixed PU Curl Barbell","size","MWBBFUR27","Fixed PU Curl Barbell - 22.5kg","SIZE HAS NO PHOTO","Product > Images","Picking this size on /product/fixed-pu-curl-barbell shows the range's other photo, not this one"
"Weightlifting","Barbells","Fixed PU Curl Barbell","size","MWBBFUR28","Fixed PU Curl Barbell - 25kg","SIZE HAS NO PHOTO","Product > Images","Picking this size on /product/fixed-pu-curl-barbell shows the range's other photo, not this one"
"Weightlifting","Barbells","Fixed PU Curl Barbell","size","MWBBFUR29","Fixed PU Curl Barbell - 27.5kg","SIZE HAS NO PHOTO","Product > Images","Picking this size on /product/fixed-pu-curl-barbell shows the range's other photo, not this one"
"Weightlifting","Barbells","Fixed PU Curl Barbell","size","MWBBFUR30","Fixed PU Curl Barbell - 30kg","SIZE HAS NO PHOTO","Product > Images","Picking this size on /product/fixed-pu-curl-barbell shows the range's other photo, not this one"
"Weightlifting","Barbells","Fixed PU Curl Barbell","size","MWBBFUR31","Fixed PU Curl Barbell - 32.5kg","SIZE HAS NO PHOTO","Product > Images","Picking this size on /product/fixed-pu-curl-barbell shows the range's other photo, not this one"
"Weightlifting","Barbells","Fixed PU Curl Barbell","size","MWBBFUR32","Fixed PU Curl Barbell - 35kg","SIZE HAS NO PHOTO","Product > Images","Picking this size on /product/fixed-pu-curl-barbell shows the range's other photo, not this one"
"Weightlifting","Barbells","Fixed PU Curl Barbell","size","MWBBFUR33","Fixed PU Curl Barbell - 37.5kg","SIZE HAS NO PHOTO","Product > Images","Picking this size on /product/fixed-pu-curl-barbell shows the range's other photo, not this one"
"Weightlifting","Barbells","Fixed PU Curl Barbell","size","MWBBFUR34","Fixed PU Curl Barbell - 40kg","SIZE HAS NO PHOTO","Product > Images","Picking this size on /product/fixed-pu-curl-barbell shows the range's other photo, not this one"
"Weightlifting","Barbells","Fixed PU Curl Barbell","size","MWBBFUR35","Fixed PU Curl Barbell - 42.5kg","SIZE HAS NO PHOTO","Product > Images","Picking this size on /product/fixed-pu-curl-barbell shows the range's other photo, not this one"
"Weightlifting","Barbells","Fixed PU Curl Barbell","size","MWBBFUR36","Fixed PU Curl Barbell - 45kg","SIZE HAS NO PHOTO","Product > Images","Picking this size on /product/fixed-pu-curl-barbell shows the range's other photo, not this one"
"Weightlifting","Barbells","Fixed PU Curl Barbell","size","MWBBFUR37","Fixed PU Curl Barbell - 47.5kg","SIZE HAS NO PHOTO","Product > Images","Picking this size on /product/fixed-pu-curl-barbell shows the range's other photo, not this one"
"Weightlifting","Barbells","Fixed PU Curl Barbell","size","MWBBFUR38","Fixed PU Curl Barbell - 50kg","SIZE HAS NO PHOTO","Product > Images","Picking this size on /product/fixed-pu-curl-barbell shows the range's other photo, not this one"
"Weightlifting","Barbells","Olympic Barbell","size","MWBBOS01","Olympic Barbell - 15kg (1500Lb Capacity) - Stainless Steel","SIZE HAS NO PHOTO","Product > Images","Picking this size on /product/olympic-barbell-7ft-chrome-1000lb-capacity shows the range's other photo, not this one"
"Weightlifting","Barbells","Olympic Barbell","size","MWBBOS02","Olympic Barbell - 20kg (2000Lb Capacity) - Stainless Steel","SIZE HAS NO PHOTO","Product > Images","Picking this size on /product/olympic-barbell-7ft-chrome-1000lb-capacity shows the range's other photo, not this one"
"Weightlifting","Weight Plates","Olympic PU Weight Plates (4 Grip)","size","MWWPOU08","Olympic PU Weight Plates (4 Grip) - 1.25kg","SIZE HAS NO PHOTO","Product > Images","Picking this size on /product/olympic-pu-weight-plates-4-grip shows the range's other photo, not this one"
"Weightlifting","Weight Plates","Olympic PU Weight Plates (4 Grip)","size","MWWPOU09","Olympic PU Weight Plates (4 Grip) - 10kg","SIZE HAS NO PHOTO","Product > Images","Picking this size on /product/olympic-pu-weight-plates-4-grip shows the range's other photo, not this one"
"Weightlifting","Weight Plates","Olympic PU Weight Plates (4 Grip)","size","MWWPOU11","Olympic PU Weight Plates (4 Grip) - 2.5kg","SIZE HAS NO PHOTO","Product > Images","Picking this size on /product/olympic-pu-weight-plates-4-grip shows the range's other photo, not this one"
"Weightlifting","Weight Plates","Olympic PU Weight Plates (4 Grip)","size","MWWPOU12","Olympic PU Weight Plates (4 Grip) - 20kg","SIZE HAS NO PHOTO","Product > Images","Picking this size on /product/olympic-pu-weight-plates-4-grip shows the range's other photo, not this one"
"Weightlifting","Weight Plates","Olympic Urethane Weight Plates (3 Grip)","size","MWWPOU01","Olympic Urethane Weight Plates (3 Grip) - 1.5kg","SIZE HAS NO PHOTO","Product > Images","Picking this size on /product/olympic-urethane-weight-plates-3 shows the range's other photo, not this one"
"Weightlifting","Weight Plates","Pro Bumper Plates","size","MWWPCNB07","Pro Bumper Plates - 10kg","SIZE HAS NO PHOTO","Product > Images","Picking this size on /product/pro-bumper-plates shows the range's other photo, not this one"
"Weightlifting","Weight Plates","Pro Bumper Plates","size","MWWPCNB08","Pro Bumper Plates - 15kg","SIZE HAS NO PHOTO","Product > Images","Picking this size on /product/pro-bumper-plates shows the range's other photo, not this one"
"Weightlifting","Weight Plates","Pro Bumper Plates","size","MWWPCNB09","Pro Bumper Plates - 20kg","SIZE HAS NO PHOTO","Product > Images","Picking this size on /product/pro-bumper-plates shows the range's other photo, not this one"
"Weightlifting","Weight Plates","Pro Bumper Plates","size","MWWPCNB10","Pro Bumper Plates - 25kg","SIZE HAS NO PHOTO","Product > Images","Picking this size on /product/pro-bumper-plates shows the range's other photo, not this one"
"Weightlifting","Barbells","Rubber EZ Fixed Barbells","size","MWBBFR07A","Rubber EZ Fixed Barbells - 27.5kg","SIZE HAS NO PHOTO","Product > Images","Picking this size on /product/rubber-ez-fixed-barbells-2 shows the range's other photo, not this one"
"Weightlifting","Barbells","Rubber EZ Fixed Barbells","size","MWBBFRZ01A","Rubber EZ Fixed Barbells - 7.5kg","SIZE HAS NO PHOTO","Product > Images","Picking this size on /product/rubber-ez-fixed-barbells-2 shows the range's other photo, not this one"
"Weightlifting","Barbells","Rubber EZ Fixed Barbells","size","MWBBFRZ08A","Rubber EZ Fixed Barbells - 32.5kg","SIZE HAS NO PHOTO","Product > Images","Picking this size on /product/rubber-ez-fixed-barbells-2 shows the range's other photo, not this one"
"Weightlifting","Barbells","Urethane Fixed Barbells","size","MWBBFUR13","Urethane Fixed Barbells - 27.5kg","SIZE HAS NO PHOTO","Product > Images","Picking this size on /product/urethane-fixed-barbells-2 shows the range's other photo, not this one"
"Weightlifting","Barbells","Urethane Fixed Barbells","size","MWBBFUR14","Urethane Fixed Barbells - 32.5kg","SIZE HAS NO PHOTO","Product > Images","Picking this size on /product/urethane-fixed-barbells-2 shows the range's other photo, not this one"
"Weightlifting","Barbells","Urethane Fixed Barbells","size","MWBBFUR15","Urethane Fixed Barbells - 37.5kg","SIZE HAS NO PHOTO","Product > Images","Picking this size on /product/urethane-fixed-barbells-2 shows the range's other photo, not this one"
"Weightlifting","Barbells","Urethane Fixed Barbells","size","MWBBFUR16","Urethane Fixed Barbells - 42.5kg","SIZE HAS NO PHOTO","Product > Images","Picking this size on /product/urethane-fixed-barbells-2 shows the range's other photo, not this one"
"Weightlifting","Barbells","Urethane Fixed Barbells","size","MWBBFUR17","Urethane Fixed Barbells - 45kg","SIZE HAS NO PHOTO","Product > Images","Picking this size on /product/urethane-fixed-barbells-2 shows the range's other photo, not this one"
"Weightlifting","Barbells","Urethane Fixed Barbells","size","MWBBFUR18","Urethane Fixed Barbells - 47.5kg","SIZE HAS NO PHOTO","Product > Images","Picking this size on /product/urethane-fixed-barbells-2 shows the range's other photo, not this one"
"Weightlifting","Barbells","Urethane Fixed Barbells","size","MWBBFUR19","Urethane Fixed Barbells - 50kg","SIZE HAS NO PHOTO","Product > Images","Picking this size on /product/urethane-fixed-barbells-2 shows the range's other photo, not this one"
"Weightlifting","Weight Plates","Change Plates","size","MWWPCP03","Change Plates - 0.5kg","SIZE MISSING CARTON","Product > Width / Height / Depth / Weight","This size is missing from the picker on /product/change-plates; the rest of the range still sells"
"Weightlifting","Weight Plates","Change Plates","size","MWWPCP04","Change Plates - 1kg","SIZE MISSING CARTON","Product > Width / Height / Depth / Weight","This size is missing from the picker on /product/change-plates; the rest of the range still sells"
"Weightlifting","Weight Plates","Change Plates","size","MWWPCP05","Change Plates - 1.5kg","SIZE MISSING CARTON","Product > Width / Height / Depth / Weight","This size is missing from the picker on /product/change-plates; the rest of the range still sells"
"Weightlifting","Weight Plates","Change Plates","size","MWWPCP06","Change Plates - 2kg","SIZE MISSING CARTON","Product > Width / Height / Depth / Weight","This size is missing from the picker on /product/change-plates; the rest of the range still sells"
"Weightlifting","Barbells","Urethane Fixed Barbells","size","MWBBFUR11","Urethane Fixed Barbells - 5kg","SIZE MISSING CARTON","Product > Width / Height / Depth / Weight","This size is missing from the picker on /product/urethane-fixed-barbells-2; the rest of the range still sells"
"Weightlifting","Barbells","Urethane Fixed Barbells","size","MWBBFUR13","Urethane Fixed Barbells - 27.5kg","SIZE MISSING CARTON","Product > Width / Height / Depth / Weight","This size is missing from the picker on /product/urethane-fixed-barbells-2; the rest of the range still sells"
"Weightlifting","Barbells","Urethane Fixed Barbells","size","MWBBFUR14","Urethane Fixed Barbells - 32.5kg","SIZE MISSING CARTON","Product > Width / Height / Depth / Weight","This size is missing from the picker on /product/urethane-fixed-barbells-2; the rest of the range still sells"
"Weightlifting","Barbells","Urethane Fixed Barbells","size","MWBBFUR15","Urethane Fixed Barbells - 37.5kg","SIZE MISSING CARTON","Product > Width / Height / Depth / Weight","This size is missing from the picker on /product/urethane-fixed-barbells-2; the rest of the range still sells"
"Weightlifting","Barbells","Urethane Fixed Barbells","size","MWBBFUR16","Urethane Fixed Barbells - 42.5kg","SIZE MISSING CARTON","Product > Width / Height / Depth / Weight","This size is missing from the picker on /product/urethane-fixed-barbells-2; the rest of the range still sells"
"Weightlifting","Barbells","Urethane Fixed Barbells","size","MWBBFUR17","Urethane Fixed Barbells - 45kg","SIZE MISSING CARTON","Product > Width / Height / Depth / Weight","This size is missing from the picker on /product/urethane-fixed-barbells-2; the rest of the range still sells"
"Weightlifting","Barbells","Urethane Fixed Barbells","size","MWBBFUR18","Urethane Fixed Barbells - 47.5kg","SIZE MISSING CARTON","Product > Width / Height / Depth / Weight","This size is missing from the picker on /product/urethane-fixed-barbells-2; the rest of the range still sells"
"Weightlifting","Barbells","Urethane Fixed Barbells","size","MWBBFUR19","Urethane Fixed Barbells - 50kg","SIZE MISSING CARTON","Product > Width / Height / Depth / Weight","This size is missing from the picker on /product/urethane-fixed-barbells-2; the rest of the range still sells"
"Rigs & Racks","Accessories","Storage Pin with Shoulder","card","MRATTACC01","Storage Pin with Shoulder","MISSING CARTON — NOT ON THE SITE","Product > Width / Height / Depth / Weight","No size has a freight carton, so the whole card is withheld from /equipment/rigs-racks and from the sitemap"
"Rigs & Racks","Attachments","Rig Universal Upright","card","MRSPATT07","Rig Universal Upright","NO CARD — NOT ON THE SITE","Product > Product Description","1 product with no card: this and ""Rig Universal Upright"" under Equipment Storage both become /product/rig-universal-upright, and Equipment Storage wins. Rename one of them."
"Rigs & Racks","Squat & Power Racks","2-Cell Rack with Storage","card","MRSPFW06","2-Cell Rack with Storage","NO PHOTO anywhere","Product > Images","Empty tile on the category grid and on /product/2-cell-rack-with-storage"
"Rigs & Racks","Squat & Power Racks","Olympic Half Rack (Wall Mounted)","card","MRSPFW11","Olympic Half Rack (Wall Mounted)","NO PHOTO anywhere","Product > Images","Empty tile on the category grid and on /product/olympic-half-rack-wall-mounted"
"Rigs & Racks","Squat & Power Racks","Olympic Half Rack 2.0","card","MRSPFW10","Olympic Half Rack 2.0","NO PHOTO anywhere","Product > Images","Empty tile on the category grid and on /product/olympic-half-rack-2-0"
"Rigs & Racks","Squat & Power Racks","Olympic Half Rack with Dead Lift","card","MRSPFW12","Olympic Half Rack with Dead Lift","NO PHOTO anywhere","Product > Images","Empty tile on the category grid and on /product/olympic-half-rack-with-dead-lift"
"Rigs & Racks","Squat & Power Racks","Olympic Half Rack with Dual Pulley","card","MRSPFW13","Olympic Half Rack with Dual Pulley","NO PHOTO anywhere","Product > Images","Empty tile on the category grid and on /product/olympic-half-rack-with-dual-pulley"
"Rigs & Racks","Squat & Power Racks","Olympic Half Rack with Dual Pulley (Wall Mounted)","card","MRSPFW14","Olympic Half Rack with Dual Pulley (Wall Mounted)","NO PHOTO anywhere","Product > Images","Empty tile on the category grid and on /product/olympic-half-rack-with-dual-pulley-wall-mounted"
"Rigs & Racks","Squat & Power Racks","Olympic Power Rack 5.0","card","MRSPFW15","Olympic Power Rack 5.0","NO PHOTO anywhere","Product > Images","Empty tile on the category grid and on /product/olympic-power-rack-5-0"
"Rigs & Racks","Squat & Power Racks","Olympic Power Rack with Dual Pulley","card","MRSPFW16","Olympic Power Rack with Dual Pulley","NO PHOTO anywhere","Product > Images","Empty tile on the category grid and on /product/olympic-power-rack-with-dual-pulley"
"Rigs & Racks","Squat & Power Racks","Smith Machine","card","MRSPFW07","Smith Machine","NO PHOTO anywhere","Product > Images","Empty tile on the category grid and on /product/smith-machine"
"Rigs & Racks","Accessories","Storage Pin with Shoulder","card","MRATTACC01","Storage Pin with Shoulder","NO PHOTO anywhere","Product > Images","Empty tile on the category grid and on /product/storage-pin-with-shoulder"
"Cardio","Ski Trainer","CONCEPT 2 - Ski Erg Floor Stand","card","C2SKIERGFS","CONCEPT 2 - Ski Erg Floor Stand","MISSING CARTON — NOT ON THE SITE","Product > Width / Height / Depth / Weight","No size has a freight carton, so the whole card is withheld from /equipment/cardio and from the sitemap"
"Cardio","Ski Trainer","Ski Trainer Floor Stand","card","MCSTACC01","Ski Trainer Floor Stand","MISSING CARTON — NOT ON THE SITE","Product > Width / Height / Depth / Weight","No size has a freight carton, so the whole card is withheld from /equipment/cardio and from the sitemap"
"Cardio","Bikes","Impulse Spin Bike with Console","card","OCBIMG01","Impulse Spin Bike with Console","NO CARD — NOT ON THE SITE","Product > Product Description","1 product with no card and no colliding page found — check the name."
"Cardio","Bikes","Vortect Commercial Spin Bike","card","OCBIMG03","Vortect Commercial Spin Bike","NO CARD — NOT ON THE SITE","Product > Product Description","1 product with no card and no colliding page found — check the name."
"Cardio","Bikes","Performance Indoor Cycle","card","MCBIMG01","Performance Indoor Cycle","NO PHOTO anywhere","Product > Images","Empty tile on the category grid and on /product/performance-indoor-cycle"
"Cardio","Reformer","Performance Reformer","card","MCRFAL01","Performance Reformer","NO PHOTO anywhere","Product > Images","Empty tile on the category grid and on /product/performance-reformer"
"Cardio","Reformer","Studio Reformer","card","MCRFWO01","Studio Reformer","NO PHOTO anywhere","Product > Images","Empty tile on the category grid and on /product/studio-reformer"
"Mixed Implements","Dumbbells","Chrome 110 Dumbbells (1kg-7kg Pairs)","card","MMPACE103","Chrome 110 Dumbbells (1kg-7kg Pairs)","MISSING CARTON — NOT ON THE SITE","Product > Width / Height / Depth / Weight","No size has a freight carton, so the whole card is withheld from /equipment/mixed-implements and from the sitemap"
"Mixed Implements","Battle Ropes","Climbing Rope","card","MMBRNC02","Climbing Rope - 7m","MISSING CARTON — NOT ON THE SITE","Product > Width / Height / Depth / Weight","No size has a freight carton, so the whole card is withheld from /equipment/mixed-implements and from the sitemap"
"Mixed Implements","Boxing","Cotton Inners","card","MMBXG01","Cotton Inners","MISSING CARTON — NOT ON THE SITE","Product > Width / Height / Depth / Weight","No size has a freight carton, so the whole card is withheld from /equipment/mixed-implements and from the sitemap"
"Mixed Implements","Dumbbells","Olympic Dumbbell Handles (Pair)","card","MMDBOH01","Olympic Dumbbell Handles (Pair)","MISSING CARTON — NOT ON THE SITE","Product > Width / Height / Depth / Weight","No size has a freight carton, so the whole card is withheld from /equipment/mixed-implements and from the sitemap"
"Mixed Implements","Pilates","Pilates Ring","card","MMPILFG01","Pilates Ring","MISSING CARTON — NOT ON THE SITE","Product > Width / Height / Depth / Weight","No size has a freight carton, so the whole card is withheld from /equipment/mixed-implements and from the sitemap"
"Mixed Implements","Dumbbells","Premium Rubber Hex Dumbbell","card","MMDBPRH01","Premium Rubber Hex Dumbbell - 1kg","MISSING CARTON — NOT ON THE SITE","Product > Width / Height / Depth / Weight","No size has a freight carton, so the whole card is withheld from /equipment/mixed-implements and from the sitemap"
"Mixed Implements","Dumbbells","Rubber Hex Dumbbell","card","MMDBRH01","Rubber Hex Dumbbell - 1kg","MISSING CARTON — NOT ON THE SITE","Product > Width / Height / Depth / Weight","No size has a freight carton, so the whole card is withheld from /equipment/mixed-implements and from the sitemap"
"Mixed Implements","Dumbbells","Urethane Fixed Dumbbells (Pair)","card","MMDBUR19","Urethane Fixed Dumbbells (Pair) - 7.5kg","MISSING CARTON — NOT ON THE SITE","Product > Width / Height / Depth / Weight","No size has a freight carton, so the whole card is withheld from /equipment/mixed-implements and from the sitemap"
"Mixed Implements","Dumbbells","Chrome Dumbbell Set (1kg-10kg Pairs)","card","MMDBCE01","Chrome Dumbbell Set (1kg-10kg Pairs)","NO PHOTO anywhere","Product > Images","Empty tile on the category grid and on /product/chrome-dumbbell-set-1kg-10kg-pairs"
"Mixed Implements","Battle Ropes","Climbing Rope","card","MMBRNC02","Climbing Rope - 7m","NO PHOTO anywhere","Product > Images","Empty tile on the category grid and on /product/climbing-rope"
"Mixed Implements","Boxing","Cotton Inners","card","MMBXG01","Cotton Inners","NO PHOTO anywhere","Product > Images","Empty tile on the category grid and on /product/cotton-inners"
"Mixed Implements","Dumbbells","Urethane Fixed Dumbbells (Pair)","card","MMDBUR19","Urethane Fixed Dumbbells (Pair) - 7.5kg","NO PHOTO anywhere","Product > Images","Empty tile on the category grid and on /product/urethane-fixed-dumbbells-pair"
"Mixed Implements","Wall Balls","Wall Ball (Armatex) -12kg","card","MMWAARM09","Wall Ball (Armatex) -12kg","NO PHOTO anywhere","Product > Images","Empty tile on the category grid and on /product/wall-ball-armatex-12kg"
"Mixed Implements","Group Fitness","Group Fitness Barbell Set-Collars (PR)","card","MMGFPS02-C","Group Fitness Barbell Set-Collars (PR)","NO PRICE","Product > Default Sell Price","Card and page both read ""Contact for pricing"""
"Mixed Implements","Wall Balls","Wall Ball (Armatex) -12kg","card","MMWAARM09","Wall Ball (Armatex) -12kg","NO PRICE","Product > Default Sell Price","Card and page both read ""Contact for pricing"""
"Mixed Implements","Dead Balls","High Grip Dead Ball","size","MMDEHG16","High Grip Dead Ball - 60kg","SIZE HAS NO PHOTO","Product > Images","Picking this size on /product/high-grip-dead-ball-4 shows the range's other photo, not this one"
"Mixed Implements","Dead Balls","High Grip Dead Ball","size","MMDEHG17","High Grip Dead Ball - 70kg","SIZE HAS NO PHOTO","Product > Images","Picking this size on /product/high-grip-dead-ball-4 shows the range's other photo, not this one"
"Mixed Implements","Medicine Balls","Medicine Ball","size","MMMBPR 03","Medicine Ball - 6kg","SIZE HAS NO PHOTO","Product > Images","Picking this size on /product/medicine-ball-2 shows the range's other photo, not this one"
"Mixed Implements","Power Bags","Power Bag","size","MMPWPBG06","Power Bag - 5kg","SIZE HAS NO PHOTO","Product > Images","Picking this size on /product/power-bag-2 shows the range's other photo, not this one"
"Mixed Implements","Power Bags","Power Bag","size","MMPWPBG07","Power Bag - 30kg","SIZE HAS NO PHOTO","Product > Images","Picking this size on /product/power-bag-2 shows the range's other photo, not this one"
"Mixed Implements","Dumbbells","PU Dumbbells (Pair)","size","MMDBUR29","PU Dumbbells (Pair) - 55kg","SIZE HAS NO PHOTO","Product > Images","Picking this size on /product/urethane-fixed-dumbbells-2 shows the range's other photo, not this one"
"Mixed Implements","Dumbbells","PU Dumbbells (Pair)","size","MMDBUR30","PU Dumbbells (Pair) - 60kg","SIZE HAS NO PHOTO","Product > Images","Picking this size on /product/urethane-fixed-dumbbells-2 shows the range's other photo, not this one"
"Mixed Implements","Wall Balls","Wall Ball (Armatex)","size","MMWAARM08","Wall Ball (Armatex) - 9kg","SIZE HAS NO PHOTO","Product > Images","Picking this size on /product/wall-ball-armatex shows the range's other photo, not this one"
"Mixed Implements","Wall Balls","Wall Ball (Armatex)","size","MMWAARM08","Wall Ball (Armatex) - 9kg","SIZE HAS NO PRICE","Product > Default Sell Price","Card reads ""From 130"" but this size cannot be bought — it falls to the quote flow"
"Mixed Implements","Group Fitness","Group Fitness Step (6 Risers)","size","MBGFSTP03","Group Fitness Step (6 Risers)","SIZE MISSING CARTON","Product > Width / Height / Depth / Weight","This size is missing from the picker on /product/group-fitness-step; the rest of the range still sells"
"Mixed Implements","Group Fitness","Group Fitness Step (Adjustable)","size","MBGFSTP01","Group Fitness Step (Adjustable)","SIZE MISSING CARTON","Product > Width / Height / Depth / Weight","This size is missing from the picker on /product/group-fitness-step-adjustable; the rest of the range still sells"
"Mixed Implements","Dead Balls","High Grip Dead Ball","size","MMDEHG09","High Grip Dead Ball - 40kg","SIZE MISSING CARTON","Product > Width / Height / Depth / Weight","This size is missing from the picker on /product/high-grip-dead-ball-4; the rest of the range still sells"
"Mixed Implements","Dead Balls","High Grip Dead Ball","size","MMDEHG11","High Grip Dead Ball - 50kg","SIZE MISSING CARTON","Product > Width / Height / Depth / Weight","This size is missing from the picker on /product/high-grip-dead-ball-4; the rest of the range still sells"
"Mixed Implements","Dead Balls","High Grip Dead Ball","size","MMDEHG16","High Grip Dead Ball - 60kg","SIZE MISSING CARTON","Product > Width / Height / Depth / Weight","This size is missing from the picker on /product/high-grip-dead-ball-4; the rest of the range still sells"
"Mixed Implements","Dead Balls","High Grip Dead Ball","size","MMDEHG17","High Grip Dead Ball - 70kg","SIZE MISSING CARTON","Product > Width / Height / Depth / Weight","This size is missing from the picker on /product/high-grip-dead-ball-4; the rest of the range still sells"
"Mixed Implements","Medicine Balls","Medicine Ball","size","MMMBPR 03","Medicine Ball - 6kg","SIZE MISSING CARTON","Product > Width / Height / Depth / Weight","This size is missing from the picker on /product/medicine-ball-2; the rest of the range still sells"
"Mixed Implements","Power Bags","Power Bag","size","MMPWPBG06","Power Bag - 5kg","SIZE MISSING CARTON","Product > Width / Height / Depth / Weight","This size is missing from the picker on /product/power-bag-2; the rest of the range still sells"
"Mixed Implements","Power Bags","Power Bag","size","MMPWPBG07","Power Bag - 30kg","SIZE MISSING CARTON","Product > Width / Height / Depth / Weight","This size is missing from the picker on /product/power-bag-2; the rest of the range still sells"
"Mixed Implements","Dumbbells","PU Dumbbells (Pair)","size","MMDBUR18","PU Dumbbells (Pair) - 5kg","SIZE MISSING CARTON","Product > Width / Height / Depth / Weight","This size is missing from the picker on /product/urethane-fixed-dumbbells-2; the rest of the range still sells"
"Mixed Implements","Dumbbells","PU Dumbbells (Pair)","size","MMDBUR20","PU Dumbbells (Pair) - 1kg","SIZE MISSING CARTON","Product > Width / Height / Depth / Weight","This size is missing from the picker on /product/urethane-fixed-dumbbells-2; the rest of the range still sells"
"Mixed Implements","Dumbbells","PU Dumbbells (Pair)","size","MMDBUR21","PU Dumbbells (Pair) - 2kg","SIZE MISSING CARTON","Product > Width / Height / Depth / Weight","This size is missing from the picker on /product/urethane-fixed-dumbbells-2; the rest of the range still sells"
"Mixed Implements","Dumbbells","PU Dumbbells (Pair)","size","MMDBUR22","PU Dumbbells (Pair) - 3kg","SIZE MISSING CARTON","Product > Width / Height / Depth / Weight","This size is missing from the picker on /product/urethane-fixed-dumbbells-2; the rest of the range still sells"
"Mixed Implements","Dumbbells","PU Dumbbells (Pair)","size","MMDBUR23","PU Dumbbells (Pair) - 4kg","SIZE MISSING CARTON","Product > Width / Height / Depth / Weight","This size is missing from the picker on /product/urethane-fixed-dumbbells-2; the rest of the range still sells"
"Mixed Implements","Dumbbells","PU Dumbbells (Pair)","size","MMDBUR25","PU Dumbbells (Pair) - 6kg","SIZE MISSING CARTON","Product > Width / Height / Depth / Weight","This size is missing from the picker on /product/urethane-fixed-dumbbells-2; the rest of the range still sells"
"Mixed Implements","Dumbbells","PU Dumbbells (Pair)","size","MMDBUR26","PU Dumbbells (Pair) - 7kg","SIZE MISSING CARTON","Product > Width / Height / Depth / Weight","This size is missing from the picker on /product/urethane-fixed-dumbbells-2; the rest of the range still sells"
"Mixed Implements","Dumbbells","PU Dumbbells (Pair)","size","MMDBUR27","PU Dumbbells (Pair) - 8kg","SIZE MISSING CARTON","Product > Width / Height / Depth / Weight","This size is missing from the picker on /product/urethane-fixed-dumbbells-2; the rest of the range still sells"
"Mixed Implements","Dumbbells","PU Dumbbells (Pair)","size","MMDBUR28","PU Dumbbells (Pair) - 9kg","SIZE MISSING CARTON","Product > Width / Height / Depth / Weight","This size is missing from the picker on /product/urethane-fixed-dumbbells-2; the rest of the range still sells"
"Mixed Implements","Sleds","Push & Pull Sled","size","MMSLSL01","Push & Pull Sled","SIZE MISSING CARTON","Product > Width / Height / Depth / Weight","This size is missing from the picker on /product/push-pull-sled; the rest of the range still sells"
"Mixed Implements","Kettlebells","Urethane Competition Kettlebell","size","MMKBUR07","Urethane Competition Kettlebell - 28kg","SIZE MISSING CARTON","Product > Width / Height / Depth / Weight","This size is missing from the picker on /product/urethane-competition-kettlebell-3; the rest of the range still sells"
"Mixed Implements","Kettlebells","Urethane Competition Kettlebell","size","MMKBUR08","Urethane Competition Kettlebell - 32kg","SIZE MISSING CARTON","Product > Width / Height / Depth / Weight","This size is missing from the picker on /product/urethane-competition-kettlebell-3; the rest of the range still sells"
"Mixed Implements","Kettlebells","Urethane Competition Kettlebell","size","MMKBUR09","Urethane Competition Kettlebell - 36kg","SIZE MISSING CARTON","Product > Width / Height / Depth / Weight","This size is missing from the picker on /product/urethane-competition-kettlebell-3; the rest of the range still sells"
"Mixed Implements","Kettlebells","Urethane Competition Kettlebell","size","MMKBUR10","Urethane Competition Kettlebell - 40kg","SIZE MISSING CARTON","Product > Width / Height / Depth / Weight","This size is missing from the picker on /product/urethane-competition-kettlebell-3; the rest of the range still sells"
"Mixed Implements","Group Fitness","Group Fitness Barbell Set","card","MMGFPS03 / MMPAPS01","Group Fitness Barbell Set  vs  Group Fitness Barbell Sets","TWO CARDS, ONE PRODUCT","Product > Product Description","""Group Fitness Barbell Set"" (3 sizes) and ""Group Fitness Barbell Sets"" (2) draw separate cards — one word apart, ""set"" vs ""sets"". Make the names identical and they merge into one card with one picker."
"Body Weight","Speed & Agility","Agility Dots (Set of 5)","card","MBSADO01","Agility Dots (Set of 5)","MISSING CARTON — NOT ON THE SITE","Product > Width / Height / Depth / Weight","No size has a freight carton, so the whole card is withheld from /equipment/body-weight and from the sitemap"
"Body Weight","Balance & Stability","Fitness Ball","card","MBCT5501","Fitness Ball - 55cm (Anti-Burst)","MISSING CARTON — NOT ON THE SITE","Product > Width / Height / Depth / Weight","No size has a freight carton, so the whole card is withheld from /equipment/body-weight and from the sitemap"
"Body Weight","Resistance & Power Bands","Micro Bands","card","MBRPPO03","Micro Bands - Heavy","MISSING CARTON — NOT ON THE SITE","Product > Width / Height / Depth / Weight","No size has a freight carton, so the whole card is withheld from /equipment/body-weight and from the sitemap"
"Body Weight","Resistance & Power Bands","Power Bands","card","MBRPPO06","Power Bands - 13mm (Red)","MISSING CARTON — NOT ON THE SITE","Product > Width / Height / Depth / Weight","No size has a freight carton, so the whole card is withheld from /equipment/body-weight and from the sitemap"
"Body Weight","Speed & Agility","Station Markers (Set of 20)","card","MBSADO03","Station Markers (Set of 20)","MISSING CARTON — NOT ON THE SITE","Product > Width / Height / Depth / Weight","No size has a freight carton, so the whole card is withheld from /equipment/body-weight and from the sitemap"
"Body Weight","Speed & Agility","Skipping Ropes- Wire, Adjustable","card","OBSR03","Skipping Ropes- Wire, Adjustable","NO CARD — NOT ON THE SITE","Product > Product Description","1 product with no card and no colliding page found — check the name."
"Body Weight","Exercise Mats","EVA Exercise Mat (Set of 10)","card","MBPAMA01","EVA Exercise Mat (Set of 10)","NO PHOTO anywhere","Product > Images","Empty tile on the category grid and on /product/eva-exercise-mat-set-of-10"
"Body Weight","Balance & Stability","Massage Rolling Machine","card","MBRMRL09","Massage Rolling Machine","NO PHOTO anywhere","Product > Images","Empty tile on the category grid and on /product/massage-rolling-machine"
"Body Weight","Resistance & Power Bands","Micro Bands","card","MBRPPO03","Micro Bands - Heavy","NO PHOTO anywhere","Product > Images","Empty tile on the category grid and on /product/micro-bands"
"Body Weight","Resistance & Power Bands","Power Bands","card","MBRPPO06","Power Bands - 13mm (Red)","NO PHOTO anywhere","Product > Images","Empty tile on the category grid and on /product/power-bands"
"Body Weight","Speed & Agility","Station Markers (Set of 20)","card","MBSADO03","Station Markers (Set of 20)","NO PHOTO anywhere","Product > Images","Empty tile on the category grid and on /product/station-markers-set-of-20"
"Body Weight","Plyometric Boxes","3-In-1 Foam Plyometric Box","size","MBPB3I103","3-In-1 Foam Plyometric Box - 21kg","SIZE HAS NO PHOTO","Product > Images","Picking this size on /product/3-in-1-foam-plyometric-box-34kg shows the range's other photo, not this one"
"Body Weight","Balance & Stability","Fitness Ball","size","MBCT5501","Fitness Ball - 55cm (Anti-Burst)","SIZE HAS NO PHOTO","Product > Images","Picking this size on /product/fitness-ball shows the range's other photo, not this one"
"Body Weight","Balance & Stability","Fitness Ball","size","MBCT7501","Fitness Ball - 75cm (Anti-Burst)","SIZE HAS NO PHOTO","Product > Images","Picking this size on /product/fitness-ball shows the range's other photo, not this one"
"Body Weight","Plyometric Boxes","3-In-1 Foam Plyometric Box","size","MBPB3I103","3-In-1 Foam Plyometric Box - 21kg","SIZE MISSING CARTON","Product > Width / Height / Depth / Weight","This size is missing from the picker on /product/3-in-1-foam-plyometric-box-34kg; the rest of the range still sells"
"Body Weight","Core Training","Core Trainer (Landmine) With T Bar Handle","size","MBCTDR02","Core Trainer (Landmine) With T Bar Handle","SIZE MISSING CARTON","Product > Width / Height / Depth / Weight","This size is missing from the picker on /product/core-trainer-landmine-with-t-bar-handle; the rest of the range still sells"
"Body Weight","Recovery & Mobility","Foam Roller","size","MBRMRL04","Foam Roller - 32cm (Trigger Point)","SIZE MISSING CARTON","Product > Width / Height / Depth / Weight","This size is missing from the picker on /product/foam-roller-v; the rest of the range still sells"
"Body Weight","Resistance & Power Bands","Power Bands (Pack of 4)","size","MBRPBA02","Power Bands (Pack of 4)","SIZE MISSING CARTON","Product > Width / Height / Depth / Weight","This size is missing from the picker on /product/power-bands-pack-of-4; the rest of the range still sells"
"Body Weight","Resistance & Power Bands","Power Bands (Pack of 8)","size","MBRPBA03","Power Bands (Pack of 8)","SIZE MISSING CARTON","Product > Width / Height / Depth / Weight","This size is missing from the picker on /product/power-bands-pack-of-8; the rest of the range still sells"
"Body Weight","Speed & Agility","Speed Rope (Elite)","size","MBSAROL01","Speed Rope (Elite)","SIZE MISSING CARTON","Product > Width / Height / Depth / Weight","This size is missing from the picker on /product/speed-rope-elite; the rest of the range still sells"
"Equipment Storage","Freestanding","Barbell Storage Box","card","MEFSBB04","Barbell Storage Box","MISSING CARTON — NOT ON THE SITE","Product > Width / Height / Depth / Weight","No size has a freight carton, so the whole card is withheld from /equipment/equipment-storage and from the sitemap"
"Equipment Storage","Freestanding","Barbell Storage Box (12 Bar Holder)","card","MEFRBB06","Barbell Storage Box (12 Bar Holder)","MISSING CARTON — NOT ON THE SITE","Product > Width / Height / Depth / Weight","No size has a freight carton, so the whole card is withheld from /equipment/equipment-storage and from the sitemap"
"Equipment Storage","Retail Rack","Retail Rack","card","MERK153001","Retail Rack","MISSING CARTON — NOT ON THE SITE","Product > Width / Height / Depth / Weight","No size has a freight carton, so the whole card is withheld from /equipment/equipment-storage and from the sitemap"
"Equipment Storage","Wall Mounted","Wall Mounted-Battle Rope Storage","card","MEWMRO 01","Wall Mounted-Battle Rope Storage","MISSING CARTON — NOT ON THE SITE","Product > Width / Height / Depth / Weight","No size has a freight carton, so the whole card is withheld from /equipment/equipment-storage and from the sitemap"
"Equipment Storage","Wall Mounted","Wall Mounted-Exercise Mat Hanging Rack","card","MEWMMA 01","Wall Mounted-Exercise Mat Hanging Rack","MISSING CARTON — NOT ON THE SITE","Product > Width / Height / Depth / Weight","No size has a freight carton, so the whole card is withheld from /equipment/equipment-storage and from the sitemap"
"Equipment Storage","Wall Mounted","Wall Mounted-Rope & Band Rack","card","MEWMRO 02","Wall Mounted-Rope & Band Rack","MISSING CARTON — NOT ON THE SITE","Product > Width / Height / Depth / Weight","No size has a freight carton, so the whole card is withheld from /equipment/equipment-storage and from the sitemap"
"Equipment Storage","Freestanding","Barbell Storage Box","card","MEFSBB04","Barbell Storage Box","NO PHOTO anywhere","Product > Images","Empty tile on the category grid and on /product/barbell-storage-box"
"Equipment Storage","Freestanding","Barbell Storage Box (12 Bar Holder)","card","MEFRBB06","Barbell Storage Box (12 Bar Holder)","NO PHOTO anywhere","Product > Images","Empty tile on the category grid and on /product/barbell-storage-box-12-bar-holder"
"Equipment Storage","Freestanding","Modular Storage Rack (Complete)","card","MEFMOD03","Modular Storage Rack (Complete)","NO PHOTO anywhere","Product > Images","Empty tile on the category grid and on /product/modular-storage-rack-complete"
"Equipment Storage","Retail Rack","Retail Rack","card","MERK153001","Retail Rack","NO PHOTO anywhere","Product > Images","Empty tile on the category grid and on /product/retail-rack"
"Equipment Storage","Wall Mounted","Wall Mounted-Battle Rope Storage","card","MEWMRO 01","Wall Mounted-Battle Rope Storage","NO PHOTO anywhere","Product > Images","Empty tile on the category grid and on /product/wall-mounted-battle-rope-storage"
"Equipment Storage","Wall Mounted","Wall Mounted-Exercise Mat Hanging Rack","card","MEWMMA 01","Wall Mounted-Exercise Mat Hanging Rack","NO PHOTO anywhere","Product > Images","Empty tile on the category grid and on /product/wall-mounted-exercise-mat-hanging-rack"
"Equipment Storage","Wall Mounted","Wall Mounted-Rope & Band Rack","card","MEWMRO 02","Wall Mounted-Rope & Band Rack","NO PHOTO anywhere","Product > Images","Empty tile on the category grid and on /product/wall-mounted-rope-and-band-rack"
"Equipment Storage","Wall Mounted","Wall Mounted-Rope & Band Rack-SMALL","card","MEWMRO02-S","Wall Mounted-Rope & Band Rack-SMALL","NO PHOTO anywhere","Product > Images","Empty tile on the category grid and on /product/wall-mounted-rope-and-band-rack-small"
"Equipment Storage","Freestanding","Modular Storage Rack (Complete)","card","MEFMOD03","Modular Storage Rack (Complete)","NO PRICE","Product > Default Sell Price","Card and page both read ""Contact for pricing"""
"Equipment Storage","Wall Mounted","Wall Mounted-Rope & Band Rack-SMALL","card","MEWMRO02-S","Wall Mounted-Rope & Band Rack-SMALL","NO PRICE","Product > Default Sell Price","Card and page both read ""Contact for pricing"""
"Equipment Storage","Freestanding","Horizontal Dumbbell Rack","size","MEFRDB14","Horizontal Dumbbell Rack - 3 Tier (10 Pair) 3.0","SIZE HAS NO PHOTO","Product > Images","Picking this size on /product/horizontal-dumbbell-rack-2-tier-10-pair-1-0 shows the range's other photo, not this one"
"Equipment Storage","Freestanding","Horizontal Dumbbell Rack","size","MEFRDB15","Horizontal Dumbbell Rack - 2 Tier (7 Pair) 3.0","SIZE HAS NO PHOTO","Product > Images","Picking this size on /product/horizontal-dumbbell-rack-2-tier-10-pair-1-0 shows the range's other photo, not this one"
"Equipment Storage","Freestanding","Medicine Ball Rack","size","MEFSBL01","Medicine Ball Rack - 10 Ball (Double Sided)","SIZE HAS NO PHOTO","Product > Images","Picking this size on /product/medicine-ball-rack-5-ball-single-sided shows the range's other photo, not this one"
"Equipment Storage","Freestanding","Medicine Ball Rack","size","MEFSBL03","Medicine Ball Rack - 5 Ball (Single Sided)","SIZE HAS NO PHOTO","Product > Images","Picking this size on /product/medicine-ball-rack-5-ball-single-sided shows the range's other photo, not this one"
"Equipment Storage","Freestanding","Modular Storage Rack (Kettlebells, Dumbbells)","size","MEFSACC01","Modular Storage Rack (Kettlebells, Dumbbells) - HD 2 Tier","SIZE HAS NO PHOTO","Product > Images","Picking this size on /product/modular-storage-rack-kettlebells-dumbbells-hd-2-tier-1-2m-2 shows the range's other photo, not this one"
"Equipment Storage","Freestanding","Vertical Dumbbell Rack","size","MEFSDB01","Vertical Dumbbell Rack - 10 Pair (Single Sided) 1.0","SIZE HAS NO PHOTO","Product > Images","Picking this size on /product/vertical-dumbbell-rack-10-pair-double-sided-2-0 shows the range's other photo, not this one"
"Equipment Storage","Freestanding","Group Fitness Barbell Set Rack","size","MEFSPS01","Group Fitness Barbell Set Rack","SIZE MISSING CARTON","Product > Width / Height / Depth / Weight","This size is missing from the picker on /product/group-fitness-barbell-set-rack; the rest of the range still sells"
"Equipment Storage","Freestanding","Medicine Ball Rack","size","MEFSBL01","Medicine Ball Rack - 10 Ball (Double Sided)","SIZE MISSING CARTON","Product > Width / Height / Depth / Weight","This size is missing from the picker on /product/medicine-ball-rack-5-ball-single-sided; the rest of the range still sells"
"Equipment Storage","Freestanding","Medicine Ball Rack","size","MEFSBL03","Medicine Ball Rack - 5 Ball (Single Sided)","SIZE MISSING CARTON","Product > Width / Height / Depth / Weight","This size is missing from the picker on /product/medicine-ball-rack-5-ball-single-sided; the rest of the range still sells"
"Equipment Storage","Freestanding","Olympic Plate Toaster Rack Portable","size","MEFSOP01","Olympic Plate Toaster Rack Portable","SIZE MISSING CARTON","Product > Width / Height / Depth / Weight","This size is missing from the picker on /product/olympic-plate-toaster-rack-portable; the rest of the range still sells"
"Equipment Storage","Wall Mounted","Rope & Band Rack (Wall Mounted)","size","MEWMRO02","Rope & Band Rack (Wall Mounted)","SIZE MISSING CARTON","Product > Width / Height / Depth / Weight","This size is missing from the picker on /product/rope-band-rack-wall-mounted; the rest of the range still sells"
"Equipment Storage","Freestanding","Vertical Dumbbell Rack","size","MEFSDB01","Vertical Dumbbell Rack - 10 Pair (Single Sided) 1.0","SIZE MISSING CARTON","Product > Width / Height / Depth / Weight","This size is missing from the picker on /product/vertical-dumbbell-rack-10-pair-double-sided-2-0; the rest of the range still sells"
"Equipment Storage","Freestanding","Vertical Dumbbell Rack","size","MEFSDB06","Vertical Dumbbell Rack - Portable (Four Sided)","SIZE MISSING CARTON","Product > Width / Height / Depth / Weight","This size is missing from the picker on /product/vertical-dumbbell-rack-10-pair-double-sided-2-0; the rest of the range still sells"
"Flooring","Acoustic Underlay","Acoustic Underlay (1m x 10m)","card","NBFAFRR01","Acoustic Underlay (1m x 10m) - 5mm","MISSING CARTON — NOT ON THE SITE","Product > Width / Height / Depth / Weight","No size has a freight carton, so the whole card is withheld from /equipment/flooring and from the sitemap"
"Flooring","Rubber Flooring","Impact-Lock Rubber Tiles","card","NBFRFRR01","Impact-Lock Rubber Tiles - 20mm","MISSING CARTON — NOT ON THE SITE","Product > Width / Height / Depth / Weight","No size has a freight carton, so the whole card is withheld from /equipment/flooring and from the sitemap"
"Flooring","Rubber Flooring","Commercial Rubber Tiles (Premium)","card","CL-MFRFB01","Commercial Rubber Tiles (Premium)","NO CARD — NOT ON THE SITE","Product > Product Description","1 product with no card and no colliding page found — check the name."
"Flooring","Astro Turf/Sled Tracks","Artificial Turf Black (2m x 15m)","card","NBFATSY02","Artificial Turf Black (2m x 15m)","NO PHOTO anywhere","Product > Images","Empty tile on the category grid and on /product/artificial-turf-black-2m-x-15m"
"Flooring","Astro Turf/Sled Tracks","Artificial Turf Black (2m x 20m)","card","MFATSY04","Artificial Turf Black (2m x 20m)","NO PHOTO anywhere","Product > Images","Empty tile on the category grid and on /product/artificial-turf-black-2m-x-20m"
"Flooring","Astro Turf/Sled Tracks","Artificial Turf Green (2m X 15m)","card","MFATSY05","Artificial Turf Green (2m X 15m)","NO PHOTO anywhere","Product > Images","Empty tile on the category grid and on /product/artificial-turf-green-2m-x-15m"
"Flooring","Acoustic Underlay","Acoustic Underlay","card","MFAFRR01","Acoustic Underlay - 5mm (1m x 10m)","NO PRICE","Product > Default Sell Price","Card and page both read ""Contact for pricing"""
"Apparel","Woman","High Rise Leggings (Woman)","card","MAACU09S","High Rise Leggings (Woman) (S)","NO PHOTO anywhere","Product > Images","Empty tile on the category grid and on /product/high-rise-leggings-woman"
"Apparel","Unisex","Long Sleeve Tee (Unisex)","card","MAACU04S","Long Sleeve Tee (Unisex) (S)","NO PHOTO anywhere","Product > Images","Empty tile on the category grid and on /product/long-sleeve-tee-unisex"
"Apparel","Unisex","Oversized Hoodie (Unisex)","card","MAACU02S","Oversized Hoodie (Unisex) (S)","NO PHOTO anywhere","Product > Images","Empty tile on the category grid and on /product/oversized-hoodie-unisex"
"Apparel","Unisex","Oversized Tee (Unisex)","card","MAACU03S","Oversized Tee (Unisex) (S)","NO PHOTO anywhere","Product > Images","Empty tile on the category grid and on /product/oversized-tee-unisex"
"Apparel","Woman","Relaxed Short Sleeve Tee (Woman)","card","MAACU10S","Relaxed Short Sleeve Tee (Woman) (S)","NO PHOTO anywhere","Product > Images","Empty tile on the category grid and on /product/relaxed-short-sleeve-tee-woman"
"Apparel","Male","Short Sleeve Polo (Male)","card","MAACU07S","Short Sleeve Polo (Male) (S)","NO PHOTO anywhere","Product > Images","Empty tile on the category grid and on /product/short-sleeve-polo-male"
"Apparel","Male","Short Sleeve Tee (Male)","card","MAACU05S","Short Sleeve Tee (Male) (S)","NO PHOTO anywhere","Product > Images","Empty tile on the category grid and on /product/short-sleeve-tee-male"
"Apparel","Unisex","Socks","card","MAAAU03","Socks","NO PHOTO anywhere","Product > Images","Empty tile on the category grid and on /product/socks"
"Apparel","Woman","Sports Bra (Woman)","card","MAACU12S","Sports Bra (Woman) (S)","NO PHOTO anywhere","Product > Images","Empty tile on the category grid and on /product/sports-bra-woman"
"Apparel","Unisex","Sweat Towel","card","MAAACO01","Sweat Towel","NO PHOTO anywhere","Product > Images","Empty tile on the category grid and on /product/sweat-towel"
"Apparel","Unisex","Sweatshirt (Unisex)","card","MAACU01S","Sweatshirt (Unisex) (S)","NO PHOTO anywhere","Product > Images","Empty tile on the category grid and on /product/sweatshirt-unisex"
"Apparel","Male","Tank (Male)","card","MAACU08S","Tank (Male) (S)","NO PHOTO anywhere","Product > Images","Empty tile on the category grid and on /product/tank-male"
"Apparel","Woman","Tank (Woman)","card","MAACU11S","Tank (Woman) (S)","NO PHOTO anywhere","Product > Images","Empty tile on the category grid and on /product/tank-woman"
"Apparel","Unisex","Train Cap","card","MAAAU02","Train Cap","NO PHOTO anywhere","Product > Images","Empty tile on the category grid and on /product/train-cap"
"Apparel","Male","Training Shorts - 7"" (Male)","card","MAACU06S","Training Shorts - 7"" (Male) (S)","NO PHOTO anywhere","Product > Images","Empty tile on the category grid and on /product/training-shorts-7-male"
"Apparel","Unisex","Trucker Hat","card","MAAAU01","Trucker Hat","NO PHOTO anywhere","Product > Images","Empty tile on the category grid and on /product/trucker-hat"
"Lighting","LED Dimmer","LED Dimmer","card","NBLLE2502","LED Dimmer","MISSING CARTON — NOT ON THE SITE","Product > Width / Height / Depth / Weight","No size has a freight carton, so the whole card is withheld from /equipment/lighting and from the sitemap"
"Lighting","LED","Linear LED Lighting System","card","NBLLE2501","Linear LED Lighting System - 2.4m","MISSING CARTON — NOT ON THE SITE","Product > Width / Height / Depth / Weight","No size has a freight carton, so the whole card is withheld from /equipment/lighting and from the sitemap"
"Packages","Dead Balls","Dead Balls (Set of 4)","card","MMPA4BL01","Dead Balls (Set of 4) - 56kg","NO PHOTO anywhere","Product > Images","Empty tile on the category grid and on /product/dead-balls-set-of-4"
"Packages","Power Bags","Power Bags (Set of 6)","card","MMPA6BG01","Power Bags (Set of 6) - 105kg","NO PHOTO anywhere","Product > Images","Empty tile on the category grid and on /product/power-bags-set-of-6"
"Packages","Dumbbells","Rubber Hex Dumbbell (Set of 14 Pairs)","card","MMPADB01","Rubber Hex Dumbbell (Set of 14 Pairs) - 240kg & Vertical Dumbbell Rack - Portable (Four Sided)","NO PHOTO anywhere","Product > Images","Empty tile on the category grid and on /product/rubber-hex-dumbbell-set-of-14-pairs"
"Packages","Kettlebells","Urethane Competition Kettlebell (Set of 5)","card","MMPA8002","Urethane Competition Kettlebell (Set of 5) - 80kg","NO PHOTO anywhere","Product > Images","Empty tile on the category grid and on /product/urethane-competition-kettlebell-set-of-5"
"Packages","Dumbbells","Urethane Fixed Dumbbells Set (1-10kg Pairs) & Vertical Dumbbell Rack","card","MMPAUR01","Urethane Fixed Dumbbells Set (1-10kg Pairs) & Vertical Dumbbell Rack - 10 Pair (Single Sided) 1.0","NO PHOTO anywhere","Product > Images","Empty tile on the category grid and on /product/urethane-fixed-dumbbells-set-1-10kg-pairs-and-vertical-dumbbell-rack"
"Packages","Wall Balls","Wall Ball (Armatex) (Set of 4)","card","MMPAARM01","Wall Ball (Armatex) (Set of 4) - 12kg","NO PHOTO anywhere","Product > Images","Empty tile on the category grid and on /product/wall-ball-armatex-set-of-4"
"Packages","Dead Balls","Dead Balls (Set of 4)","card","MMPA4BL01","Dead Balls (Set of 4) - 56kg","NO PRICE","Product > Default Sell Price","Card and page both read ""Contact for pricing"""
"Packages","Dumbbells","Rubber Hex Dumbbell (Set of 14 Pairs)","card","MMPADB01","Rubber Hex Dumbbell (Set of 14 Pairs) - 240kg & Vertical Dumbbell Rack - Portable (Four Sided)","NO PRICE","Product > Default Sell Price","Card and page both read ""Contact for pricing"""
"Packages","Kettlebells","Urethane Competition Kettlebell (Set of 5)","card","MMPA8002","Urethane Competition Kettlebell (Set of 5) - 80kg","NO PRICE","Product > Default Sell Price","Card and page both read ""Contact for pricing"""
"Packages","Dumbbells","Urethane Fixed Dumbbells Set (1-10kg Pairs) & Vertical Dumbbell Rack","card","MMPAUR01","Urethane Fixed Dumbbells Set (1-10kg Pairs) & Vertical Dumbbell Rack - 10 Pair (Single Sided) 1.0","NO PRICE","Product > Default Sell Price","Card and page both read ""Contact for pricing"""
"Packages","Wall Balls","Wall Ball (Armatex) (Set of 4)","card","MMPAARM01","Wall Ball (Armatex) (Set of 4) - 12kg","NO PRICE","Product > Default Sell Price","Card and page both read ""Contact for pricing"""
"Clearance","Freestanding","3rd Tier for IFDB4","card","OIFDB4A","3rd Tier for IFDB4","FILED UNDER THE WRONG GROUP","Product > Product Group","Sub-group ""Freestanding"" otherwise lives under Equipment Storage; this card sits alone under Clearance"
"Clearance","Cable Machines","Functional Trainer (Clearance)","card","OSCMDU01","Functional Trainer (Clearance)","FILED UNDER THE WRONG GROUP","Product > Product Group","Sub-group ""Cable Machines"" otherwise lives under Strength; this card sits alone under Clearance"
"Clearance","Freestanding","Hoist DRV10","card","OEFRDB02","Hoist DRV10","FILED UNDER THE WRONG GROUP","Product > Product Group","Sub-group ""Freestanding"" otherwise lives under Equipment Storage; this card sits alone under Clearance"
"Clearance","Cable Machines","Leg Attachment (for home gym)","card","CL-IFLP3","Leg Attachment (for home gym)","FILED UNDER THE WRONG GROUP","Product > Product Group","Sub-group ""Cable Machines"" otherwise lives under Strength; this card sits alone under Clearance"
"Clearance","Barbells","Olympic Power Bar-20kg (2200mm, 700lb Capacity)","card","MK-OLYPBAR20-700","Olympic Power Bar-20kg (2200mm, 700lb Capacity)","FILED UNDER THE WRONG GROUP","Product > Product Group","Sub-group ""Barbells"" otherwise lives under Weightlifting; this card sits alone under Clearance"
"Clearance","Freestanding","Olympic Weight Plate Tree (CSL10N)","card","OEFROP02","Olympic Weight Plate Tree (CSL10N)","FILED UNDER THE WRONG GROUP","Product > Product Group","Sub-group ""Freestanding"" otherwise lives under Equipment Storage; this card sits alone under Clearance"
"Clearance","Freestanding","3rd Tier for IFDB4","card","OIFDB4A","3rd Tier for IFDB4","NO PHOTO anywhere","Product > Images","Empty tile on the category grid and on /product/3rd-tier-for-ifdb4"
"Clearance","Cable Machines","Functional Trainer (Clearance)","card","OSCMDU01","Functional Trainer (Clearance)","NO PHOTO anywhere","Product > Images","Empty tile on the category grid and on /product/functional-trainer-clearance"
"Clearance","Freestanding","Hoist DRV10","card","OEFRDB02","Hoist DRV10","NO PHOTO anywhere","Product > Images","Empty tile on the category grid and on /product/hoist-drv10"
"Clearance","Cable Machines","Leg Attachment (for home gym)","card","CL-IFLP3","Leg Attachment (for home gym)","NO PHOTO anywhere","Product > Images","Empty tile on the category grid and on /product/leg-attachment-for-home-gym"
"Clearance","Barbells","Olympic Power Bar-20kg (2200mm, 700lb Capacity)","card","MK-OLYPBAR20-700","Olympic Power Bar-20kg (2200mm, 700lb Capacity)","NO PHOTO anywhere","Product > Images","Empty tile on the category grid and on /product/olympic-power-bar-20kg-2200mm-700lb-capacity"
"Clearance","Freestanding","Olympic Weight Plate Tree (CSL10N)","card","OEFROP02","Olympic Weight Plate Tree (CSL10N)","NO PHOTO anywhere","Product > Images","Empty tile on the category grid and on /product/olympic-weight-plate-tree-csl10n"
"Clearance","Freestanding","3rd Tier for IFDB4","card","OIFDB4A","3rd Tier for IFDB4","NO PRICE","Product > Default Sell Price","Card and page both read ""Contact for pricing"""
"Clearance","Cable Machines","Functional Trainer (Clearance)","card","OSCMDU01","Functional Trainer (Clearance)","NO PRICE","Product > Default Sell Price","Card and page both read ""Contact for pricing"""
"Clearance","Freestanding","Hoist DRV10","card","OEFRDB02","Hoist DRV10","NO PRICE","Product > Default Sell Price","Card and page both read ""Contact for pricing"""
"Clearance","Cable Machines","Leg Attachment (for home gym)","card","CL-IFLP3","Leg Attachment (for home gym)","NO PRICE","Product > Default Sell Price","Card and page both read ""Contact for pricing"""
"Clearance","Barbells","Olympic Power Bar-20kg (2200mm, 700lb Capacity)","card","MK-OLYPBAR20-700","Olympic Power Bar-20kg (2200mm, 700lb Capacity)","NO PRICE","Product > Default Sell Price","Card and page both read ""Contact for pricing"""
"Clearance","Freestanding","Olympic Weight Plate Tree (CSL10N)","card","OEFROP02","Olympic Weight Plate Tree (CSL10N)","NO PRICE","Product > Default Sell Price","Card and page both read ""Contact for pricing"""
