"*Product Code","*Attribute Set","Assembled size","Colour","Material","Warranty"
"MBPB3I101","Product Detail","W 610 × H 750 × D 510 mm","Black","Hard wearing vinyl cover","Internal Frame: 12 months, Cover: 3 months"
"RBPB3I101","Product Detail","W 610 × H 750 × D 510 mm","Black","Hard wearing vinyl cover","Internal Frame: 12 months, Cover: 3 months"
"SBPB3I101","Product Detail","W 610 × H 750 × D 510 mm","Black","Hard wearing vinyl cover","Internal Frame: 12 months, Cover: 3 months"
"MBPB3I102","Product Detail","W 609 × H 762 × D 508 mm","Brown","Plywood","12 months"
"SBPB3I102","Product Detail","W 609 × H 762 × D 508 mm","Brown","Plywood","12"
"MBCTMA01","Product Detail","L 380 × W 300 × H 60 mm","Black","Polyurethane","6 months"
"RBCTMA01","Product Detail","L 380 × W 300 × H 60 mm","Black","Foam, Vinyl","6 months"
"SBCTMA01","Product Detail","L 380 × W 300 × H 60 mm","Black","Polyurethane","6"
"MBCTWH01","Product Detail","W 300 × H 180 × D 180 mm","Black","PP & TPR","3 months"
"SBCTWH01","Product Detail","W 300 × H 180 × D 180 mm","Black","PP & TPR","3 months"
"MSLBSE03","Product Detail","L 1,536 × W 730 × H 1,689 mm","Black","Steel, Foam, Artificial Leather, HDPE","(1) Frame- 5 years (2) Blocks, pulleys, plates, rods- 3 years (3) Foam, bearings, coatings- 1 year (4) Cables- 6 months (5) Hardware, plastics, upholstery- 3 months"
"RSWBFW02","Product Detail","L 1370 × W 730 × H 460 mm","Black","Steel, Foam, Artificial Leather, HDPE","(1) Frame- 5 years (2) Foam, coatings- 1 year (3) Hardware, plastics, upholstery- 3 months"
"SSWBFW02","Product Detail","L 1,370 × W 730 × H 460 mm","Black","Steel, Foam, Artificial Leather, HDPE","(1) Frame- 5 years (2) Foam, coatings- 1 year (3) Hardware, plastics, upholstery- 3 months"
"MSWBFW02","Product Detail","L 1,370 × W 730 × H 460 mm","Black","Steel, Foam, Artificial Leather, HDPE","(1) Frame- 5 years (2) Foam, coatings- 1 year (3) Hardware, plastics, upholstery- 3 months"
"MCBIAR01","Product Detail","L 1,220 × W 650 × H 1,330 mm","Black","30 x 60mm Oval Steel Tube","5 Years Frame, 2 Years Non-Wearable Parts"
"MCBIAR03","Product Detail","L 1,220 × W 650 × H 1,330 mm","Black","31 x 60mm Oval Steel Tube","5 Years Frame, 2 Years Non-Wearable Parts"
"MCBIAR02","Product Detail","L 1,440 × W 660 × H 1,390 mm","Black/Red","32 x 60mm Oval Steel Tube","5 Years Frame, 2 Years Non-Wearable Parts"
"MCBIAR05","Product Detail","L 1,250 × W 520 × H 1,200 mm","Black","Aluminium, Steel","5 Years Frame, 2 Years Non-Wearable Parts"
"MCBIAR04","Product Detail","L 1,250 × W 520 × H 1,200 mm","Black","Aluminium, Steel","5 Years Frame, 2 Years Non-Wearable Parts"
"MCRWAR03","Product Detail","L 2,510 × W 506 × H 1,150 mm","Black/Grey","Aluminium, Steel","5 Years Frame, 2 Years Non-Wearable Parts"
"MCRWAR01","Product Detail","L 2,540 × W 510 × H 990 mm","Black/Grey","Aluminium, Steel","5 Years Frame, 2 Years Non-Wearable Parts"
"SRSPSE01","Product Detail","L 1,740 × W 1,730 × H 2,240 mm","Black, silver","Steel, aluminium","10 years frame, 90 days cables and upholstery"
"MRSPSE01","Product Detail","L 1,740 × W 1,730 × H 2,240 mm","Black, silver","Steel, aluminium","10 years frame, 90 days cables and upholstery"
"SWWLATT01","Product Detail","L 240 × W 4 × H 80 mm","Black","Nylon","3"
"MWWLATT01","Product Detail","L 240 × W 4 × H 80 mm","Black","Nylon","3 months"
"SMPWPBG05","Product Detail","L 750 × W 200 × H 200 mm","Blue","Vinyl","3 months"
"MMPWPBG05","Product Detail","L 750 × W 200 × H 200 mm","Blue","Vinyl","3 months"
"SMBXPBG05","Product Detail","L 530 × W 530 × H 530 mm","Black","Vinyl","6"
"MMBXPBG05","Product Detail","L 530 × W 530 × H 530 mm","Black","Vinyl","6 months"
"AMBXPBG03","Product Detail","L 530 × W 530 × H 530 mm","Black","Vinyl","6 months"
"RFATSY01","Product Detail","L 10,000 × W 2,000 × H 10 mm","Black","Synthetic grass","12"
"RFATSY02","Product Detail","L 10,000 × W 2,000 × H 10 mm","Black","Synthetic grass","12"
"SFATSY02","Product Detail","L 15,000 × W 2,000 × H 15 mm","Blue","Synthetic grass","12"
"MBBSCU01","Product Detail","W 330 × H 60 × D 330 mm","Blue","PVC","3 months"
"SBBSCU01","Product Detail","W 330 × H 60 × D 330 mm","Blue","PVC","3 months"
"SWWLACC01","Product Detail","L 435 × W 100 × H 100 mm","Black","Foam","3"
"RWWLACC01","Product Detail","L 435 × W 100 × H 100 mm","Black","Foam","3 months"
"MWWLACC01","Product Detail","L 435 × W 100 × H 100 mm","Black","Foam","3 months"
"REFRBB02","Product Detail","L 450 × W 600 × H 238 mm","Black","Steel",""
"SEFRBB04","Product Detail","L 450 × W 460 × H 240 mm","Black","Steel","12"
"MEFRBB04","Product Detail","L 450 × W 460 × H 240 mm","Black","Steel","12 months"
"SEFRBB05","Product Detail","L 450 × W 460 × H 240 mm","Black","Steel","12 months"
"MEFRBB05","Product Detail","L 450 × W 460 × H 240 mm","Black","Steel","12 months"
"AEFRBB01","Product Detail","L 450 × W 460 × H 240 mm","Black","Steel","12 months"
"SMBRNC01","Product Detail","L 12,000 × W 42 × H 42 mm","Black","Nylon, steel","3 months"
"MMBRNC01","Product Detail","L 12,000 × W 42 × H 42 mm","Black","Nylon, steel","3 months"
"SEWMRO02","Product Detail","L 325 × W 65 × H 250 mm","","",""
"SEWMRO01","Product Detail","L 325 × W 65 × H 250 mm","Black","Steel","12 months"
"MEWMRO01","Product Detail","L 325 × W 65 × H 250 mm","Black","Steel","12 months"
"MEWMBER01","Product Detail","W 600 × H 155 × D 63 mm","Black","Steel","12 months"
"REWMBER01","Product Detail","W 600 × H 155 × D 63 mm","Black","Steel","12 months"
"SEWMBER01","Product Detail","W 600 × H 155 × D 63 mm","Black","Steel","12"
"SWWLCH02","Product Detail","W 520 × H 1,060 × D 440 mm","Black, White","Steel, Plastic","6"
"RWWLCH01","Product Detail","W 520 × H 1060 × D 440 mm","Black, White","Steel, Plastic","6 months"
"MWWLCH02","Product Detail","W 520 × H 1,060 × D 440 mm","Black, White","Steel, Plastic","6 months"
"AWWPCP01","Product Detail","W 205 × H 19 × D 205 mm","Red","Polyurethane","6 months"
"AWWPCP02","Product Detail","W 205 × H 19 × D 205 mm","Red","Polyurethane","6 months"
"MMPACE102","Product Detail","L 780 × W 620 × H 1,440 mm","Black","Steel","12 months"
"MWPA15001","Product Detail","L 450 × W 450 × H 474 mm","Grey, Green, Yellow, Blue, Red","Virgin Rubber","12 months"
"MWPA9001","Product Detail","L 450 × W 450 × H 284 mm","Green, Yellow, Blue","Virgin Rubber","12 months"
"MWPA10001","Product Detail","L 450 × W 450 × H 336 mm","Grey, Green, Yellow, Blue","Virgin Rubber","12 months"
"MWPA14001","Product Detail","L 450 × W 450 × H 460 mm","Green, Yellow, Blue, Red","Virgin Rubber","12 months"
"MWPA15002","Product Detail","L 450 × W 450 × H 474 mm","Grey, Green, Yellow, Blue, Red","Virgin Rubber","12 months"
"MWPA10002","Product Detail","L 450 × W 450 × H 336 mm","Grey, Green, Yellow, Blue","Virgin Rubber","12 months"
"MWPA14002","Product Detail","L 450 × W 450 × H 422 mm","Green, Yellow, Blue, Red","Virgin Rubber","12 months"
"MMPA25001","Product Detail","W 1,200 × H 850 × D 650 mm","Black","Steel","12 months"
"MMPA3601","Product Detail","W 630 × H 280 × D 210 mm","Black","Steel",""
"MMPA7201","Product Detail","W 630 × H 280 × D 210 mm","Black","Steel",""
"MMPA8001","Product Detail","W 1,050 × H 280 × D 210 mm","Black","Steel",""
"SBCTFS02","Product Detail","L 420 × W 170 × H 590 mm","Black","Steel","12"
"MBCTFS02","Product Detail","L 420 × W 170 × H 590 mm","Black","Steel","12 months"
"ABCTFS02","Product Detail","L 420 × W 170 × H 590 mm","Black","Steel","12 months"
"MCTMSP02","Product Detail","L 1,797 × W 884 × H 1,525 mm","Black","Steel","5 Years Frame, 3 Years Moving Parts, 2 Years Console"
"MCTMSP01","Product Detail","L 1,797 × W 887 × H 1,525 mm","Black","Steel","5 Years Frame, 3 Years Moving Parts, 2 Years Console"
"MMPA5BL01","Product Detail","W 1,270 × H 254 × D 254 mm","Black","Rubber","6 months"
"MMGFACC01","Product Detail","W 850 × H 160 × D 50 mm","Black","Aluminium, Steel","12 months"
"RMGFACC01","Product Detail","W 850 × H 160 × D 50 mm","Black","Aluminium, Steel","12 months"
"SMGFACC01","Product Detail","W 850 × H 160 × D 50 mm","Black","Aluminium, Steel","12"
"RWWAACC02","Product Detail","L 830 × W 185 × H 60 mm","Black","Heavy duty nylon","6 months"
"MWWAACC02","Product Detail","L 830 × W 185 × H 60 mm","Black","Heavy duty nylon","6 months"
"SWWAACC02","Product Detail","L 830 × W 185 × H 60 mm","Black","Heavy duty nylon","6"
"SEWMACC03","Product Detail","W 130 × H 1,700 × D 254 mm","Black","Steel","12"
"MEWMACC03","Product Detail","W 130 × H 1,700 × D 254 mm","Black","Steel","12 months"
"REWMACC01","Product Detail","W 130 × H 1700 × D 254 mm","Black","Steel","12 months"
"ABCTDR01","Product Detail","W 59 × H 125 × D 400 mm","Black","Steel","12 months"
"MBCTDR01","Product Detail","W 59 × H 125 × D 400 mm","Black","Steel","12 months"
"SBCTDR01","Product Detail","W 59 × H 125 × D 400 mm","Black","Steel","12 months"
"MWWLMA01","Product Detail","L 750 × W 600 × H 150 mm","Black","Foam, Vinyl","3 months"
"SWWLMA01","Product Detail","L 750 × W 600 × H 150 mm","Black","Foam, Vinyl","3 months"
"ABEMMA01","Product Detail","W 600 × H 15 × D 1,400 mm","Dark Grey","EVA Foam","6 months"
"MBEMMA01","Product Detail","W 600 × H 15 × D 1,400 mm","Dark Grey","EVA Foam","6 months"
"SBEMMA01","Product Detail","W 600 × H 15 × D 1,400 mm","Dark Grey","EVA Foam","6 months"
"MBCTDI01","Product Detail","L 190 × W 216 mm","Black/yellow","","6 months"
"SBCTDI01","Product Detail","L 190 × W 216 mm","Black/yellow","","6"
"SEWMMA01","Product Detail","W 570 × H 100 × D 100 mm","Black","Steel","12 months"
"MEWMMA01","Product Detail","W 570 × H 100 × D 100 mm","Black","Steel","12 months"
"MMFWTL01","Product Detail","L 1,800 × W 120 × H 220 mm","Black","Steel","12 months"
"SMFWTL01","Product Detail","L 1,800 × W 120 × H 220 mm","Black","Steel","12"
"MBBSTR01","Product Detail","W 700 × H 250 × D 700 mm","Blue/Black","PVC","6 months"
"SBBSTR01","Product Detail","W 700 × H 250 × D 700 mm","Blue/Black","PVC","6 months"
"SEWMBL01","Product Detail","W 1,960 × H 270 × D 688 mm","Black","Steel","12 months"
"MEWMBL01","Product Detail","W 1,960 × H 270 × D 688 mm","Black","Steel","12 months"
"SEFRBB02","Product Detail","W 940 × H 1,350 × D 930 mm","Black","Steel","12"
"MEFRBB02","Product Detail","W 940 × H 1,350 × D 930 mm","Black","Steel","12 months"
"SEFRBB03","Product Detail","W 940 × H 1,350 × D 930 mm","Black","Steel","12"
"MEFRBB03","Product Detail","W 940 × H 1,350 × D 930 mm","Black","Steel","12 months"
"SEFRBB01","Product Detail","W 720 × H 1,320 × D 968 mm","Black","Steel","12 months"
"MEFRBB01","Product Detail","W 720 × H 1,320 × D 968 mm","Black","Steel","12 months"
"SSWBFW01","Product Detail","L 1,170 × W 515 × H 452 mm","Black","Steel, Foam, Artificial Leather, HDPE","(1) Frame- 5 years (2) Foam, coatings- 1 year (3) Hardware, plastics, upholstery- 3 months"
"RSWBFW01","Product Detail","L 1170 × W 515 × H 452 mm","Black","Steel, Foam, Artificial Leather, HDPE","(1) Frame- 5 years (2) Foam, coatings- 1 year (3) Hardware, plastics, upholstery- 3 months"
"MSWBFW01","Product Detail","L 1,170 × W 515 × H 452 mm","Black","Steel, Foam, Artificial Leather, HDPE","(1) Frame- 5 years (2) Foam, coatings- 1 year (3) Hardware, plastics, upholstery- 3 months"
"MBRMRL03","Product Detail","L 330 × W 140 × H 140 mm","Black","EVA","6 months"
"RBRMRL02","Product Detail","L 330 × W 140 × H 140 mm","Black","EVA","6 months"
"SBRMRL03","Product Detail","L 330 × W 140 × H 140 mm","Black","EVA","6"
"ABRMRL03","Product Detail","W 150 × H 150 × D 900 mm","Dark Grey","EVA","3 months"
"SEWMRL01","Product Detail","W 100 × H 1,315 × D 169 mm","Black","Steel","12"
"MEWMRL01","Product Detail","W 100 × H 1,315 × D 169 mm","Black","Steel","12 months"
"MSCMDU01","Product Detail","L 2,070 × W 1,220 × H 2300 mm","Tungsten (metallic silver gray)","Steel, HDPE","(1) Frame- 5 years (2) Blocks, pulleys, plates, rods- 3 years (3) Bearings, coatings- 1 year (4) Cables- 6 months (5) Hardware, plastics- 3 months"
"MMGFPS03","Product Detail","W 330 × H 330 × D 1,400 mm","Black","Rubber, Steel","12 months"
"SMGFPS03","Product Detail","W 330 × H 330 × D 1,400 mm","Black","Rubber, Steel","12"
"MMGFPS02","Product Detail","W 330 × H 330 × D 1,400 mm","Black","Rubber, Steel","12 months"
"SMGFPS02","Product Detail","W 330 × H 330 × D 1,400 mm","Black","Rubber, Steel","12 months"
"MMGFPS01","Product Detail","L 35 × W 35 × H 20 mm","Black","Nylon resin","3 months"
"SMGFPS01","Product Detail","L 35 × W 35 × H 20 mm","Black","Nylon resin","3 months"
"SEFRPS01","Product Detail","L 700 × W 620 × H 1,440 mm","","",""
"MEFRPS01","Product Detail","L 700 × W 620 × H 1,440 mm","","",""
"MMPAPS01","Product Detail","W 530 × H 1,420 × D 790 mm","Black","Rubber, Steel","12 months"
"MMPAPS02","Product Detail","W 530 × H 1,420 × D 790 mm","Black","Rubber, Steel","12 months"
"MBASADJ01","Product Detail","L 1,200 × W 310 × H 200-350mm mm","Grey/Black","PP & TPE","12 months"
"SBASADJ01","Product Detail","L 1,200 × W 310 × H 200-350mm mm","Grey/Black","PP & TPE","12 months"
"RBGYRI01","Product Detail","L 2750 × W 250 × D 28 mm","Black/Brown","Birch wood, Nylon","6 months"
"MBGYRI01","Product Detail","L 2,750 × W 250 × D 28 mm","Black/Brown","Birch wood, Nylon","6 months"
"SBGYRI01","Product Detail","L 2,750 × W 250 × D 28 mm","Black/Brown","Birch wood, Nylon","6"
"MSLBSE04","Product Detail","L 1,830 × W 1,359 × H 1,602 mm","Black","Steel, Foam, Artificial Leather, HDPE","(1) Frame- 5 years (2) Blocks, pulleys, plates, rods- 3 years (3) Foam, bearings, coatings- 1 year (4) Cables- 6 months (5) Hardware, plastics, upholstery- 3 months"
"SEWMBB01","Product Detail","L 1,275 × H 950 × D 50 mm","Black","Steel","12"
"MEWMBB01","Product Detail","L 1,275 × H 950 × D 50 mm","Black","Steel","12 months"
"SEFRDB08","Product Detail","W 2,200 × H 860 × D 710 mm","Black","Steel","12"
"MEFRDB08","Product Detail","W 2,200 × H 860 × D 710 mm","Black","Steel","12 months"
"SEFRDB11","Product Detail","W 2,620 × H 650 × D 820 mm","Black","Steel","12"
"MEFRDB11","Product Detail","W 2,620 × H 650 × D 820 mm","Black","Steel","12 months"
"SEFRDB13","Product Detail","L 2,680 × W 840 × H 300 mm","Black","Steel","12 months"
"SEFRDB07","Product Detail","W 1,110 × H 665 × D 808 mm","Black","Steel","12 months"
"MEFRDB07","Product Detail","W 1,110 × H 665 × D 808 mm","Black","Steel","12 months"
"SEFRDB10","Product Detail","W 1,450 × H 650 × D 820 mm","Black","Steel","12"
"MEFRDB10","Product Detail","W 1,450 × H 650 × D 820 mm","Black","Steel","12 months"
"SEFRDB09","Product Detail","W 2,460 × H 965 × D 740 mm","Black","Steel","12"
"MEFRDB09","Product Detail","W 2,460 × H 965 × D 740 mm","Black","Steel","12 months"
"SEFRKB01","Product Detail","W 1,200 × H 850 × D 650 mm","Black","Steel","12 months"
"MEFRKB01","Product Detail","W 1,200 × H 850 × D 650 mm","Black","Steel","12 months"
"SEFRKB02","Product Detail","W 1,110 × H 665 × D 815 mm","Black","Steel","12"
"MEFRKB02","Product Detail","W 1,110 × H 665 × D 815 mm","Black","Steel","12 months"
"SEFRKB03","Product Detail","W 1,110 × H 665 × D 815 mm","Black","Steel","12"
"MEFRKB03","Product Detail","W 1,110 × H 665 × D 815 mm","Black","Steel","12 months"
"MBRPBA01","Product Detail","L 340 × W 80 mm","","Fabric, Latex","3 months"
"ABRPBA01","Product Detail","L 340 × W 80 mm","","Fabric, Latex","3 months"
"SBRPBA01","Product Detail","L 340 × W 80 mm","","Fabric, Latex","3 months"
"MSBMSE04","Product Detail","L 1,985 × W 1,475 × H 2,247 mm","Black","Steel, Foam, Artificial Leather, HDPE","(1) Frame- 5 years (2) Blocks, pulleys, plates, rods- 3 years (3) Foam, bearings, coatings- 1 year (4) Cables- 6 months (5) Hardware, plastics, upholstery- 3 months"
"MBSAHD01","Product Detail","L 600 × W 200 × H 300 mm","","Heavy Duty PVC and EPE","6 months"
"SBSAHD01","Product Detail","L 600 × W 200 × H 300 mm","","Heavy Duty PVC and EPE","6 months"
"SLLE2502","Product Detail","L 3 × W 3 × H 0.0 mm","White","Plastic","12 months"
"MSLBSE05","Product Detail","L 1,530 × W 1,170 × H 1,602 mm","Black","Steel, Foam, Artificial Leather, HDPE","(1) Frame- 5 years (2) Blocks, pulleys, plates, rods- 3 years (3) Foam, bearings, coatings- 1 year (4) Cables- 6 months (5) Hardware, plastics, upholstery- 3 months"
"MSLBSE01","Product Detail","L 1,394 × W 1,080 × H 1,602 mm","Black","Steel, Foam, Artificial Leather, HDPE","(1) Frame- 5 years (2) Blocks, pulleys, plates, rods- 3 years (3) Foam, bearings, coatings- 1 year (4) Cables- 6 months (5) Hardware, plastics, upholstery- 3 months"
"SLLE2501","Product Detail","L 2,430 × W 185 × H 42 mm","Black","Aluminium Alloy","36 months"
"SEFRBL01","Product Detail","L 330 × W 590 × H 1,570 mm","Black","Steel","12 months"
"AEFRBL01","Product Detail","L 330 × W 590 × H 1,570 mm","Black","Steel","12 months"
"MEFRBL01","Product Detail","L 330 × W 590 × H 1,570 mm","Black","Steel","12 months"
"SEFRBL02","Product Detail","L 520 × W 510 × H 1,630 mm","Black","Steel","12 months"
"MEFRBL02","Product Detail","L 520 × W 510 × H 1,630 mm","Black","Steel","12 months"
"SEFRBL03","Product Detail","L 490 × W 810 × H 1,580 mm","Black","Steel","12 months"
"MEFRBL03","Product Detail","L 490 × W 810 × H 1,580 mm","Black","Steel","12 months"
"SMPA5BL02","Product Detail","W 1,275 × H 305 × D 305 mm","Black/Blue, Black/Yellow, Black/Grey, Black/Red, Black/Purple","Rubber","6"
"MMPA5BL02","Product Detail","W 1,275 × H 305 × D 305 mm","Black/Blue, Black/Yellow, Black/Grey, Black/Red, Black/Purple","Rubber","6 months"
"MBRPMI01","Product Detail","W 50 × H 1 × D 610 mm","Red, Blue, Green, Black","100% Latex Rubber","3 months"
"SBRPMI01","Product Detail","W 50 × H 1 × D 610 mm","Red, Blue, Green, Black","100% Latex Rubber","3 months"
"MBSADI01","Product Detail","L 150 × W 150 × H 150 mm","Red, Blue, Green, Yellow, Orange","Plastic","3 months"
"ABSADI01","Product Detail","L 150 × W 150 × H 150 mm","Red, Blue, Green, Yellow, Orange","Plastic","3 months"
"SBSADI01","Product Detail","L 150 × W 150 × H 150 mm","Red, Blue, Green, Yellow, Orange","Plastic","3"
"SEFRACC12","Product Detail","L 1,592 × W 620 × H 110 mm","Black","Steel","12 months"
"SEFRACC06","Product Detail","W 1,615 × H 1,582 × D 620 mm","Black","Steel","12"
"MEFRACC06","Product Detail","W 1,615 × H 1,582 × D 620 mm","Black","Steel","12 months"
"AEFRACC02","Product Detail","W 1,200 × H 800 × D 400 mm","Black","Steel","12 months"
"MEFRACC01","Product Detail","W 1,200 × H 800 × D 400 mm","Black","Steel","12 months"
"SEFRACC01","Product Detail","W 1,200 × H 800 × D 400 mm","Black","Steel","12 months"
"SEFRACC02","Product Detail","W 2,000 × H 800 × D 400 mm","Black","Steel","12"
"MEFRACC02","Product Detail","W 2,000 × H 800 × D 400 mm","Black","Steel","12 months"
"SEFRACC03","Product Detail","W 1,592 × H 55 × D 620 mm","Black","Steel","12"
"REFRACC01","Product Detail","W 1592 × H 55 × D 620 mm","Black","Steel","12 months"
"MEFRACC03","Product Detail","W 1,592 × H 55 × D 620 mm","Black","Steel","12 months"
"SEFRACC04","Product Detail","W 1,500 × H 55 × D 285 mm","Black","Steel","12"
"REFRACC02","Product Detail","W 1500 × H 55 × D 285 mm","Black","Steel","12 months"
"MEFRACC04","Product Detail","W 1,500 × H 55 × D 285 mm","Black","Steel","12 months"
"SEFRACC05","Product Detail","W 55 × H 1,592 × D 620 mm","Black","Steel","12"
"MEFRACC05","Product Detail","W 55 × H 1,592 × D 620 mm","Black","Steel","12 months"
"REFRACC03","Product Detail","W 55 × H 1592 × D 620 mm","Black","Steel","12 months"
"MSCSSE04","Product Detail","L 1,365 × W 1,363 × H 1,602 mm","Black","Steel, Foam, Artificial Leather, HDPE","(1) Frame- 5 years (2) Blocks, pulleys, plates, rods- 3 years (3) Foam, bearings, coatings- 1 year (4) Cables- 6 months (5) Hardware, plastics, upholstery- 3 months"
"AWWLACC02","Product Detail","W 50 × H 30 × D 50 mm","Black","Nylon resin","6 months"
"RWWLACC02","Product Detail","W 50 × H 30 × D 50 mm","Black","Nylon resin","6 months"
"MWWLACC02","Product Detail","W 50 × H 30 × D 50 mm","Black","Nylon resin","6 months"
"SWWLACC02","Product Detail","W 50 × H 30 × D 50 mm","Black","Nylon resin","6 months"
"AWBBOL03","Product Detail","L 2,005 × W 50 × H 50 mm","Black, Silver","Hardened chrome","12 months"
"RWBBOL01","Product Detail","L 2005 × W 50 × H 50 mm","Black, Silver","Hardened chrome","12 months"
"MWBBOL03","Product Detail","L 2,005 × W 50 × H 50 mm","Black, Silver","Hardened chrome","12 months"
"SWBBOL03","Product Detail","L 2,005 × W 50 × H 50 mm","Black, Silver","Hardened chrome","12 months"
"RWBBOL02","Product Detail","L 2200 × W 50 × H 50 mm","Black, Silver","Hardened chrome","12 months"
"MWBBOL04","Product Detail","L 2,200 × W 50 × H 50 mm","Black, Silver","Hardened chrome","12 months"
"SWBBOL04","Product Detail","L 2,200 × W 50 × H 50 mm","Black, Silver","Hardened chrome","12 months"
"MWBBOL02","Product Detail","L 2,200 × W 50 × H 50 mm","Silver","Chrome, Steel","12 months"
"SWBBOL02","Product Detail","L 2,200 × W 50 × H 50 mm","Silver","Chrome, Steel","12 months"
"MWBBOL01","Product Detail","L 1,210 × W 75 × H 75 mm","Silver","Chrome, Steel","12 months"
"SWBBOL01","Product Detail","L 1,210 × W 75 × H 75 mm","Silver","Chrome, Steel","12 months"
"MWBBOL05","Product Detail","L 1,630 × W 510 × H 150 mm","Silver","Steel","12 months"
"MWBBOL06","Product Detail","L 1,630 × W 510 × H 150 mm","Silver","Steel","12 months"
"SWBBOL06","Product Detail","L 1,630 × W 510 × H 150 mm","Silver","Steel","12 months"
"SEFROP01","Product Detail","L 1,415 × W 350 × H 896 mm","Black","Steel","12 months"
"MEFROP01","Product Detail","L 1,415 × W 350 × H 896 mm","Black","Steel","12 months"
"SRSPFW01","Product Detail","L 1,652 × W 1,311 × H 2,125 mm","Grey","Steel","12"
"MRSPFW01","Product Detail","L 1,652 × W 1,311 × H 2,125 mm","Grey","Steel","12 months"
"MRSPFW02","Product Detail","L 2,035 × W 1,160 × H 2,275 mm","Black/Grey","Steel","12 months"
"SRSPFW03","Product Detail","L 1,660 × W 730 × H 2,199 mm","Black","Steel","12"
"MRSPFW03","Product Detail","L 1,660 × W 730 × H 2,199 mm","Black","Steel","12 months"
"SRSPFW04","Product Detail","L 1,735 × W 1,465 × H 2,442 mm","Black/Grey","Steel","12 months"
"MRSPFW04","Product Detail","L 1,735 × W 1,465 × H 2,442 mm","Black/Grey","Steel","12 months"
"MRSPFW05","Product Detail","L 2,047 × W 1,735 × H 2,442 mm","Black/Grey","Steel","12 months"
"MWPA15003","Product Detail","L 425 × W 425 × H 442 mm","Black","Recycled rubber","12 months"
"MWPA10003","Product Detail","L 400 × W 400 × H 340 mm","Black","Recycled rubber","12 months"
"SWBBOL08","Product Detail","L 1,425 × W 570 × H 150 mm","Silver","Steel, Chrome","12"
"MWBBOL08","Product Detail","L 1,425 × W 570 × H 150 mm","Silver","Steel, Chrome","12 months"
"SWBBOL07","Product Detail","L 2,270 × W 410 × H 60 mm","Silver","Steel","12"
"MWBBOL07","Product Detail","L 2,270 × W 410 × H 60 mm","Silver","Steel","12 months"
"SWBBOL09","Product Detail","L 2,130 × W 75 × H 75 mm","Silver","Steel","12"
"MWBBOL09","Product Detail","L 2,130 × W 75 × H 75 mm","Silver","Steel","12 months"
"REFROP01","Product Detail","L 760 × W 616 × H 1380 mm","Black","Steel","12 months"
"SEFROP03","Product Detail","L 760 × W 616 × H 1,380 mm","Black","Steel","12"
"MEFROP03","Product Detail","L 760 × W 616 × H 1,380 mm","Black","Steel","12 months"
"SEFROP02","Product Detail","L 640 × W 614 × H 1,358 mm","Black","Steel","12"
"MEFROP02","Product Detail","L 640 × W 614 × H 1,358 mm","Black","Steel","12 months"
"SEFROP04","Product Detail","L 710 × W 420 × H 1,240 mm","Black","Steel","12"
"MEFROP04","Product Detail","L 710 × W 420 × H 1,240 mm","Black","Steel","12 months"
"MBGYSL01","Product Detail","L 462 × W 280 × H 352 mm","Black","Steel","12 months"
"SBGYSL01","Product Detail","L 462 × W 280 × H 352 mm","Black","Steel","12"
"MBPBMS01","Product Detail","W 420 × H 750 × D 420 mm","Blue","Steel, rubber, timber","12 months"
"SBPBMS01","Product Detail","W 420 × H 750 × D 420 mm","Blue","Steel, rubber, timber","12 months"
"ABPBSB04","Product Detail","L 850 × W 1,000 × H 305 mm","Black","Vinyl, Foam","6"
"MMPA4BG01","Product Detail","L 640 × W 905 × H 230 mm","Black/Green, Black/Yellow, Black/Blue, Black/Red","PVC, Nylon","6 months"
"MBRPPO01","Product Detail","L 1,040 × W 64 × D 5 mm","Orange, Red, Blue, Purple","100% Latex Rubber","3 months"
"SBRPPO01","Product Detail","L 1,040 × W 64 × D 5 mm","Orange, Red, Blue, Purple","100% Latex Rubber","3"
"MBRPPO02","Product Detail","L 1,040 × W 64 × D 5 mm","Orange, Red, Blue, Purple","100% Latex Rubber","3 months"
"SBRPPO02","Product Detail","L 1,040 × W 64 × D 5 mm","Orange, Red, Blue, Purple","100% Latex Rubber","3 months"
"MMSLSD01","Product Detail","L 1,000 × W 610 × H 980 mm","Black","Steel","12 months"
"SMSLSD01","Product Detail","L 1,000 × W 610 × H 980 mm","Black","Steel","12 months"
"SERK153001","Product Detail","L 1,520 × W 310 × H 310 mm","Black","Steel","12 months"
"RERK153001","Product Detail","L 1500 × H 1400 × D 300 mm","Black","Steel","12 months"
"RLLE2502","Product Detail","L 3 × W 3 × H 0.01 mm","White","Plastic","12 months"
"RLLE2501","Product Detail","L 2390 × H 75 × D 75 mm","Black","Aluminium Alloy","36 months"
"MRCTATT01","Product Detail","L 543 × W 118 × H 118 mm","Black","Steel","12 months"
"SRCTATT01","Product Detail","L 543 × W 118 × H 118 mm","Black","Steel","12"
"RBCTFS01","Product Detail","L 543 × W 118 × H 118 mm","Blacl","Steel","12 months"
"SRSPATT01","Product Detail","L 1,080 × W 65 × H 160 mm","Black","Steel","12"
"MRSPATT01","Product Detail","L 1,080 × W 65 × H 160 mm","Black","Steel","12 months"
"SRSPATT02","Product Detail","L 1,520 × W 65 × H 160 mm","Black","Steel","12"
"MRSPATT02","Product Detail","L 1,520 × W 65 × H 160 mm","Black","Steel","12 months"
"MRSPATT04","Product Detail","L 700 × W 580 × H 230 mm","Black","Steel","12 months"
"RRSPATT04","Product Detail","L 700 × W 580 × H 230 mm","Black","Steel","12 months"
"SRSPATT04","Product Detail","L 700 × W 580 × H 230 mm","Black","Steel","12"
"MRSPATT05","Product Detail","W 77 × H 210 × D 106 mm","Black","Steel","12 months"
"RRSPATT05","Product Detail","W 77 × H 210 × D 106 mm","Black","Steel","12 months"
"SRSPATT05","Product Detail","W 77 × H 210 × D 106 mm","Black","Steel","12"
"MRWAATT01","Product Detail","L 815 × W 180 × H 208 mm","Black","Steel","12 months"
"SRWAATT01","Product Detail","L 815 × W 180 × H 208 mm","Black","Steel","12"
"RRWAATT01","Product Detail","L 815 × W 180 × H 208 mm","Black","Steel","12 months"
"SRSPATT03","Product Detail","L 65 × W 65 × H 2,400 mm","Black","Steel","12"
"MRSPATT03","Product Detail","L 65 × W 65 × H 2,400 mm","Black","Steel","12 months"
"RRSPATT03","Product Detail","L 65 × W 65 × H 2400 mm","Black","Steel","12 months"
"SRSPATT06","Product Detail","W 415 × H 1,141 × D 408 mm","Black, Grey","Steel","12"
"MRSPATT06","Product Detail","W 415 × H 1,141 × D 408 mm","Black, Grey","Steel","12 months"
"RRSPATT06","Product Detail","W 415 × H 1141 × D 408 mm","Black, Grey","Steel","12 months"
"MEWMACC02","Product Detail","W 570 × H 100 × D 100 mm","Black","Steel","12 months"
"AEWMACC02","Product Detail","W 570 × H 100 × D 100 mm","Black","Steel","12 months"
"SEWMACC02","Product Detail","W 570 × H 100 × D 100 mm","Black","Steel","12 months"
"MEWMACC01","Product Detail","W 420 × H 100 × D 100 mm","Black","Steel","12 months"
"SEWMACC01","Product Detail","W 420 × H 100 × D 100 mm","Black","Steel","12 months"
"MWPAFRU01","Product Detail","L 1,170 × W 930 × H 1,350 mm","Black","Recycled rubber, Steel","12 months"
"MWPAFRU02","Product Detail","L 1,170 × W 968 × H 1,320 mm","Black","Recycled rubber, Steel","12 months"
"MBSALD01","Product Detail","L 5,000 × W 410 × H 4 mm","Black, Blue","Rubber","6 months"
"SBSALD01","Product Detail","L 5,000 × W 410 × H 4 mm","Black, Blue","Rubber","6"
"MSCSSE01","Product Detail","L 1,675 × W 1,444 × H 1,602 mm","Black","Steel, Foam, Artificial Leather, HDPE","(1) Frame- 5 years (2) Blocks, pulleys, plates, rods- 3 years (3) Foam, bearings, coatings- 1 year (4) Cables- 6 months (5) Hardware, plastics, upholstery- 3 months"
"MCSTAR02","Product Detail","L 410 × W 530 × H 2,170 mm","Black","Steel","5 Years Frame, 2 Years Non-Wearable Parts"
"MCSTACC01","Product Detail","L 1,280 × W 770 × H 20 mm","Black","","12 months"
"MCSTAR01","Product Detail","L 410 × W 530 × H 2,170 mm","Black","Steel","5 Years Frame, 2 Years Non-Wearable Parts"
"MCSTACC02","Product Detail","W 530 × H 2,170 × D 410 mm","Black","Steel","12 months"
"MMLBACC01","Product Detail","W 590 × H 150 × D 350 mm","Black","Plywood board","3 months"
"SMLBACC01","Product Detail","W 590 × H 150 × D 350 mm","Black","Plywood board","3"
"MBSARO01","Product Detail","L 1,500 mm","Silver, Black","Wire, Clear PVC","3 months"
"SBSARO01","Product Detail","L 1,500 mm","Silver, Black","Wire, Clear PVC","3 months"
"MBSADO02","Product Detail","L 100 × W 100 × H 4 mm","Multiple colour options available","Silicone","6 months"
"SBSADO02","Product Detail","L 100 × W 100 × H 4 mm","Multiple colour options available","Silicone","6 months"
"ABSUTR01","Product Detail","W 1,600 × H 80 × D 120 mm","Black, Blue","Nylon webbing","6 months"
"MBSUTR01","Product Detail","W 1,600 × H 80 × D 120 mm","Black, Blue","Nylon webbing","6 months"
"SBSUTR01","Product Detail","W 1,600 × H 80 × D 120 mm","Black, Blue","Nylon webbing","6 months"
"MSBMPL01","Product Detail","L 1,960 × W 1,020 × H 1,253 mm","Black/Red","Steel, Foam, Artificial Leather, HDPE","(1) Frame- 5 years (2) Foam, coatings- 1 year (3) Hardware, plastics, upholstery- 3 months"
"RBCTACC01","Product Detail","L 650 × W 336 × H 76 mm","Black","Steel","12 months"
"SBCTACC01","Product Detail","W 650 × H 76 × D 336 mm","Black","Steel","12"
"MBCTACC01","Product Detail","W 650 × H 76 × D 336 mm","Black","Steel","12 months"
"SEWMBB02","Product Detail","W 550 × H 75 × D 112 mm","Black","Steel","12"
"MEWMBB02","Product Detail","W 550 × H 75 × D 112 mm","Black","Steel","12 months"
"SEWMOP01","Product Detail","W 150 × H 1,190 × D 360 mm","Black","Steel","12 months"
"MEWMOP01","Product Detail","W 150 × H 1,190 × D 360 mm","Black","Steel","12 months"
"REWMOP01","Product Detail","W 150 × H 1190 × D 360 mm","Black","Steel","12 months"
"MEFRDB05","Product Detail","L 710 × W 420 × H 1,630 mm","Black","Steel","12 months"
"SEFRDB05","Product Detail","L 710 × W 420 × H 1,630 mm","Black","Steel","12"
"SEFRDB12","Product Detail","L 1,650 × W 430 × H 430 mm","Black","Steel","12 months"
"MEFRDB01","Product Detail","L 780 × W 620 × H 1,440 mm","Black","Steel","12 months"
"SEFRDB01","Product Detail","L 780 × W 620 × H 1,440 mm","Black","Steel","12 months"
"MEFRDB02","Product Detail","L 780 × W 620 × H 1,440 mm","Black","Steel","12 months"
"SEFRDB02","Product Detail","L 780 × W 620 × H 1,440 mm","Black","Steel","12"
"SEFRDB04","Product Detail","L 780 × W 620 × H 1,440 mm","Black","Steel","12"
"MEFRDB04","Product Detail","L 780 × W 620 × H 1,440 mm","Black","Steel","12 months"
"SEFRDB03","Product Detail","L 780 × W 620 × H 1,440 mm","Black","Steel","12"
"MEFRDB03","Product Detail","L 780 × W 620 × H 1,440 mm","Black","Steel","12 months"
"SEFRDB06","Product Detail","L 580 × W 550 × H 1,150 mm","Black","Steel","12 months"
"AEFRDB06","Product Detail","L 580 × W 550 × H 1,150 mm","Black","Steel","12 months"
"MEFRDB06","Product Detail","L 580 × W 550 × H 1,150 mm","Black","Steel","12 months"
"RWWAACC01","Product Detail","W 125 mm","Black","Nylon","6 months"
"MWWAACC01","Product Detail","L 800 × W 128 × H 10 mm","Black","Nylon","6 months"
"SWWAACC01","Product Detail","L 800 × W 128 × H 10 mm","Black","Nylon","6"
"RWWLCH02","Product Detail","L 190 × W 190 × H 90 mm","White","Magnesium carbonate",""
"MWWLCH01","Product Detail","L 190 × W 190 × H 90 mm","White","Magnesium carbonate",""
"SWWLCH01","Product Detail","L 190 × W 190 × H 90 mm","White","Magnesium carbonate",""
