"*Product Code","Width","Height","Depth","Weight"
"MMDBRH01","23.5","7","7","2"
"MMDBRH02","24.2","8","8","3"
"MMDBRH03","26","9.2","9.2","4"
"MMDBRH04","26","9.2","9.2","4"
"MMDBRH05","27.2","10.2","10.2","5"
"MMDBRH06","28.5","11","11","6"
"MMDBRH07","29.6","11.6","11.6","7"
"MMDBRH08","29.6","11.6","11.6","8"
"MMDBRH09","30.3","12.5","12.5","9"
"MMDBRH10","30.4","12.2","12.2","9"
"MMDBRH11","30.8","12.5","12.5","10"
"MMDBRH12","32","13.8","13.8","11"
"MMDBRH13","33","14.5","14.5","14"
"MMDBRH14","33.6","15.5","15.5","16"
"MMDBRH15","35","16.4","16.4","19"
"MMDBRH16","37","17","17","21"
"MMDBRH17","37.2","17.5","17.5","24"
"MMDBRH18","38","18","18","26"
"MMDBRH19","38.5","18.6","18.6","29"
"MMDBRH20","39.2","19.2","19.2","31"
"MMDBRH21","40.8","20.3","20.3","34"
"MMDBRH22","40.8","20.3","20.3","36"
"MMDBRH23","41.7","22","22","39"
"MMDBRH24","41.7","22","22","41"
"MMDBRH25","42","22","22","44"
"MMDBRH26","43.9","22","22","46"
"MMDBPRH01","23.5","7","7","2"
"MMDBPRH02","24.2","8","8","3"
"MMDBPRH04","26","9.2","9.2","4"
"MMDBPRH05","27.2","10.2","10.2","5"
"MMDBPRH06","28.5","11","11","6"
"MMDBPRH07","29.6","11.6","11.6","7"
"MMDBPRH08","29.6","11.6","11.6","8"
"MMDBPRH10","30.4","12.2","12.2","9"
"MMDBPRH11","30.8","12.5","12.5","10"
"MMDBPRH12","32","13.8","13.8","11"
"MMDBPRH13","33","14.5","14.5","14"
"MMDBPRH14","33.6","15.5","15.5","16"
"MMDBPRH15","35","16.4","16.4","19"
"MMDBPRH16","37","17","17","21"
"MMDBPRH17","37.2","17.5","17.5","24"
"MMDBPRH18","38","18","18","26"
"MMDBPRH19","38.5","18.6","18.6","29"
"MMDBPRH20","39.2","19.2","19.2","31"
"MMDBPRH21","40.8","20.3","20.3","34"
"MMDBPRH22","40.8","20.3","20.3","36"
"MMDBPRH23","41.7","22","22","39"
"MMDBPRH24","41.7","22","22","41"
"MMDBPRH25","42","22","22","44"
"MMDBPRH26","43.9","22","22","46"
