verdict,code,erp_name,product,brand,group,sub_group,price_inc_gst,stock,reached_by,slug,family_photographed,family_size,showing_instead,blank_card,photo_on_other_code,photo_match,other_code_state,photo_on_other_name
blank,MAACU09L,High Rise Leggings (Woman) (L),High Rise Leggings (Woman),MK,Apparel,Woman,125.00,0,unit,high-rise-leggings-woman,0,4,,yes,,,,
blank,MAACU09M,High Rise Leggings (Woman) (M),High Rise Leggings (Woman),MK,Apparel,Woman,125.00,0,unit,high-rise-leggings-woman,0,4,,yes,,,,
blank,MAACU09S,High Rise Leggings (Woman) (S),High Rise Leggings (Woman),MK,Apparel,Woman,125.00,0,unit,high-rise-leggings-woman,0,4,,yes,,,,
blank,MAACU09XL,High Rise Leggings (Woman) (XL),High Rise Leggings (Woman),MK,Apparel,Woman,125.00,0,unit,high-rise-leggings-woman,0,4,,yes,,,,
blank,MAACU04L,Long Sleeve Tee (Unisex) (L),Long Sleeve Tee (Unisex),MK,Apparel,Unisex,65.00,0,unit,long-sleeve-tee-unisex,0,4,,yes,,,,
blank,MAACU04M,Long Sleeve Tee (Unisex) (M),Long Sleeve Tee (Unisex),MK,Apparel,Unisex,65.00,0,unit,long-sleeve-tee-unisex,0,4,,yes,,,,
blank,MAACU04S,Long Sleeve Tee (Unisex) (S),Long Sleeve Tee (Unisex),MK,Apparel,Unisex,65.00,0,unit,long-sleeve-tee-unisex,0,4,,yes,,,,
blank,MAACU04XL,Long Sleeve Tee (Unisex) (XL),Long Sleeve Tee (Unisex),MK,Apparel,Unisex,65.00,0,unit,long-sleeve-tee-unisex,0,4,,yes,,,,
blank,MAACU02L,Oversized Hoodie (Unisex) (L),Oversized Hoodie (Unisex),MK,Apparel,Unisex,90.00,0,unit,oversized-hoodie-unisex,0,4,,yes,MAACU02-L,candidate,retired,Oversized Hoodie (L)
blank,MAACU02M,Oversized Hoodie (Unisex) (M),Oversized Hoodie (Unisex),MK,Apparel,Unisex,90.00,0,unit,oversized-hoodie-unisex,0,4,,yes,MAACU02-M,candidate,retired,Oversized Hoodie (M)
blank,MAACU02S,Oversized Hoodie (Unisex) (S),Oversized Hoodie (Unisex),MK,Apparel,Unisex,90.00,0,unit,oversized-hoodie-unisex,0,4,,yes,MAACU02-S,candidate,retired,Oversized Hoodie (S)
blank,MAACU02XL,Oversized Hoodie (Unisex) (XL),Oversized Hoodie (Unisex),MK,Apparel,Unisex,90.00,0,unit,oversized-hoodie-unisex,0,4,,yes,MAACU02-XL,candidate,retired,Oversized Hoodie (XL)
blank,MAACU03L,Oversized Tee (Unisex) (L),Oversized Tee (Unisex),MK,Apparel,Unisex,55.00,0,unit,oversized-tee-unisex,0,4,,yes,,,,
blank,MAACU03M,Oversized Tee (Unisex) (M),Oversized Tee (Unisex),MK,Apparel,Unisex,55.00,0,unit,oversized-tee-unisex,0,4,,yes,,,,
blank,MAACU03S,Oversized Tee (Unisex) (S),Oversized Tee (Unisex),MK,Apparel,Unisex,55.00,0,unit,oversized-tee-unisex,0,4,,yes,,,,
blank,MAACU03XL,Oversized Tee (Unisex) (XL),Oversized Tee (Unisex),MK,Apparel,Unisex,55.00,0,unit,oversized-tee-unisex,0,4,,yes,,,,
blank,MAACU10L,Relaxed Short Sleeve Tee (Woman) (L),Relaxed Short Sleeve Tee (Woman),MK,Apparel,Woman,80.00,0,unit,relaxed-short-sleeve-tee-woman,0,4,,yes,,,,
blank,MAACU10M,Relaxed Short Sleeve Tee (Woman) (M),Relaxed Short Sleeve Tee (Woman),MK,Apparel,Woman,80.00,0,unit,relaxed-short-sleeve-tee-woman,0,4,,yes,,,,
blank,MAACU10S,Relaxed Short Sleeve Tee (Woman) (S),Relaxed Short Sleeve Tee (Woman),MK,Apparel,Woman,80.00,0,unit,relaxed-short-sleeve-tee-woman,0,4,,yes,,,,
blank,MAACU10XL,Relaxed Short Sleeve Tee (Woman) (XL),Relaxed Short Sleeve Tee (Woman),MK,Apparel,Woman,80.00,0,unit,relaxed-short-sleeve-tee-woman,0,4,,yes,,,,
blank,MAACU07L,Short Sleeve Polo (Male) (L),Short Sleeve Polo (Male),MK,Apparel,Male,90.00,0,unit,short-sleeve-polo-male,0,4,,yes,,,,
blank,MAACU07M,Short Sleeve Polo (Male) (M),Short Sleeve Polo (Male),MK,Apparel,Male,90.00,0,unit,short-sleeve-polo-male,0,4,,yes,,,,
blank,MAACU07S,Short Sleeve Polo (Male) (S),Short Sleeve Polo (Male),MK,Apparel,Male,90.00,0,unit,short-sleeve-polo-male,0,4,,yes,,,,
blank,MAACU07XL,Short Sleeve Polo (Male) (XL),Short Sleeve Polo (Male),MK,Apparel,Male,90.00,0,unit,short-sleeve-polo-male,0,4,,yes,,,,
blank,MAACU05L,Short Sleeve Tee (Male) (L),Short Sleeve Tee (Male),MK,Apparel,Male,55.00,0,unit,short-sleeve-tee-male,0,4,,yes,,,,
blank,MAACU05M,Short Sleeve Tee (Male) (M),Short Sleeve Tee (Male),MK,Apparel,Male,55.00,0,unit,short-sleeve-tee-male,0,4,,yes,,,,
blank,MAACU05S,Short Sleeve Tee (Male) (S),Short Sleeve Tee (Male),MK,Apparel,Male,55.00,0,unit,short-sleeve-tee-male,0,4,,yes,,,,
blank,MAACU05XL,Short Sleeve Tee (Male) (XL),Short Sleeve Tee (Male),MK,Apparel,Male,55.00,0,unit,short-sleeve-tee-male,0,4,,yes,,,,
blank,MAAAU03,Socks,Socks,MK,Apparel,Unisex,40.00,0,unit,socks,0,1,,yes,,,,
blank,MAACU12L,Sports Bra (Woman) (L),Sports Bra (Woman),MK,Apparel,Woman,65.00,0,unit,sports-bra-woman,0,4,,yes,,,,
blank,MAACU12M,Sports Bra (Woman) (M),Sports Bra (Woman),MK,Apparel,Woman,65.00,0,unit,sports-bra-woman,0,4,,yes,,,,
blank,MAACU12S,Sports Bra (Woman) (S),Sports Bra (Woman),MK,Apparel,Woman,65.00,0,unit,sports-bra-woman,0,4,,yes,,,,
blank,MAACU12XL,Sports Bra (Woman) (XL),Sports Bra (Woman),MK,Apparel,Woman,65.00,0,unit,sports-bra-woman,0,4,,yes,,,,
blank,MAAACO01,Sweat Towel,Sweat Towel,MK,Apparel,Unisex,8.00,0,unit,sweat-towel,0,1,,yes,,,,
blank,MAACU01L,Sweatshirt (Unisex) (L),Sweatshirt (Unisex),MK,Apparel,Unisex,89.00,0,unit,sweatshirt-unisex,0,4,,yes,,,,
blank,MAACU01M,Sweatshirt (Unisex) (M),Sweatshirt (Unisex),MK,Apparel,Unisex,89.00,0,unit,sweatshirt-unisex,0,4,,yes,,,,
blank,MAACU01S,Sweatshirt (Unisex) (S),Sweatshirt (Unisex),MK,Apparel,Unisex,89.00,0,unit,sweatshirt-unisex,0,4,,yes,,,,
blank,MAACU01XL,Sweatshirt (Unisex) (XL),Sweatshirt (Unisex),MK,Apparel,Unisex,89.00,0,unit,sweatshirt-unisex,0,4,,yes,,,,
blank,MAACU08L,Tank (Male) (L),Tank (Male),MK,Apparel,Male,75.00,0,unit,tank-male,0,4,,yes,,,,
blank,MAACU08M,Tank (Male) (M),Tank (Male),MK,Apparel,Male,75.00,0,unit,tank-male,0,4,,yes,,,,
blank,MAACU08S,Tank (Male) (S),Tank (Male),MK,Apparel,Male,75.00,0,unit,tank-male,0,4,,yes,,,,
blank,MAACU08XL,Tank (Male) (XL),Tank (Male),MK,Apparel,Male,75.00,0,unit,tank-male,0,4,,yes,,,,
blank,MAACU11L,Tank (Woman) (L),Tank (Woman),MK,Apparel,Woman,75.00,0,unit,tank-woman,0,4,,yes,,,,
blank,MAACU11M,Tank (Woman) (M),Tank (Woman),MK,Apparel,Woman,75.00,0,unit,tank-woman,0,4,,yes,,,,
blank,MAACU11S,Tank (Woman) (S),Tank (Woman),MK,Apparel,Woman,75.00,0,unit,tank-woman,0,4,,yes,,,,
blank,MAACU11XL,Tank (Woman) (XL),Tank (Woman),MK,Apparel,Woman,75.00,0,unit,tank-woman,0,4,,yes,,,,
blank,MAAAU02,Train Cap,Train Cap,MK,Apparel,Unisex,40.00,0,unit,train-cap,0,1,,yes,,,,
blank,MAACU06L,"Training Shorts - 7"" (Male) (L)","Training Shorts - 7"" (Male)",MK,Apparel,Male,90.00,0,unit,training-shorts-7-male,0,4,,yes,,,,
blank,MAACU06M,"Training Shorts - 7"" (Male) (M)","Training Shorts - 7"" (Male)",MK,Apparel,Male,90.00,0,unit,training-shorts-7-male,0,4,,yes,,,,
blank,MAACU06S,"Training Shorts - 7"" (Male) (S)","Training Shorts - 7"" (Male)",MK,Apparel,Male,90.00,0,unit,training-shorts-7-male,0,4,,yes,,,,
blank,MAACU06XL,"Training Shorts - 7"" (Male) (XL)","Training Shorts - 7"" (Male)",MK,Apparel,Male,90.00,0,unit,training-shorts-7-male,0,4,,yes,,,,
blank,MAAAU01,Trucker Hat,Trucker Hat,MK,Apparel,Unisex,40.00,0,unit,trucker-hat,0,1,,yes,,,,
blank,MBPAMA01,EVA Exercise Mat (Set of 10),EVA Exercise Mat (Set of 10),MK,Body Weight,Exercise Mats,2000.00,0,unit,eva-exercise-mat-set-of-10,0,1,,yes,,,,
blank,MBRMRL09,Massage Rolling Machine,Massage Rolling Machine,MK,Body Weight,Balance & Stability,9299.00,0,unit,massage-rolling-machine,0,1,,yes,,,,
blank,MCBIMG01,Performance Indoor Cycle,Performance Indoor Cycle,MK,Cardio,Bikes,2899.00,0,unit,performance-indoor-cycle,0,1,,yes,,,,
blank,MCRFAL01,Performance Reformer,Performance Reformer,MK,Cardio,Reformer,3550.00,0,unit,performance-reformer,0,1,,yes,,,,
blank,MCRFWO01,Studio Reformer,Studio Reformer,MK,Cardio,Reformer,2950.00,0,unit,studio-reformer,0,1,,yes,,,,
blank,OIFDB4A,3rd Tier for IFDB4,3rd Tier for IFDB4,OLD,Clearance,Freestanding,,3,unit,3rd-tier-for-ifdb4,0,1,,yes,,,,
blank,OSCMDU01,Functional Trainer (Clearance),Functional Trainer (Clearance),OLD,Clearance,Cable Machines,,1,unit,functional-trainer-clearance,0,1,,yes,,,,
blank,OEFRDB02,Hoist DRV10,Hoist DRV10,OLD,Clearance,Freestanding,,19,unit,hoist-drv10,0,1,,yes,,,,
blank,CL-IFLP3,Leg Attachment (for home gym),Leg Attachment (for home gym),CLEARANCE,Clearance,Cable Machines,,2,unit,leg-attachment-for-home-gym,0,1,,yes,,,,
blank,MK-OLYPBAR20-700,"Olympic Power Bar-20kg (2200mm, 700lb Capacity)","Olympic Power Bar-20kg (2200mm, 700lb Capacity)",MK,Clearance,Barbells,,0,unit,olympic-power-bar-20kg-2200mm-700lb-capacity,0,1,,yes,,,,
blank,OEFROP02,Olympic Weight Plate Tree (CSL10N),Olympic Weight Plate Tree (CSL10N),OLD,Clearance,Freestanding,,6,unit,olympic-weight-plate-tree-csl10n,0,1,,yes,,,,
blank,MEFMOD03,Modular Storage Rack (Complete),Modular Storage Rack (Complete),MK,Equipment Storage,Freestanding,,0,unit,modular-storage-rack-complete,0,1,,yes,,,,
blank,MEWMRO02-S,Wall Mounted-Rope & Band Rack-SMALL,Wall Mounted-Rope & Band Rack-SMALL,MK,Equipment Storage,Wall Mounted,,0,unit,wall-mounted-rope-and-band-rack-small,0,1,,yes,,,,
blank,NBFATSY02,Artificial Turf Black (2m x 15m),Artificial Turf Black (2m x 15m),NO BRAND,Flooring,Astro Turf/Sled Tracks,2600.00,0,unit,artificial-turf-black-2m-x-15m,0,1,,yes,,,,
blank,MFATSY04,Artificial Turf Black (2m x 20m),Artificial Turf Black (2m x 20m),MK,Flooring,Astro Turf/Sled Tracks,2475.00,-2,unit,artificial-turf-black-2m-x-20m,0,1,,yes,,,,
blank,MFATSY05,Artificial Turf Green (2m X 15m),Artificial Turf Green (2m X 15m),MK,Flooring,Astro Turf/Sled Tracks,1336.50,2,unit,artificial-turf-green-2m-x-15m,0,1,,yes,,,,
blank,MMDBCE01,Chrome Dumbbell Set (1kg-10kg Pairs),Chrome Dumbbell Set (1kg-10kg Pairs),MK,Mixed Implements,Dumbbells,825.00,0,unit,chrome-dumbbell-set-1kg-10kg-pairs,0,1,,yes,,,,
blank,MMWAARM09,Wall Ball (Armatex) -12kg,Wall Ball (Armatex) -12kg,MK,Mixed Implements,Wall Balls,,0,unit,wall-ball-armatex-12kg,0,1,,yes,,,,
blank,MMPA4BL01,Dead Balls (Set of 4) - 56kg,Dead Balls (Set of 4),MK,Packages,Dead Balls,,0,unit,dead-balls-set-of-4,0,1,,yes,,,,
blank,MMPA6BG01,Power Bags (Set of 6) - 105kg,Power Bags (Set of 6),MK,Packages,Power Bags,570.00,0,unit,power-bags-set-of-6,0,1,,yes,,,,
blank,MMPADB01,Rubber Hex Dumbbell (Set of 14 Pairs) - 240kg & Vertical Dumbbell Rack - Portable (Four Sided),Rubber Hex Dumbbell (Set of 14 Pairs),MK,Packages,Dumbbells,,0,unit,rubber-hex-dumbbell-set-of-14-pairs,0,1,,yes,,,,
blank,MMPA8002,Urethane Competition Kettlebell (Set of 5) - 80kg,Urethane Competition Kettlebell (Set of 5),MK,Packages,Kettlebells,,0,unit,urethane-competition-kettlebell-set-of-5,0,1,,yes,,,,
blank,MMPAUR01,Urethane Fixed Dumbbells Set (1-10kg Pairs) & Vertical Dumbbell Rack - 10 Pair (Single Sided) 1.0,Urethane Fixed Dumbbells Set (1-10kg Pairs) & Vertical Dumbbell Rack,MK,Packages,Dumbbells,,0,unit,urethane-fixed-dumbbells-set-1-10kg-pairs-and-vertical-dumbbell-rack,0,1,,yes,,,,
blank,MMPAARM01,Wall Ball (Armatex) (Set of 4) - 12kg,Wall Ball (Armatex) (Set of 4),MK,Packages,Wall Balls,,0,unit,wall-ball-armatex-set-of-4,0,1,,yes,,,,
blank,MRSPFW06,2-Cell Rack with Storage,2-Cell Rack with Storage,MK,Rigs & Racks,Squat & Power Racks,2259.00,0,unit,2-cell-rack-with-storage,0,1,,yes,,,,
blank,MRSPFW11,Olympic Half Rack (Wall Mounted),Olympic Half Rack (Wall Mounted),MK,Rigs & Racks,Squat & Power Racks,3210.00,0,unit,olympic-half-rack-wall-mounted,0,1,,yes,,,,
blank,MRSPFW10,Olympic Half Rack 2.0,Olympic Half Rack 2.0,MK,Rigs & Racks,Squat & Power Racks,2990.00,0,unit,olympic-half-rack-2-0,0,1,,yes,,,,
blank,MRSPFW12,Olympic Half Rack with Dead Lift,Olympic Half Rack with Dead Lift,MK,Rigs & Racks,Squat & Power Racks,3165.00,0,unit,olympic-half-rack-with-dead-lift,0,1,,yes,,,,
blank,MRSPFW13,Olympic Half Rack with Dual Pulley,Olympic Half Rack with Dual Pulley,MK,Rigs & Racks,Squat & Power Racks,5465.00,0,unit,olympic-half-rack-with-dual-pulley,0,1,,yes,,,,
blank,MRSPFW14,Olympic Half Rack with Dual Pulley (Wall Mounted),Olympic Half Rack with Dual Pulley (Wall Mounted),MK,Rigs & Racks,Squat & Power Racks,5699.00,0,unit,olympic-half-rack-with-dual-pulley-wall-mounted,0,1,,yes,,,,
blank,MRSPFW15,Olympic Power Rack 5.0,Olympic Power Rack 5.0,MK,Rigs & Racks,Squat & Power Racks,3755.00,0,unit,olympic-power-rack-5-0,0,1,,yes,,,,
blank,MRSPFW16,Olympic Power Rack with Dual Pulley,Olympic Power Rack with Dual Pulley,MK,Rigs & Racks,Squat & Power Racks,6485.00,0,unit,olympic-power-rack-with-dual-pulley,0,1,,yes,,,,
blank,MRSPFW07,Smith Machine,Smith Machine,MK,Rigs & Racks,Squat & Power Racks,1599.00,0,unit,smith-machine,0,1,,yes,,,,
blank,MSCMSE05,Hi & Low Adjustable Pulley,Hi & Low Adjustable Pulley,MK,Strength,Chest & Shoulder Machines,,0,unit,hi-and-low-adjustable-pulley,0,1,,yes,,,,
blank,MSLBPL21,Multi Deadlift,Multi Deadlift,MK,Strength,Lower Body Machines,3050.00,0,unit,multi-deadlift,0,1,,yes,,,,
blank,MWLPFS01,Lifting Plus Integrated Platform,Lifting Plus Integrated Platform,MK,Weightlifting,Lifting Platform,3250.00,0,unit,lifting-plus-integrated-platform,0,1,,yes,,,,
sibling-size,MEWMST17,Battle Rope Storage (Wall Mounted),Battle Rope Storage (Wall Mounted),MK,Equipment Storage,Wall Mounted,,0,unit,battle-rope-storage-wall-mounted,1,2,https://unlappcdn.unleashedsoftware.com/20b00cbf-d7eb-42a5-b39e-b624cd1fe08f/7e5d5d8b-26c9-4f70-b7a6-c56e7dcc8b83/7e5d5d8b-26c9-4f70-b7a6-c56e7dcc8b83.jpg,,,,,
sibling-size,MEFRDB14,Horizontal Dumbbell Rack - 3 Tier (10 Pair) 3.0,Horizontal Dumbbell Rack,MK,Equipment Storage,Freestanding,1770.00,0,unit,horizontal-dumbbell-rack-2-tier-10-pair-1-0,5,7,https://unlappcdn.unleashedsoftware.com/20b00cbf-d7eb-42a5-b39e-b624cd1fe08f/23306bce-b6e1-4ff7-9652-b3432b875b37/23306bce-b6e1-4ff7-9652-b3432b875b37.jpg,,,,,
sibling-size,MEFRDB15,Horizontal Dumbbell Rack - 2 Tier (7 Pair) 3.0,Horizontal Dumbbell Rack,MK,Equipment Storage,Freestanding,1300.00,0,unit,horizontal-dumbbell-rack-2-tier-10-pair-1-0,5,7,https://unlappcdn.unleashedsoftware.com/20b00cbf-d7eb-42a5-b39e-b624cd1fe08f/23306bce-b6e1-4ff7-9652-b3432b875b37/23306bce-b6e1-4ff7-9652-b3432b875b37.jpg,,,,,
sibling-size,MEFSKB01,Kettlebell Rack (2 Tier) 2.0,Kettlebell Rack (2 Tier) 2.0,MK,Equipment Storage,Freestanding,575.00,0,unit,kettlebell-rack-2-tier-2-0,1,2,https://unlappcdn.unleashedsoftware.com/20b00cbf-d7eb-42a5-b39e-b624cd1fe08f/4d47d29e-ca8c-47a0-b216-18807bdef48a/4d47d29e-ca8c-47a0-b216-18807bdef48a.jpg,,,,,
sibling-size,MEFSACC01,"Modular Storage Rack (Kettlebells, Dumbbells) - HD 2 Tier","Modular Storage Rack (Kettlebells, Dumbbells)",MK,Equipment Storage,Freestanding,1275.00,0,unit,modular-storage-rack-kettlebells-dumbbells-hd-2-tier-1-2m-2,2,3,https://unlappcdn.unleashedsoftware.com/20b00cbf-d7eb-42a5-b39e-b624cd1fe08f/079eae8d-30f7-45f1-bf24-208bc8379b53/079eae8d-30f7-45f1-bf24-208bc8379b53.jpg,,,,,
sibling-size,MMDEHG16,High Grip Dead Ball - 60kg,High Grip Dead Ball,MK,Mixed Implements,Dead Balls,240.00,0,page,high-grip-dead-ball-4,0,1,https://unlappcdn.unleashedsoftware.com/20b00cbf-d7eb-42a5-b39e-b624cd1fe08f/f63d437c-f6dd-4f50-a1a4-a6a57de52c3c/f63d437c-f6dd-4f50-a1a4-a6a57de52c3c.jpg,yes,,,,
sibling-size,MMDEHG17,High Grip Dead Ball - 70kg,High Grip Dead Ball,MK,Mixed Implements,Dead Balls,280.00,0,page,high-grip-dead-ball-4,0,1,https://unlappcdn.unleashedsoftware.com/20b00cbf-d7eb-42a5-b39e-b624cd1fe08f/f63d437c-f6dd-4f50-a1a4-a6a57de52c3c/f63d437c-f6dd-4f50-a1a4-a6a57de52c3c.jpg,yes,,,,
sibling-size,MMMBPR 03,Medicine Ball - 6kg,Medicine Ball,MK,Mixed Implements,Medicine Balls,64.00,0,page,medicine-ball-2,0,1,https://unlappcdn.unleashedsoftware.com/20b00cbf-d7eb-42a5-b39e-b624cd1fe08f/95110551-8f6d-47da-9d62-e366334dc87d/95110551-8f6d-47da-9d62-e366334dc87d.jpg,yes,MMMBPR03,confirmed,live,Medicine Ball - 6kg
sibling-size,MMPWPBG06,Power Bag - 5kg,Power Bag,MK,Mixed Implements,Power Bags,60.00,0,page,power-bag-2,0,1,https://unlappcdn.unleashedsoftware.com/20b00cbf-d7eb-42a5-b39e-b624cd1fe08f/70466a70-7f96-413b-8c72-b16f2042bfb6/70466a70-7f96-413b-8c72-b16f2042bfb6.jpg,yes,,,,
sibling-size,MMPWPBG07,Power Bag - 30kg,Power Bag,MK,Mixed Implements,Power Bags,110.00,0,page,power-bag-2,0,1,https://unlappcdn.unleashedsoftware.com/20b00cbf-d7eb-42a5-b39e-b624cd1fe08f/70466a70-7f96-413b-8c72-b16f2042bfb6/70466a70-7f96-413b-8c72-b16f2042bfb6.jpg,yes,,,,
sibling-size,MMDBUR29,PU Dumbbells (Pair) - 55kg,PU Dumbbells (Pair),MK,Mixed Implements,Dumbbells,880.00,0,unit+page,urethane-fixed-dumbbells-2,10,12,https://unlappcdn.unleashedsoftware.com/20b00cbf-d7eb-42a5-b39e-b624cd1fe08f/dccfd734-6f33-452e-ba19-a9d6248ae35c/dccfd734-6f33-452e-ba19-a9d6248ae35c.jpg,,,,,
sibling-size,MMDBUR30,PU Dumbbells (Pair) - 60kg,PU Dumbbells (Pair),MK,Mixed Implements,Dumbbells,960.00,0,unit+page,urethane-fixed-dumbbells-2,10,12,https://unlappcdn.unleashedsoftware.com/20b00cbf-d7eb-42a5-b39e-b624cd1fe08f/dccfd734-6f33-452e-ba19-a9d6248ae35c/dccfd734-6f33-452e-ba19-a9d6248ae35c.jpg,,,,,
sibling-size,MMWAARM08,Wall Ball (Armatex) - 9kg,Wall Ball (Armatex),MK,Mixed Implements,Wall Balls,,0,unit,wall-ball-3,0,1,https://unlappcdn.unleashedsoftware.com/20b00cbf-d7eb-42a5-b39e-b624cd1fe08f/768e4f75-66ba-4760-b65d-4fa1df878ffc/768e4f75-66ba-4760-b65d-4fa1df878ffc.jpg,yes,,,,
sibling-size,MSWBB07,Olympic Decline Bench,Olympic Decline Bench,MK,Strength,Chest & Shoulder Machines,2820.00,0,unit,olympic-decline-bench,1,2,/erp-bg/MSCSPL04.jpg,,,,,
sibling-size,MSWBB06,Olympic Incline Bench,Olympic Incline Bench,MK,Strength,Chest & Shoulder Machines,2780.00,0,unit,olympic-incline-bench,1,2,/erp-bg/MSCSPL03.jpg,,,,,
sibling-size,MWWPCP03,Change Plates - 0.5kg,Change Plates,MK,Weightlifting,Weight Plates,44.00,0,page,change-plates,0,1,https://unlappcdn.unleashedsoftware.com/20b00cbf-d7eb-42a5-b39e-b624cd1fe08f/6b228ec8-0d94-4cb4-93bb-c0907985dd79/6b228ec8-0d94-4cb4-93bb-c0907985dd79.jpg,yes,,,,
sibling-size,MWWPCP04,Change Plates - 1kg,Change Plates,MK,Weightlifting,Weight Plates,44.00,0,page,change-plates,0,1,https://unlappcdn.unleashedsoftware.com/20b00cbf-d7eb-42a5-b39e-b624cd1fe08f/6b228ec8-0d94-4cb4-93bb-c0907985dd79/6b228ec8-0d94-4cb4-93bb-c0907985dd79.jpg,yes,,,,
sibling-size,MWWPCP05,Change Plates - 1.5kg,Change Plates,MK,Weightlifting,Weight Plates,44.00,0,page,change-plates,0,1,https://unlappcdn.unleashedsoftware.com/20b00cbf-d7eb-42a5-b39e-b624cd1fe08f/6b228ec8-0d94-4cb4-93bb-c0907985dd79/6b228ec8-0d94-4cb4-93bb-c0907985dd79.jpg,yes,,,,
sibling-size,MWWPCP06,Change Plates - 2kg,Change Plates,MK,Weightlifting,Weight Plates,44.00,0,page,change-plates,0,1,https://unlappcdn.unleashedsoftware.com/20b00cbf-d7eb-42a5-b39e-b624cd1fe08f/6b228ec8-0d94-4cb4-93bb-c0907985dd79/6b228ec8-0d94-4cb4-93bb-c0907985dd79.jpg,yes,,,,
sibling-size,MWBBOS01,Olympic Barbell - 15kg (1500Lb Capacity) - Stainless Steel,Olympic Barbell,MK,Weightlifting,Barbells,670.00,0,unit,olympic-barbell-7ft-chrome-1000lb-capacity,3,5,https://unlappcdn.unleashedsoftware.com/20b00cbf-d7eb-42a5-b39e-b624cd1fe08f/ec6f5a6c-6b2c-4de8-b5bb-b4a8f15ed796/ec6f5a6c-6b2c-4de8-b5bb-b4a8f15ed796.jpg,,,,,
sibling-size,MWBBOS02,Olympic Barbell - 20kg (2000Lb Capacity) - Stainless Steel,Olympic Barbell,MK,Weightlifting,Barbells,730.00,0,unit,olympic-barbell-7ft-chrome-1000lb-capacity,3,5,https://unlappcdn.unleashedsoftware.com/20b00cbf-d7eb-42a5-b39e-b624cd1fe08f/ec6f5a6c-6b2c-4de8-b5bb-b4a8f15ed796/ec6f5a6c-6b2c-4de8-b5bb-b4a8f15ed796.jpg,,,,,
sibling-size,MWWPOU01,Olympic Urethane Weight Plates (3 Grip) - 1.5kg,Olympic Urethane Weight Plates (3 Grip),MK,Weightlifting,Weight Plates,10.00,4,unit+page,olympic-urethane-weight-plates-3,6,7,https://unlappcdn.unleashedsoftware.com/20b00cbf-d7eb-42a5-b39e-b624cd1fe08f/7088e297-05d6-4f37-8f10-638257459300/7088e297-05d6-4f37-8f10-638257459300.jpg,,,,,
sibling-size,MWBBFRZ01A,Rubber EZ Fixed Barbells - 7.5kg,Rubber EZ Fixed Barbells,MK,Weightlifting,Barbells,65.00,0,page,rubber-ez-fixed-barbells-2,0,1,https://unlappcdn.unleashedsoftware.com/20b00cbf-d7eb-42a5-b39e-b624cd1fe08f/663927d5-69d5-44f7-92e9-b6a1cc131bf4/663927d5-69d5-44f7-92e9-b6a1cc131bf4.jpg,yes,,,,
sibling-size,MWBBFRZ08A,Rubber EZ Fixed Barbells - 32.5kg,Rubber EZ Fixed Barbells,MK,Weightlifting,Barbells,195.00,0,page,rubber-ez-fixed-barbells-2,0,1,https://unlappcdn.unleashedsoftware.com/20b00cbf-d7eb-42a5-b39e-b624cd1fe08f/663927d5-69d5-44f7-92e9-b6a1cc131bf4/663927d5-69d5-44f7-92e9-b6a1cc131bf4.jpg,yes,,,,
sibling-size,MWBBFUR13,Urethane Fixed Barbells - 27.5kg,Urethane Fixed Barbells,MK,Weightlifting,Barbells,235.00,0,page,urethane-fixed-barbells-2,0,1,https://unlappcdn.unleashedsoftware.com/20b00cbf-d7eb-42a5-b39e-b624cd1fe08f/04b72b5c-f38b-400d-b380-1046d1f8463e/04b72b5c-f38b-400d-b380-1046d1f8463e.jpg,yes,,,,
sibling-size,MWBBFUR14,Urethane Fixed Barbells - 32.5kg,Urethane Fixed Barbells,MK,Weightlifting,Barbells,275.00,0,page,urethane-fixed-barbells-2,0,1,https://unlappcdn.unleashedsoftware.com/20b00cbf-d7eb-42a5-b39e-b624cd1fe08f/04b72b5c-f38b-400d-b380-1046d1f8463e/04b72b5c-f38b-400d-b380-1046d1f8463e.jpg,yes,,,,
sibling-size,MWBBFUR15,Urethane Fixed Barbells - 37.5kg,Urethane Fixed Barbells,MK,Weightlifting,Barbells,315.00,0,page,urethane-fixed-barbells-2,0,1,https://unlappcdn.unleashedsoftware.com/20b00cbf-d7eb-42a5-b39e-b624cd1fe08f/04b72b5c-f38b-400d-b380-1046d1f8463e/04b72b5c-f38b-400d-b380-1046d1f8463e.jpg,yes,,,,
sibling-size,MWBBFUR16,Urethane Fixed Barbells - 42.5kg,Urethane Fixed Barbells,MK,Weightlifting,Barbells,354.99,0,page,urethane-fixed-barbells-2,0,1,https://unlappcdn.unleashedsoftware.com/20b00cbf-d7eb-42a5-b39e-b624cd1fe08f/04b72b5c-f38b-400d-b380-1046d1f8463e/04b72b5c-f38b-400d-b380-1046d1f8463e.jpg,yes,,,,
sibling-size,MWBBFUR17,Urethane Fixed Barbells - 45kg,Urethane Fixed Barbells,MK,Weightlifting,Barbells,375.00,0,page,urethane-fixed-barbells-2,0,1,https://unlappcdn.unleashedsoftware.com/20b00cbf-d7eb-42a5-b39e-b624cd1fe08f/04b72b5c-f38b-400d-b380-1046d1f8463e/04b72b5c-f38b-400d-b380-1046d1f8463e.jpg,yes,,,,
sibling-size,MWBBFUR18,Urethane Fixed Barbells - 47.5kg,Urethane Fixed Barbells,MK,Weightlifting,Barbells,395.00,0,page,urethane-fixed-barbells-2,0,1,https://unlappcdn.unleashedsoftware.com/20b00cbf-d7eb-42a5-b39e-b624cd1fe08f/04b72b5c-f38b-400d-b380-1046d1f8463e/04b72b5c-f38b-400d-b380-1046d1f8463e.jpg,yes,,,,
sibling-size,MWBBFUR19,Urethane Fixed Barbells - 50kg,Urethane Fixed Barbells,MK,Weightlifting,Barbells,415.00,0,page,urethane-fixed-barbells-2,0,1,https://unlappcdn.unleashedsoftware.com/20b00cbf-d7eb-42a5-b39e-b624cd1fe08f/04b72b5c-f38b-400d-b380-1046d1f8463e/04b72b5c-f38b-400d-b380-1046d1f8463e.jpg,yes,,,,
