WC SKU,WC Product,->,Unleashed Code,Unleashed Product,Name match,Review?
ABPBMS-01,Plyometric Box 30cm,->,ABPBMS01,Plyometric Box - 30cm (Steel),0.86,yes
ABPBSB-06,"Plyometric Foam Stacker Box- 24""",->,ABPBSB06,"Foam Plyometric Box - 24""",0.8,yes
MBCTFS02,Core Trainer (Landmine) With T Bar Handle,->,ABCTFS02,Core Trainer (Landmine) With T Bar Handle,1.0,
SBASADJ01,Group Fitness Step (Adjustable),->,MBASADJ01,Group Fitness Step (Adjustable),1.0,
SBBSCU01,Balance Cushion,->,MBBSCU01,Balance Cushion,1.0,
SBBSTR01,Fitness & Balance Trainer,->,MBBSTR01,Fitness & Balance Trainer,1.0,
SBCTACC01,Utility Roller,->,RBCTACC01,Utility Roller,1.0,
SBCTDI01,Exercise Glider Discs (Pair),->,MBCTDI01,Exercise Glider Discs (Pair),1.0,
SBCTDR01,Drop In Core Trainer,->,ABCTDR01,Drop In Core Trainer,1.0,
SBCTFS02,Core Trainer (Landmine) With T Bar Handle,->,ABCTFS02,Core Trainer (Landmine) With T Bar Handle,1.0,
SBCTMA01,Abdominal Mat,->,RBCTMA01,Abdominal Mat,1.0,
SBCTWH01,Abdominal Wheel,->,MBCTWH01,Abdominal Wheel,1.0,
SBEMMA01,EVA Exercise Mat,->,ABEMMA01,EVA Exercise Mat,1.0,
SBGYRI01,Gymnastic Rings (Wooden),->,RBGYRI01,Gymnastic Rings (Wooden),1.0,
SBGYSL01,Parallettes - 275mm (Pair),->,MBGYSL01,Parallettes - 275mm (Pair),1.0,
SBPB3I101,3-In-1 Foam Plyometric Box - 34kg,->,MBPB3I101,3-In-1 Foam Plyometric Box - 34kg,1.0,
SBPB3I102,3-In-1 Wooden Plyometric Box,->,MBPB3I102,3-In-1 Wooden Plyometric Box,1.0,
SBPBMS01,Plyometric Box (Set of 4),->,MBPBMS01,Plyometric Box (Set of 4),1.0,
SBRMRL03,Foam Roller - 33cm (TPT),->,MBRMRL03,Foam Roller - 33cm (TPT),1.0,
SBRPBA01,Knitted Resistance Bands (Set of 3),->,MBRPBA01,Knitted Resistance Bands (Set of 3),1.0,
SBRPMI01,Micro Bands (Pack of 4),->,MBRPMI01,Mini Bands (Pack of 4),0.86,yes
SBRPPO01,Power Bands (Pack of 4),->,MBRPPO01,Power Bands (Pack of 4),1.0,
SBRPPO02,Power Bands (Pack of 8),->,MBRPPO02,Power Bands (Pack of 8),1.0,
SBSADI01,Mini Disc Cones (Set of 50),->,ABSADI01,Mini Disc Cones (Set of 50),1.0,
SBSADO02,Station Markers (Set of 5),->,MBSADO02,Station Markers (Set of 5),1.0,
SBSAHD01,Lateral Endurance Hurdles (Set of 4),->,MBSAHD01,Lateral Endurance Hurdles (Set of 4),1.0,
SBSALD01,Rubber Rollout Speed Ladder - 5m,->,FBSALD01,Rubber Rollout Speed Ladder - 5m,1.0,
SBSARO01,Speed Rope (Elite),->,MBSARO01,Speed Rope (Elite),1.0,
SBSUTR01,Suspension Trainer,->,MBSUTR01,Suspension Trainer,1.0,
SEFRACC01,"Modular Storage Rack (Kettlebells, Dumbbells) - HD 2 Tier (1.2m)",->,MEFRACC01,"Modular Storage Rack (Kettlebells, Dumbbells) - HD 2 Tier (1.2m)",1.0,
SEFRACC02,"Modular Storage Rack (Kettlebells, Dumbbells) - HD 2 Tier (2m)",->,MEFRACC02,"Modular Storage Rack (Kettlebells, Dumbbells) - HD 2 Tier (2m)",1.0,
SEFRACC03,Modular Storage Rack Flat Shelf,->,MEFRACC03,Modular Storage Rack Flat Shelf,1.0,
SEFRACC04,Modular Storage Rack Shelf Dual Pipe,->,MEFRACC04,Modular Storage Rack Shelf Dual Pipe,1.0,
SEFRACC05,Modular Storage Rack Side (1582mm),->,MEFRACC05,Modular Storage Rack Side (1582mm),1.0,
SEFRACC06,"Modular Storage Rack - Complete (2/Dual Pipe, 2/Flat Shelf)",->,MEFRACC06,"Modular Storage Rack - Complete (2/Dual Pipe, 2/Flat Shelf)",1.0,
SEFRBB01,Fixed Barbell Rack (5 Bar),->,MEFRBB01,Fixed Barbell Rack (5 Bar),1.0,
SEFRBB02,Fixed Barbell Rack (10 Bar) 1.0,->,MEFRBB02,Fixed Barbell Rack (10 Bar) 1.0,1.0,
SEFRBB03,Fixed Barbell Rack (10 Bar) 2.0,->,MEFRBB03,Fixed Barbell Rack (10 Bar) 2.0,1.0,
SEFRBB04,Barbell Storage Box (9 Bar Holder),->,MEFRBB04,Barbell Storage Box (9 Bar Holder),1.0,
SEFRBB05,Barbell Storage Box (9 Bar Holder) - Versatile,->,MEFRBB05,Barbell Storage Box (9 Bar Holder) - Versatile,1.0,
SEFRBL01,Medicine Ball Rack - 10 Ball (Double Sided),->,MEFRBL01,Medicine Ball Rack - 10 Ball (Double Sided),1.0,
SEFRBL02,Medicine Ball Rack - 10 Ball (Single Sided),->,MEFRBL02,Medicine Ball Rack - 10 Ball (Single Sided),1.0,
SEFRBL03,Medicine Ball Rack - 5 Ball (Single Sided),->,MEFRBL03,Medicine Ball Rack - 5 Ball (Single Sided),1.0,
SEFRDB01,Vertical Dumbbell Rack - 10 Pair (Single Sided) 1.0,->,MEFRDB01,Vertical Dumbbell Rack - 10 Pair (Single Sided) 1.0,1.0,
SEFRDB02,Vertical Dumbbell Rack - 10 Pair (Single Sided) 2.0,->,MEFRDB02,Vertical Dumbbell Rack - 10 Pair (Single Sided) 2.0,1.0,
SEFRDB03,Vertical Dumbbell Rack - 15 Pair (Single Sided),->,MEFRDB03,Vertical Dumbbell Rack - 15 Pair (Single Sided),1.0,
SEFRDB04,Vertical Dumbbell Rack - 10 Pair (Single Sided) 3.0,->,MEFRDB04,Vertical Dumbbell Rack - 10 Pair (Single Sided) 3.0,1.0,
SEFRDB05,Vertical Dumbbell Rack - 10 Pair (Double Sided) 2.0,->,MEFRDB05,Vertical Dumbbell Rack - 10 Pair (Double Sided) 2.0,1.0,
SEFRDB06,Vertical Dumbbell Rack - Portable (Four Sided),->,MEFRDB06,Vertical Dumbbell Rack - Portable (Four Sided),1.0,
SEFRDB07,Horizontal Dumbbell Rack - 2 Tier (5 Pair) 1.0,->,MEFRDB07,Horizontal Dumbbell Rack - 2 Tier (5 Pair) 1.0,1.0,
SEFRDB08,Horizontal Dumbbell Rack - 2 Tier (10 Pair) 1.0,->,MEFRDB08,Horizontal Dumbbell Rack - 2 Tier (10 Pair) 1.0,1.0,
SEFRDB09,Horizontal Dumbbell Rack - 3 Tier (15 Pair),->,MEFRDB09,Horizontal Dumbbell Rack - 3 Tier (15 Pair),1.0,
SEFRDB10,Horizontal Dumbbell Rack - 2 Tier (5 Pair) 2.0,->,MEFRDB10,Horizontal Dumbbell Rack - 2 Tier (5 Pair) 2.0,1.0,
SEFRDB11,Horizontal Dumbbell Rack - 2 Tier (10 Pair) 2.0,->,MEFRDB11,Horizontal Dumbbell Rack - 2 Tier (10 Pair) 2.0,1.0,
SEFRKB01,Kettlebell Rack (2 Tier) 2.0,->,MEFRKB01,Kettlebell Rack (2 Tier) 2.0,1.0,
SEFRKB02,Kettlebell Rack (2 Tier) 3.0,->,MEFRKB02,Kettlebell Rack (2 Tier) 3.0,1.0,
SEFRKB03,Kettlebell Rack (2 Tier) 4.0,->,MEFRKB03,Kettlebell Rack (2 Tier) 4.0,1.0,
SEFROP01,Olympic Plate Toaster Rack Portable,->,MEFROP01,Olympic Plate Toaster Rack Portable,1.0,
SEFROP02,"Olympic Weight Plate Tree Portable (6 Storage Pins, 2 Bar Storage)",->,MEFROP02,"Olympic Weight Plate Tree Portable (6 Storage Pins, 2 Bar Storage)",1.0,
SEFROP03,Olympic Weight Plate Tree (8 Storage Pins),->,MEFROP03,Olympic Weight Plate Tree (8 Storage Pins),1.0,
SEFROP04,Olympic Weight Plate Tree Vertical (6 Storage Pins),->,MEFROP04,Olympic Weight Plate Tree Vertical (6 Storage Pins),1.0,
SEFRPS01,Group Fitness Barbell Set Rack,->,MEFRPS01,Group Fitness Barbell Set Rack,1.0,
SERK153001,Retail Rack,->,RERK153001,Retail Rack,1.0,
SEWMACC01,Rope & Band Rack (Wall Mounted) (Small),->,MEWMACC01,Rope & Band Rack (Wall Mounted) (Small),1.0,
SEWMACC02,Rope & Band Rack (Wall Mounted),->,MEWMACC02,Rope & Band Rack (Wall Mounted),1.0,
SEWMACC03,Dip Bar Holder (Wall Mounted),->,MEWMACC03,Dip Bar Holder (Wall Mounted),1.0,
SEWMBB01,Horizontal Barbell Storage Rack (6 Bar) (Wall Mounted),->,MEWMBB01,Horizontal Barbell Storage Rack (6 Bar) (Wall Mounted),1.0,
SEWMBB02,Vertical Barbell Storage Rack (6 Bar) (Wall Mounted),->,MEWMBB02,Vertical Barbell Storage Rack (6 Bar) (Wall Mounted),1.0,
SEWMBER01,Bench & Rower Rack (Wall Mounted),->,MEWMBER01,Bench & Rower Rack (Wall Mounted),1.0,
SEWMBL01,Fitness Ball Storage Rack (Wall Mounted),->,MEWMBL01,Fitness Ball Storage Rack (Wall Mounted),1.0,
SEWMMA01,Exercise Mat Hanging Rack (Wall Mounted),->,MEWMMA01,Exercise Mat Hanging Rack (Wall Mounted),1.0,
SEWMOP01,Vertical Bumper Plate Rack 3 Tier (Wall Mounted),->,MEWMOP01,Vertical Bumper Plate Rack 3 Tier (Wall Mounted),1.0,
SEWMRL01,Foam Roller Storage Rack (Wall Mounted),->,MEWMRL01,Foam Roller Storage Rack (Wall Mounted),1.0,
SEWMRO01,Battle Rope Storage (Wall Mounted),->,MEWMRO01,Battle Rope Storage (Wall Mounted),1.0,
SFATSY01,Artificial Turf Red With White Line (2m X 20m),->,MFATSY01,Artificial Turf Green (2m X 20m),0.84,yes
SFATSY02,Artificial Turf Red With White Line (2m X 15m),->,AFATSY02,Artificial Turf Blue With White Line (2m x 15m),0.94,
SFRFRR02,Impact-Lock Rubber Tiles – 20mm (Custom Branding),->,MFRFRR02,Impact-Lock Rubber Tiles - 20mm (Custom Branding),1.0,
SLLE2501,Linear LED Lighting System – 2.4m,->,RLLE2501,Linear LED Lighting System - 2.4m,1.0,
SLLE2502,LED Dimmers,->,RLLE2502,LED Dimmer,0.95,
SMBRNC01,Battle Rope - 12m,->,MMBRNC01,Battle Rope - 12m,1.0,
SMBXPBG05,Aqua Punching Bag - 86kg (53cm D),->,MMBXPBG05,Aqua Punching Bag - 86kg (53cm D),1.0,
SMFWTL01,Farmers Walk Handles (Pair),->,MMFWTL01,Farmers Walk Handles (Pair),1.0,
SMGFACC01,Digital Interval Timer,->,RMGFACC01,Digital Interval Timer,1.0,
SMGFPS01,Group Fitness Barbell Set - Collars (Pair),->,MMGFPS01,Group Fitness Barbell Set - Collars (Pair),1.0,
SMGFPS02,Group Fitness Barbell Set - 37.5kg,->,MMGFPS02,Group Fitness Barbell Set - 37.5kg,1.0,
SMGFPS03,Group Fitness Barbell Set - 17.5kg,->,MMGFPS03,Group Fitness Barbell Set - 17.5kg,1.0,
SMLBACC01,Slant Board,->,MMLBACC01,Slant Board,1.0,
SMPA5BL02,Medicine Balls (Set of 5) - 30kg,->,MMPA5BL02,Medicine Balls (Set of 5) - 30kg,1.0,
SMPWPBG05,Aqua Bag - 35kg,->,MMPWPBG05,Aqua Bag - 35kg,1.0,
SMSLSD01,Push & Pull Sled,->,MMSLSD01,Push & Pull Sled,1.0,
SRCTATT01,Rig Core Trainer (Landmine),->,MRCTATT01,Rig Core Trainer (Landmine),1.0,
SRSPATT01,Rig Crossbeam Single Pipe - 1080mm,->,MRSPATT01,Rig Crossbeam Single Pipe - 1080mm,1.0,
SRSPATT02,Rig Crossbeam Single Pipe - 1520mm,->,MRSPATT02,Rig Crossbeam Single Pipe - 1520mm,1.0,
SRSPATT03,Rig Universal Upright,->,RRSPATT03,Rig Universal Upright,1.0,
SRSPATT04,Rig Dip Bar Attachment,->,RRSPATT04,Rig Dip Bar Attachment,1.0,
SRSPATT05,Rig Premium J-Hooks,->,MRSPATT05,Rig Premium J-Hooks,1.0,
SRSPATT06,Rig Wall Ball Target,->,MRSPATT06,Rig Wall Ball Target,1.0,
SRSPFW01,Olympic Power Rack 1.0,->,MRSPFW01,Olympic Power Rack 1.0,1.0,
SRSPFW03,Olympic Power Rack 2.0 Weight Plate Storage Rack Only,->,MRSPFW03,Olympic Power Rack 2.0 Weight Plate Storage Rack Only,1.0,
SRSPFW04,Olympic Power Rack 3.0,->,MRSPFW04,Olympic Power Rack 3.0,1.0,
SRSPSE01,All-In-One Trainer,->,MRSPSE01,All-In-One Trainer,1.0,
SRWAATT01,Rig Spotter Arms (Pair),->,RRWAATT01,Rig Spotter Arms (Pair),1.0,
SSWBFW01,Flat Utility Weight Bench Pro (Angled Legs),->,RSWBFW01,Flat Utility Weight Bench Pro (Angled Legs),1.0,
SSWBFW02,Adjustable Utility Weight Bench Pro,->,MSWBFW02,Adjustable Utility Weight Bench Pro,1.0,
SWBBOL01,Olympic Ez Curl Bar,->,MWBBOL01,Olympic Ez Curl Bar,1.0,
SWBBOL02,Olympic Barbell - 7ft Chrome (1000Lb Capacity),->,MWBBOL02,Olympic Barbell - 7ft Chrome (1000Lb Capacity),1.0,
SWBBOL03,Olympic Barbell - 15kg (1500Lb Capacity),->,AWBBOL03,Olympic Barbell - 15kg (1500Lb Capacity),1.0,
SWBBOL04,Olympic Barbell - 20kg (2000Lb Capacity),->,MWBBOL04,Olympic Barbell - 20kg (2000Lb Capacity),1.0,
SWBBOL05,Olympic Hex Deadlift Barbell (350mm Loadable Sleeves),->,AWBBOL05,Olympic Hex Deadlift Barbell (350mm Loadable Sleeves),1.0,
SWBBOL06,Olympic Hex Deadlift Barbell (400mm Loadable Sleeves),->,MWBBOL06,Olympic Hex Deadlift Barbell (400mm Loadable Sleeves),1.0,
SWBBOL07,Olympic Safety Squat Bar (1500Lb Capacity),->,MWBBOL07,Olympic Safety Squat Bar (1500Lb Capacity),1.0,
SWBBOL08,Olympic Rickshaw Barbell (250mm Loadable Sleeves),->,MWBBOL08,Olympic Rickshaw Barbell (250mm Loadable Sleeves),1.0,
SWBBOL09,Olympic Swiss Barbell - 20kg,->,MWBBOL09,Olympic Swiss Barbell - 20kg,1.0,
SWWAACC01,Weightlifting Belt,->,RWWAACC01,Weightlifting Belt,1.0,
SWWAACC02,Dip & Pull Up Belt,->,RWWAACC02,Dip & Pull Up Belt,1.0,
SWWLACC01,Barbell Squat Pad,->,AWWLACC01,Barbell Squat Pad,1.0,
SWWLACC02,Olympic Bar Easy Lock Collars (Pair),->,AWWLACC02,Olympic Bar Easy Lock Collars (Pair),1.0,
SWWLATT01,Ankle Strap Cable Attachment (Pair),->,MWWLATT01,Ankle Strap Cable Attachment (Pair),1.0,
SWWLCH01,Weightlifting Chalk Box,->,MWWLCH01,Weightlifting Chalk Box,1.0,
SWWLCH02,Chalk Bowl,->,MWWLCH02,Chalk Bowl,1.0,
SWWLMA01,Drop Pads (Pair),->,MWWLMA01,Drop Pads (Pair),1.0,
