WC SKU,WC Product,Suggested Unleashed Code,Unleashed Product,Name match,Why review
ABPBMS-01-1,Plyometric Box 45cm,MBPBMS01,Plyometric Box (Set of 4),0.91,size-differs
AMDBRH,Rubber Hex Dumbbells,AMDBRH01,Rubber Hex Dumbbell - 1kg,0.88,size-differs
AMDEHG,High Grip Dead Ball,AMDEHG01,High Grip Dead Ball - 3kg,0.9,size-differs
AMKBUR-GROUP,Urethane Competition Kettlebells (Single),AMKBUR01,Urethane Competition Kettlebell - 8kg,0.89,variable/group
AWWPCB,Competition Bumper Plates,MWWPCNB01,Competition Bumper Plates - 5kg,0.93,size-differs
MBPBSB,Foam Plyometric Box,ABPBSB01,"Foam Plyometric Box - 3""",0.95,size-differs
MFAFRR,Acoustic Underlay,AFAFRR01,Acoustic Underlay - 4mm,0.89,size-differs
MFAFRR-GROUP,Acoustic Underlay,AFAFRR01,Acoustic Underlay - 4mm,0.89,variable/group
MFRFRR,Impact Lock Rubber Tiles,AFRFRR02,Impact-Lock Rubber Tiles - 30mm,0.91,size-differs
MFRFRR-GROUP,Impact Lock Rubber Tiles,AFRFRR02,Impact-Lock Rubber Tiles - 30mm,0.91,variable/group
MMDBPRH,Premium Rubber Hex Dumbbell,MMDBPRH01,Premium Rubber Hex Dumbbell - 1kg,0.93,size-differs
MMDBPRH-GROUP,Premium Rubber Hex Dumbbell,MMDBPRH01,Premium Rubber Hex Dumbbell - 1kg,0.93,variable/group
MMDBRH,Rubber Hex Dumbbells,AMDBRH01,Rubber Hex Dumbbell - 1kg,0.88,size-differs
MMDBRH-GROUP,Rubber Hex Dumbbells,AMDBRH01,Rubber Hex Dumbbell - 1kg,0.88,variable/group
MMDBUR,Urethane Fixed Dumbbells,FMDBUR18,Urethane Fixed Dumbbells (Pair) - 5kg,0.92,size-differs
MMDBUR-GROUP,Urethane Fixed Dumbbells,FMDBUR18,Urethane Fixed Dumbbells (Pair) - 5kg,0.92,variable/group
MMDBVR,Virgin Rubber Fixed Dumbbells,MMDBVR02,Virgin Rubber Fixed Dumbbells (Pair) - 10kg,0.92,size-differs
MMDBVR-GROUP,Virgin Rubber Fixed Dumbbells,MMDBVR02,Virgin Rubber Fixed Dumbbells (Pair) - 10kg,0.92,variable/group
MMDEHG,High Grip Dead Ball,AMDEHG01,High Grip Dead Ball - 3kg,0.9,size-differs
MMDEHG-GROUP,High Grip Dead Ball,AMDEHG01,High Grip Dead Ball - 3kg,0.9,variable/group
MMGFWTB,Aerobic Weighted Exercise Bars,MMGFWTB01,Aerobic Weighted Exercise Bars - 4kg,0.94,size-differs
MMGFWTB-GROUP,Aerobic Weighted Exercise Bars,MMGFWTB01,Aerobic Weighted Exercise Bars - 4kg,0.94,variable/group
MMKBPGC,Competition Kettlebell,FMKBPGC02,Competition Kettlebell - 8kg,0.92,size-differs
MMKBPGC-GROUP,Competition Kettlebells,FMKBPGC02,Competition Kettlebell - 8kg,0.9,variable/group
MMKBUR,Urethane Competition Kettlebells,AMKBUR01,Urethane Competition Kettlebell - 8kg,0.93,size-differs
MMKBUR-GROUP,Urethane Competition Kettlebells (Single),AMKBUR01,Urethane Competition Kettlebell - 8kg,0.89,variable/group
MWBBFRU,Rubber Fixed Barbells,MWBBFRU01,Rubber Fixed Barbells - 10kg,0.89,size-differs
MWBBFRU-GROUP,Rubber Fixed Barbells,MWBBFRU01,Rubber Fixed Barbells - 10kg,0.89,variable/group
MWBBFRZ,Rubber EZ Fixed Barbells,MWBBFRZ01,Rubber EZ Fixed Barbells - 10kg,0.91,size-differs
MWBBFRZ-GROUP,Rubber EZ Fixed Barbells,MWBBFRZ01,Rubber EZ Fixed Barbells - 10kg,0.91,variable/group
MWBBFUR,Urethane Fixed Barbells,FWBBFUR11,Urethane Fixed Barbells - 5kg,0.92,size-differs
MWBBFUR-GROUP,Urethane Fixed Barbells,FWBBFUR11,Urethane Fixed Barbells - 5kg,0.92,variable/group
MWWPCB,Coloured Bumper Plates,MWWPCB01,Coloured Bumper Plates - 5kg,0.92,size-differs
MWWPCB-GROUP,Coloured Bumper Plates,MWWPCB01,Coloured Bumper Plates - 5kg,0.92,variable/group
MWWPCNB,Competition Bumper Plates,MWWPCNB01,Competition Bumper Plates - 5kg,0.93,size-differs
MWWPCNB-GROUP,Competition Bumper Plates,MWWPCNB01,Competition Bumper Plates - 5kg,0.93,variable/group
RFRFRR,Acoustic Underlay,AFAFRR01,Acoustic Underlay - 4mm,0.89,size-differs
RFRFRR-1,Acoustic Underlay,AFAFRR01,Acoustic Underlay - 4mm,0.89,size-differs
RMDBRH,Premium Rubber Hex Dumbbell,MMDBPRH01,Premium Rubber Hex Dumbbell - 1kg,0.93,size-differs
RMDBRH-GROUP,Premium Rubber Hex Dumbbells,MMDBPRH01,Premium Rubber Hex Dumbbell - 1kg,0.92,variable/group
RMDEHG,High Grip Dead Ball,AMDEHG01,High Grip Dead Ball - 3kg,0.9,size-differs
RMDEHG-GROUP,High Grip Dead Balls,AMDEHG01,High Grip Dead Ball - 3kg,0.88,variable/group
RMKBPGC,Competition Kettlebell,FMKBPGC02,Competition Kettlebell - 8kg,0.92,size-differs
RMKBPGC-GROUP,Competition Kettlebells,FMKBPGC02,Competition Kettlebell - 8kg,0.9,variable/group
SBPBSB,Foam Plyometric Box,ABPBSB01,"Foam Plyometric Box - 3""",0.95,size-differs
SEFRACC12,"Modular Storage Rack - Complete (1/Dual Pipe, 3/Flat Shelf)",MEFRACC06,"Modular Storage Rack - Complete (2/Dual Pipe, 2/Flat Shelf)",0.96,size-differs
SEFRDB12,Vertical Dumbbell Rack - 10 Pair (Double Sided) 3.0,MEFRDB05,Vertical Dumbbell Rack - 10 Pair (Double Sided) 2.0,0.98,size-differs
SEFRDB13,Horizontal Dumbbell Rack - 2 Tier (20 Pair),MEFRDB10,Horizontal Dumbbell Rack - 2 Tier (5 Pair) 2.0,0.96,size-differs
SFAFRR,Acoustic Underlay,AFAFRR01,Acoustic Underlay - 4mm,0.89,size-differs
SFAFRR-GROUP,Acoustic Underlay,AFAFRR01,Acoustic Underlay - 4mm,0.89,variable/group
SFRFRR,Impact Lock Rubber Tiles,AFRFRR02,Impact-Lock Rubber Tiles - 30mm,0.91,size-differs
SFRFRR-GROUP,Impact Lock Rubber Tiles,AFRFRR02,Impact-Lock Rubber Tiles - 30mm,0.91,variable/group
SMDBPRH,Premium Rubber Hex Dumbbell,MMDBPRH01,Premium Rubber Hex Dumbbell - 1kg,0.93,size-differs
SMDBPRH-GROUP,Premium Rubber Hex Dumbbell,MMDBPRH01,Premium Rubber Hex Dumbbell - 1kg,0.93,variable/group
SMDBRH,Rubber Hex Dumbbells,AMDBRH01,Rubber Hex Dumbbell - 1kg,0.88,size-differs
SMDBRH-GROUP,Rubber Hex Dumbbells,AMDBRH01,Rubber Hex Dumbbell - 1kg,0.88,variable/group
SMDBUR,Urethane Fixed Dumbbells,FMDBUR18,Urethane Fixed Dumbbells (Pair) - 5kg,0.92,size-differs
SMDBUR-GROUP,Urethane Fixed Dumbbells,FMDBUR18,Urethane Fixed Dumbbells (Pair) - 5kg,0.92,variable/group
SMDBVR,Virgin Rubber Fixed Dumbbells,MMDBVR02,Virgin Rubber Fixed Dumbbells (Pair) - 10kg,0.92,size-differs
SMDBVR-GROUP,Virgin Rubber Fixed Dumbbells,MMDBVR02,Virgin Rubber Fixed Dumbbells (Pair) - 10kg,0.92,variable/group
SMDEHG,High Grip Dead Ball,AMDEHG01,High Grip Dead Ball - 3kg,0.9,size-differs
SMDEHG-GROUP,High Grip Dead Ball,AMDEHG01,High Grip Dead Ball - 3kg,0.9,variable/group
SMGFWTB,Aerobic Weighted Exercise Bars,MMGFWTB01,Aerobic Weighted Exercise Bars - 4kg,0.94,size-differs
SMGFWTB-GROUP,Aerobic Weighted Exercise Bars,MMGFWTB01,Aerobic Weighted Exercise Bars - 4kg,0.94,variable/group
SMKBPGC,Competition Kettlebell,FMKBPGC02,Competition Kettlebell - 8kg,0.92,size-differs
SMKBPGC-GROUP,Competition Kettlebells,FMKBPGC02,Competition Kettlebell - 8kg,0.9,variable/group
SMKBUR,Urethane Competition Kettlebells,AMKBUR01,Urethane Competition Kettlebell - 8kg,0.93,size-differs
SMKBUR-GROUP,Urethane Competition Kettlebells (Single),AMKBUR01,Urethane Competition Kettlebell - 8kg,0.89,variable/group
SWBBFRU,Rubber Fixed Barbells,MWBBFRU01,Rubber Fixed Barbells - 10kg,0.89,size-differs
SWBBFRU-GROUP,Rubber Fixed Barbells,MWBBFRU01,Rubber Fixed Barbells - 10kg,0.89,variable/group
SWBBFRZ,Rubber EZ Fixed Barbells,MWBBFRZ01,Rubber EZ Fixed Barbells - 10kg,0.91,size-differs
SWBBFRZ-GROUP,Rubber EZ Fixed Barbells,MWBBFRZ01,Rubber EZ Fixed Barbells - 10kg,0.91,variable/group
SWBBFUR,Urethane Fixed Barbells,FWBBFUR11,Urethane Fixed Barbells - 5kg,0.92,size-differs
SWBBFUR-GROUP,Urethane Fixed Barbells,FWBBFUR11,Urethane Fixed Barbells - 5kg,0.92,variable/group
SWWPCB,Coloured Bumper Plates,MWWPCB01,Coloured Bumper Plates - 5kg,0.92,size-differs
SWWPCB-GROUP,Coloured Bumper Plates,MWWPCB01,Coloured Bumper Plates - 5kg,0.92,variable/group
