SKU,Product,Category,WC RRP (ex-GST),Product URL
MSAMSE01,Ab/Back Extension Machine Pro (Selectorize),Abdominal Machines,2453.64,https://masterkraft.com/product/ab-back-extension-machine-pro-selectorize
SBASADJ-GROUP,Group Fitness Step,Aerobic Steps,0,https://masterkraft.com/product/group-fitness-step-sf
SBASADJ,Group Fitness Step,Aerobic Steps,,https://masterkraft.com/product/group-fitness-step-v-sf
MBASADJ-GROUP,Group Fitness Step,Aerobic Steps,0,https://masterkraft.com/product/group-fitness-step
MBASADJ,Group Fitness Step,Aerobic Steps,,https://masterkraft.com/product/group-fitness-step-v
SBASADJ01,Group Fitness Step (Adjustable),Aerobic Steps,250,https://masterkraft.com/product/group-fitness-step-adjustable-sf
SERK153001,Retail Rack,Apparel,280.00,https://masterkraft.com/product/retail-rack-2
SAAAU02,Train Hat,Apparel,36.36,https://masterkraft.com/product/train-hat
SAAAU01,Trucker Hat,Apparel,36.36,https://masterkraft.com/product/trucker-hat
SFATSY02,Artificial Turf Red With White Line (2m X 15m),Astro Turf/Sled Tracks,1180.91,https://masterkraft.com/product/artificial-turf-blue-with-white-line-2m-x-15m-sf
SFATSY01,Artificial Turf Red With White Line (2m X 20m),Astro Turf/Sled Tracks,1350,https://masterkraft.com/product/artificial-turf-green-2m-x-20m-sf
SRCTATT01,Rig Core Trainer (Landmine),Attachments,127.27,https://masterkraft.com/product/rig-core-trainer-landmine-sf
RRSPATT,Rig Crossbeam Single Pipe,Attachments,,https://masterkraft.com/product/rig-crossbeam-single-pipe-2
RRSPATT-GROUP,Rig Crossbeam Single Pipes,Attachments,0,https://masterkraft.com/product/rig-crossbeam-single-pipes
SRSPATT04,Rig Dip Bar Attachment,Attachments,150,https://masterkraft.com/product/rig-dip-bar-attachment-sf
SRSPATT05,Rig Premium J-Hooks,Attachments,144.545,https://masterkraft.com/product/rig-premium-j-hooks-sf
SRWAATT01,Rig Spotter Arms (Pair),Attachments,236.36,https://masterkraft.com/product/rig-spotter-arms-pair-sf
SRSPATT06,Rig Wall Ball Target,Attachments,204.545,https://masterkraft.com/product/rig-wall-ball-target-sf
MSBTSE01,Assisted Chin & Dip Machine Elite (Selectorize),Back Machines,3453.64,https://masterkraft.com/product/assisted-chin-dip-machine-elite-selectorize
MSBMSE02,Lat Pulldown & Seated Row Machine Pro (Selectorize),Back Machines,2726.36,https://masterkraft.com/product/lat-pulldown-seated-row-machine-pro-selectorize
MSBMSE01,Lat Pulldown Machine Elite (Selectorize),Back Machines,3044.545,https://masterkraft.com/product/lat-pulldown-machine-elite-selectorize
MSBMSE03,Seated Horizontal Pull Machine Elite (Selectorize),Back Machines,2908.18,https://masterkraft.com/product/seated-horizontal-pull-machine-elite-selectorize
SBBSCU01,Balance Cushion,Balance &amp; Stability,27.27,https://masterkraft.com/product/balance-cushion-sf
SBBSTR01,Fitness & Balance Trainer,Balance &amp; Stability,163.64,https://masterkraft.com/product/fitness-balance-trainer-sf
SWBBOL03,Olympic Barbell - 15kg (1500Lb Capacity),Barbells,313.64,https://masterkraft.com/product/olympic-barbell-15kg-1500lb-capacity-3-sf
SWBBOL04,Olympic Barbell - 20kg (2000Lb Capacity),Barbells,359.09,https://masterkraft.com/product/olympic-barbell-20kg-2000lb-capacity-3-sf
SWBBOL02,Olympic Barbell - 7ft Chrome (1000Lb Capacity),Barbells,162.73,https://masterkraft.com/product/olympic-barbell-7ft-chrome-1000lb-capacity-sf
SWBBOL01,Olympic Ez Curl Bar,Barbells,99.09,https://masterkraft.com/product/olympic-ez-curl-bar-sf
SWBBOL05,Olympic Hex Deadlift Barbell (350mm Loadable Sleeves),Barbells,309.09,https://masterkraft.com/product/olympic-hex-deadlift-barbell-350mm-loadable-sleeves-2-sf
SWBBOL06,Olympic Hex Deadlift Barbell (400mm Loadable Sleeves),Barbells,359.09,https://masterkraft.com/product/olympic-hex-deadlift-barbell-400mm-loadable-sleeves-sf
SWBBOL08,Olympic Rickshaw Barbell (250mm Loadable Sleeves),Barbells,268.18,https://masterkraft.com/product/olympic-rickshaw-barbell-250mm-loadable-sleeves-sf
SWBBOL07,Olympic Safety Squat Bar (1500Lb Capacity),Barbells,268.18,https://masterkraft.com/product/olympic-safety-squat-bar-1500lb-capacity-sf
SWBBOL09,Olympic Swiss Barbell - 20kg,Barbells,150,https://masterkraft.com/product/olympic-swiss-barbell-20kg-sf
SWBBFRZ-GROUP,Rubber EZ Fixed Barbells,Barbells,0,https://masterkraft.com/product/rubber-ez-fixed-barbells-2-sf
SWBBFRZ,Rubber EZ Fixed Barbells,Barbells,,https://masterkraft.com/product/rubber-ez-fixed-barbells-v-sf
MWBBFRZ-GROUP,Rubber EZ Fixed Barbells,Barbells,0,https://masterkraft.com/product/rubber-ez-fixed-barbells-2
MWBBFRZ,Rubber EZ Fixed Barbells,Barbells,,https://masterkraft.com/product/rubber-ez-fixed-barbells-v
SWBBFRU-GROUP,Rubber Fixed Barbells,Barbells,0,https://masterkraft.com/product/rubber-fixed-barbells-2-sf
SWBBFRU,Rubber Fixed Barbells,Barbells,,https://masterkraft.com/product/rubber-fixed-barbells-v-sf
MWBBFRU-GROUP,Rubber Fixed Barbells,Barbells,0,https://masterkraft.com/product/rubber-fixed-barbells-2
MWBBFRU,Rubber Fixed Barbells,Barbells,,https://masterkraft.com/product/rubber-fixed-barbells-v
SWBBFUR-GROUP,Urethane Fixed Barbells,Barbells,0,https://masterkraft.com/product/urethane-fixed-barbells-2-sf
SWBBFUR,Urethane Fixed Barbells,Barbells,,https://masterkraft.com/product/urethane-fixed-barbells-v-sf
MWBBFUR-GROUP,Urethane Fixed Barbells,Barbells,0,https://masterkraft.com/product/urethane-fixed-barbells-2
MWBBFUR,Urethane Fixed Barbells,Barbells,,https://masterkraft.com/product/urethane-fixed-barbells-v
SMBRNC01,Battle Rope - 12m,Battle Ropes,195.45,https://masterkraft.com/product/battle-rope-12m-sf
MSBTSE02,Arm Curl Machine Elite (Selectorize),Bicep &amp; Tricep Machines,3271.82,https://masterkraft.com/product/arm-curl-machine-elite-selectorize
SBPB3I101,3-In-1 Foam Plyometric Box - 34kg,Body Weight,300,https://masterkraft.com/product/3-in-1-foam-plyometric-box-34kg-sf
SBPB3I102,3-In-1 Wooden Plyometric Box,Body Weight,150,https://masterkraft.com/product/3-in-1-wooden-plyometric-box-sf
SBCTMA01,Abdominal Mat,Body Weight,29.09,https://masterkraft.com/product/abdominal-mat-sf
SBCTWH01,Abdominal Wheel,Body Weight,20,https://masterkraft.com/product/abdominal-wheel-sf
SBCTFS02,Core Trainer (Landmine) With T Bar Handle,Body Weight,268.18,https://masterkraft.com/product/core-trainer-landmine-with-t-bar-handle-sf
MBCTFS02,Core Trainer (Landmine) With T Bar Handle,Body Weight,268.18,https://masterkraft.com/product/core-trainer-landmine-with-t-bar-handle
SBCTDR01,Drop In Core Trainer,Body Weight,63.64,https://masterkraft.com/product/drop-in-core-trainer-2-sf
SBEMMA01,EVA Exercise Mat,Body Weight,45.45,https://masterkraft.com/product/eva-exercise-mat-2-sf
SBCTDI01,Exercise Glider Discs (Pair),Body Weight,40.91,https://masterkraft.com/product/exercise-glider-discs-pair-sf
SBPBSB,Foam Plyometric Box,Body Weight,,https://masterkraft.com/product/foam-plyometric-box-v-sf
MBPBSB,Foam Plyometric Box,Body Weight,,https://masterkraft.com/product/foam-plyometric-box-v
SBRMRL,Foam Roller,Body Weight,,https://masterkraft.com/product/foam-roller-v-sf
MBRMRL,Foam Roller,Body Weight,,https://masterkraft.com/product/foam-roller-v
SBRMRL03,Foam Roller - 33cm (TPT),Body Weight,31.82,https://masterkraft.com/product/foam-roller-33cm-tpt-sf
SBGYRI01,Gymnastic Rings (Wooden),Body Weight,59.09,https://masterkraft.com/product/gymnastic-rings-wooden-2-sf
SBRPBA01,Knitted Resistance Bands (Set of 3),Body Weight,27.27,https://masterkraft.com/product/knitted-resistance-bands-set-of-3-sf
SBSAHD01,Lateral Endurance Hurdles (Set of 4),Body Weight,159.09,https://masterkraft.com/product/lateral-endurance-hurdles-set-of-4-sf
RBRPPOM-GROUP,Micro Bands,Body Weight,0,https://masterkraft.com/product/micro-bands-revl
RBRPPOM,Micro Bands,Body Weight,,https://masterkraft.com/product/micro-bands
SBRPMI01,Micro Bands (Pack of 4),Body Weight,18.18,https://masterkraft.com/product/micro-bands-pack-of-4-sf
SBSADI01,Mini Disc Cones (Set of 50),Body Weight,31.82,https://masterkraft.com/product/mini-disc-cones-set-of-50-sf
SBGYSL01,Parallettes - 275mm (Pair),Body Weight,181.82,https://masterkraft.com/product/parallettes-275mm-pair-sf
SBPBMS01,Plyometric Box (Set of 4),Body Weight,386.36,https://masterkraft.com/product/plyometric-box-set-of-4-sf
ABPBMS-01,Plyometric Box 30cm,Body Weight,62.73,https://masterkraft.com/product/plyometric-box-30cm
ABPBMS-01-1,Plyometric Box 45cm,Body Weight,80.91,https://masterkraft.com/product/plyometric-box-45cm
ABPBSB-06,"Plyometric Foam Stacker Box- 24""",Body Weight,509.09,https://masterkraft.com/product/plyometric-foam-stacker-box-24
ABRPPO,Power Bands,Body Weight,,https://masterkraft.com/product/power-bands-alt-v
RBRPPO,Power Bands,Body Weight,,https://masterkraft.com/product/power-bands-2
RBRPPO-GROUP,Power Bands,Body Weight,0,https://masterkraft.com/product/power-bands
SBRPPO01,Power Bands (Pack of 4),Body Weight,109.09,https://masterkraft.com/product/power-bands-pack-of-4-sf
SBRPPO02,Power Bands (Pack of 8),Body Weight,177.27,https://masterkraft.com/product/power-bands-pack-of-8-sf
SBSALD01,Rubber Rollout Speed Ladder - 5m,Body Weight,77.27,https://masterkraft.com/product/rubber-rollout-speed-ladder-5m-sf
SBSARO01,Speed Rope (Elite),Body Weight,22.73,https://masterkraft.com/product/speed-rope-elite-sf
SBSADO02,Station Markers (Set of 5),Body Weight,18.18,https://masterkraft.com/product/station-markers-set-of-5-sf
SBSUTR01,Suspension Trainer,Body Weight,68.18,https://masterkraft.com/product/suspension-trainer-2-sf
SBCTACC01,Utility Roller,Body Weight,122.73,https://masterkraft.com/product/utility-roller-sf
SMBXPBG05,Aqua Punching Bag - 86kg (53cm D),Boxing,350,https://masterkraft.com/product/aqua-punching-bag-86kg-53cm-d-2-sf
SWWPCB-GROUP,Coloured Bumper Plates,Bumper Plates,0,https://masterkraft.com/product/coloured-bumper-plates-sf
SWWPCB,Coloured Bumper Plates,Bumper Plates,,https://masterkraft.com/product/coloured-bumper-plates-v-sf
MWWPCB-GROUP,Coloured Bumper Plates,Bumper Plates,0,https://masterkraft.com/product/coloured-bumper-plates
MWWPCB,Coloured Bumper Plates,Bumper Plates,,https://masterkraft.com/product/coloured-bumper-plates-v
AWWPCB,Competition Bumper Plates,Bumper Plates,,https://masterkraft.com/product/competition-bumper-plates-alt-v
MWWPCNB-GROUP,Competition Bumper Plates,Bumper Plates,0,https://masterkraft.com/product/competition-bumper-plates-3
MWWPCNB,Competition Bumper Plates,Bumper Plates,,https://masterkraft.com/product/competition-bumper-plates-v
SWWPCNB,Pro Bumper Plates,Bumper Plates,,https://masterkraft.com/product/pro-bumper-plates-2-sf
SCSTACC04,C2 Ski Erg Floor Stand,Cardio,320,https://masterkraft.com/product/c2-ski-erg-floor-stand
SCSTAR03,C2 Ski Erg PM5,Cardio,1200,https://masterkraft.com/product/c2-ski-erg-pm5
SSWBFW02,Adjustable Utility Weight Bench Pro,Chest &amp; Shoulder Machines,708.18,https://masterkraft.com/product/adjustable-utility-weight-bench-pro-3-sf
MSCSSE03,Chest Press Machine Elite (Selectorize),Chest &amp; Shoulder Machines,3271.82,https://masterkraft.com/product/chest-press-machine-elite-selectorize
SSWBFW01,Flat Utility Weight Bench Pro (Angled Legs),Chest &amp; Shoulder Machines,362.73,https://masterkraft.com/product/flat-utility-weight-bench-pro-angled-legs-2-sf
MSCSSE05,Multi Press Machine Pro (Selectorize),Chest &amp; Shoulder Machines,2726.36,https://masterkraft.com/product/multi-press-machine-pro-selectorize
MSCSSE02,Pec Deck & Rear Deltoid Machine Elite (Selectorize),Chest &amp; Shoulder Machines,3362.73,https://masterkraft.com/product/pec-deck-rear-deltoid-machine-elite-selectorize
AMDEHG,High Grip Dead Ball,Clearance,,https://masterkraft.com/product/high-grip-dead-ball-alt-v
AWWPOU,Olympic Urethane Weight Plates,Clearance,,https://masterkraft.com/product/olympic-urethane-weight-plates-alt-v
AMDBRH,Rubber Hex Dumbbells,Clearance,,https://masterkraft.com/product/rubber-hex-dumbbell-alt-v
AMKBUR-GROUP,Urethane Competition Kettlebells (Single),Clearance,0,https://masterkraft.com/product/urethane-competition-kettlebells-single
SMDESH,Dead Ball,Dead Balls,,https://masterkraft.com/product/dead-ball-v-sf
MMDESH,Dead Ball,Dead Balls,,https://masterkraft.com/product/dead-ball-v
SMDESH-GROUP,Dead Balls,Dead Balls,0,https://masterkraft.com/product/dead-ball-2-sf
MMDESH-GROUP,Dead Balls,Dead Balls,0,https://masterkraft.com/product/dead-ball-2
SMDEHG-GROUP,High Grip Dead Ball,Dead Balls,0,https://masterkraft.com/product/high-grip-dead-ball-4-sf
SMDEHG,High Grip Dead Ball,Dead Balls,,https://masterkraft.com/product/high-grip-dead-ball-3-sf
RMDEHG,High Grip Dead Ball,Dead Balls,,https://masterkraft.com/product/high-grip-dead-ball-2
MMDEHG-GROUP,High Grip Dead Ball,Dead Balls,0,https://masterkraft.com/product/high-grip-dead-ball-4
MMDEHG,High Grip Dead Ball,Dead Balls,,https://masterkraft.com/product/high-grip-dead-ball-3
RMDEHG-GROUP,High Grip Dead Balls,Dead Balls,0,https://masterkraft.com/product/high-grip-dead-balls
SMDBPRH-GROUP,Premium Rubber Hex Dumbbell,Dumbbells,0,https://masterkraft.com/product/premium-rubber-hex-dumbbell-3-sf
SMDBPRH,Premium Rubber Hex Dumbbell,Dumbbells,,https://masterkraft.com/product/premium-rubber-hex-dumbbell-v-sf
RMDBRH,Premium Rubber Hex Dumbbell,Dumbbells,,https://masterkraft.com/product/premium-rubber-hex-dumbbell-2
MMDBPRH,Premium Rubber Hex Dumbbell,Dumbbells,,https://masterkraft.com/product/premium-rubber-hex-dumbbell-v
MMDBPRH-GROUP,Premium Rubber Hex Dumbbell,Dumbbells,0,https://masterkraft.com/product/premium-rubber-hex-dumbbell-3
RMDBRH-GROUP,Premium Rubber Hex Dumbbells,Dumbbells,0,https://masterkraft.com/product/premium-rubber-hex-dumbbells
SMDBRH-GROUP,Rubber Hex Dumbbells,Dumbbells,4.55,https://masterkraft.com/product/rubber-hex-dumbbell-group-sf
SMDBRH,Rubber Hex Dumbbells,Dumbbells,,https://masterkraft.com/product/rubber-hex-dumbbell-v-sf
MMDBRH-GROUP,Rubber Hex Dumbbells,Dumbbells,4.55,https://masterkraft.com/product/rubber-hex-dumbbell-group
MMDBRH,Rubber Hex Dumbbells,Dumbbells,,https://masterkraft.com/product/rubber-hex-dumbbell-v
SMDBUR-GROUP,Urethane Fixed Dumbbells,Dumbbells,0,https://masterkraft.com/product/urethane-fixed-dumbbells-2-sf
SMDBUR,Urethane Fixed Dumbbells,Dumbbells,,https://masterkraft.com/product/urethane-fixed-dumbbells-v-sf
MMDBUR-GROUP,Urethane Fixed Dumbbells,Dumbbells,0,https://masterkraft.com/product/urethane-fixed-dumbbells-2
MMDBUR,Urethane Fixed Dumbbells,Dumbbells,,https://masterkraft.com/product/urethane-fixed-dumbbells-v
SMDBVR-GROUP,Virgin Rubber Fixed Dumbbells,Dumbbells,0,https://masterkraft.com/product/virgin-rubber-fixed-dumbbells-sf
SMDBVR,Virgin Rubber Fixed Dumbbells,Dumbbells,,https://masterkraft.com/product/virgin-rubber-fixed-dumbbells-v-sf
MMDBVR-GROUP,Virgin Rubber Fixed Dumbbells,Dumbbells,0,https://masterkraft.com/product/virgin-rubber-fixed-dumbbells
MMDBVR,Virgin Rubber Fixed Dumbbells,Dumbbells,,https://masterkraft.com/product/virgin-rubber-fixed-dumbbells-v
SEFRBB04,Barbell Storage Box (9 Bar Holder),Equipment Storage,254.545,https://masterkraft.com/product/barbell-storage-box-9-bar-holder-2-sf
SEFRBB05,Barbell Storage Box (9 Bar Holder) - Versatile,Equipment Storage,254.545,https://masterkraft.com/product/barbell-storage-box-9-bar-holder-versatile-sf
SEWMRO01,Battle Rope Storage (Wall Mounted),Equipment Storage,40.91,https://masterkraft.com/product/battle-rope-storage-wall-mounted-sf
SEWMBER01,Bench & Rower Rack (Wall Mounted),Equipment Storage,68.18,https://masterkraft.com/product/bench-rower-rack-wall-mounted-sf
SEWMACC03,Dip Bar Holder (Wall Mounted),Equipment Storage,177.27,https://masterkraft.com/product/dip-bar-holder-wall-mounted-sf
SEWMMA01,Exercise Mat Hanging Rack (Wall Mounted),Equipment Storage,45.45,https://masterkraft.com/product/exercise-mat-hanging-rack-wall-mounted-sf
SEWMBL01,Fitness Ball Storage Rack (Wall Mounted),Equipment Storage,226.36,https://masterkraft.com/product/fitness-ball-storage-rack-wall-mounted-sf
SEFRBB02,Fixed Barbell Rack (10 Bar) 1.0,Equipment Storage,631.82,https://masterkraft.com/product/fixed-barbell-rack-10-bar-1-0-sf
SEFRBB03,Fixed Barbell Rack (10 Bar) 2.0,Equipment Storage,704.545,https://masterkraft.com/product/fixed-barbell-rack-10-bar-2-0-sf
SEFRBB01,Fixed Barbell Rack (5 Bar),Equipment Storage,468.18,https://masterkraft.com/product/fixed-barbell-rack-5-bar-sf
SEWMRL01,Foam Roller Storage Rack (Wall Mounted),Equipment Storage,204.545,https://masterkraft.com/product/foam-roller-storage-rack-wall-mounted-sf
SEFRPS01,Group Fitness Barbell Set Rack,Equipment Storage,362.73,https://masterkraft.com/product/group-fitness-barbell-set-rack-sf
SEWMBB01,Horizontal Barbell Storage Rack (6 Bar) (Wall Mounted),Equipment Storage,117.27,https://masterkraft.com/product/horizontal-barbell-storage-rack-6-bar-wall-mounted-sf
SEFRDB08,Horizontal Dumbbell Rack - 2 Tier (10 Pair) 1.0,Equipment Storage,1054.545,https://masterkraft.com/product/horizontal-dumbbell-rack-2-tier-10-pair-1-0-sf
SEFRDB11,Horizontal Dumbbell Rack - 2 Tier (10 Pair) 2.0,Equipment Storage,1104.545,https://masterkraft.com/product/horizontal-dumbbell-rack-2-tier-10-pair-2-0-sf
SEFRDB07,Horizontal Dumbbell Rack - 2 Tier (5 Pair) 1.0,Equipment Storage,950,https://masterkraft.com/product/horizontal-dumbbell-rack-2-tier-5-pair-1-0-sf
SEFRDB10,Horizontal Dumbbell Rack - 2 Tier (5 Pair) 2.0,Equipment Storage,786.36,https://masterkraft.com/product/horizontal-dumbbell-rack-2-tier-5-pair-2-0-sf
SEFRDB09,Horizontal Dumbbell Rack - 3 Tier (15 Pair),Equipment Storage,1759.09,https://masterkraft.com/product/horizontal-dumbbell-rack-3-tier-15-pair-sf
SEFRKB01,Kettlebell Rack (2 Tier) 2.0,Equipment Storage,522.73,https://masterkraft.com/product/kettlebell-rack-2-tier-2-0-sf
SEFRKB02,Kettlebell Rack (2 Tier) 3.0,Equipment Storage,895.45,https://masterkraft.com/product/kettlebell-rack-2-tier-3-0-sf
SEFRKB03,Kettlebell Rack (2 Tier) 4.0,Equipment Storage,772.73,https://masterkraft.com/product/kettlebell-rack-2-tier-4-0-sf
SEFRBL01,Medicine Ball Rack - 10 Ball (Double Sided),Equipment Storage,180.91,https://masterkraft.com/product/medicine-ball-rack-10-ball-double-sided-2-sf
SEFRBL02,Medicine Ball Rack - 10 Ball (Single Sided),Equipment Storage,231.82,https://masterkraft.com/product/medicine-ball-rack-10-ball-single-sided-sf
SEFRBL03,Medicine Ball Rack - 5 Ball (Single Sided),Equipment Storage,222.73,https://masterkraft.com/product/medicine-ball-rack-5-ball-single-sided-sf
SEFRACC01,"Modular Storage Rack (Kettlebells, Dumbbells) - HD 2 Tier (1.2m)",Equipment Storage,677.27,https://masterkraft.com/product/modular-storage-rack-kettlebells-dumbbells-hd-2-tier-1-2m-2-sf
SEFRACC02,"Modular Storage Rack (Kettlebells, Dumbbells) - HD 2 Tier (2m)",Equipment Storage,1159.09,https://masterkraft.com/product/modular-storage-rack-kettlebells-dumbbells-hd-2-tier-2m-sf
SEFRACC06,"Modular Storage Rack - Complete (2/Dual Pipe, 2/Flat Shelf)",Equipment Storage,849.09,https://masterkraft.com/product/modular-storage-rack-complete-2-dual-pipe-2-flat-shelf-sf
SEFRACC03,Modular Storage Rack Flat Shelf,Equipment Storage,180.91,https://masterkraft.com/product/modular-storage-rack-flat-shelf-2-sf
SEFRACC04,Modular Storage Rack Shelf Dual Pipe,Equipment Storage,90,https://masterkraft.com/product/modular-storage-rack-shelf-dual-pipe-2-sf
SEFRACC05,Modular Storage Rack Side (1582mm),Equipment Storage,171.82,https://masterkraft.com/product/modular-storage-rack-side-1582mm-sf
SEFROP01,Olympic Plate Toaster Rack Portable,Equipment Storage,386.36,https://masterkraft.com/product/olympic-plate-toaster-rack-portable-sf
SEFROP03,Olympic Weight Plate Tree (8 Storage Pins),Equipment Storage,477.27,https://masterkraft.com/product/olympic-weight-plate-tree-8-storage-pins-2-sf
SEFROP02,"Olympic Weight Plate Tree Portable (6 Storage Pins, 2 Bar Storage)",Equipment Storage,477.27,https://masterkraft.com/product/olympic-weight-plate-tree-portable-6-storage-pins-2-bar-storage-sf
SEFROP04,Olympic Weight Plate Tree Vertical (6 Storage Pins),Equipment Storage,577.27,https://masterkraft.com/product/olympic-weight-plate-tree-vertical-6-storage-pins-sf
SEWMACC02,Rope & Band Rack (Wall Mounted),Equipment Storage,63.64,https://masterkraft.com/product/rope-band-rack-wall-mounted-sf
SEWMACC01,Rope & Band Rack (Wall Mounted) (Small),Equipment Storage,50,https://masterkraft.com/product/rope-band-rack-wall-mounted-small-sf
SEWMBB02,Vertical Barbell Storage Rack (6 Bar) (Wall Mounted),Equipment Storage,90,https://masterkraft.com/product/vertical-barbell-storage-rack-6-bar-wall-mounted-sf
SEWMOP01,Vertical Bumper Plate Rack 3 Tier (Wall Mounted),Equipment Storage,159.09,https://masterkraft.com/product/vertical-bumper-plate-rack-3-tier-wall-mounted-sf
SEFRDB05,Vertical Dumbbell Rack - 10 Pair (Double Sided) 2.0,Equipment Storage,609.09,https://masterkraft.com/product/vertical-dumbbell-rack-10-pair-double-sided-2-0-sf
SEFRDB01,Vertical Dumbbell Rack - 10 Pair (Single Sided) 1.0,Equipment Storage,427.27,https://masterkraft.com/product/vertical-dumbbell-rack-10-pair-single-sided-1-0-sf
SEFRDB02,Vertical Dumbbell Rack - 10 Pair (Single Sided) 2.0,Equipment Storage,559.09,https://masterkraft.com/product/vertical-dumbbell-rack-10-pair-single-sided-2-0-sf
SEFRDB04,Vertical Dumbbell Rack - 10 Pair (Single Sided) 3.0,Equipment Storage,613.64,https://masterkraft.com/product/vertical-dumbbell-rack-10-pair-single-sided-3-0-sf
SEFRDB03,Vertical Dumbbell Rack - 15 Pair (Single Sided),Equipment Storage,795.45,https://masterkraft.com/product/vertical-dumbbell-rack-15-pair-single-sided-sf
SEFRDB06,Vertical Dumbbell Rack - Portable (Four Sided),Equipment Storage,453.64,https://masterkraft.com/product/vertical-dumbbell-rack-portable-four-sided-2-sf
SMPA5BL02,Medicine Balls (Set of 5) - 30kg,Exercise Mats,290.91,https://masterkraft.com/product/medicine-balls-set-of-5-30kg-sf
SMFWTL01,Farmers Walk Handles (Pair),Farmers Walk,213.64,https://masterkraft.com/product/farmers-walk-handles-pair-sf
SFAFRR-GROUP,Acoustic Underlay,Flooring,0,https://masterkraft.com/product/acoustic-underlay-sf
SFAFRR,Acoustic Underlay,Flooring,,https://masterkraft.com/product/acoustic-underlay-v-sf
RFRFRR-1,Acoustic Underlay,Flooring,,https://masterkraft.com/product/acoustic-underlay-group
RFRFRR,Acoustic Underlay,Flooring,,https://masterkraft.com/product/acoustic-underlay-r-v
MFAFRR-GROUP,Acoustic Underlay,Flooring,0,https://masterkraft.com/product/acoustic-underlay
MFAFRR,Acoustic Underlay,Flooring,,https://masterkraft.com/product/acoustic-underlay-v
RFRFRR-5,Acoustic Underlay 5mm (1m x 10m Roll),Flooring,227.27,https://masterkraft.com/product/acoustic-underlay-5mm
SFRFRR-GROUP,Impact Lock Rubber Tiles,Flooring,0,https://masterkraft.com/product/impact-lock-rubber-tiles-sf
SFRFRR,Impact Lock Rubber Tiles,Flooring,,https://masterkraft.com/product/impact-lock-rubber-tiles-v-sf
MFRFRR-GROUP,Impact Lock Rubber Tiles,Flooring,0,https://masterkraft.com/product/impact-lock-rubber-tiles
MFRFRR,Impact Lock Rubber Tiles,Flooring,,https://masterkraft.com/product/impact-lock-rubber-tiles-v
SFRFRR02,Impact-Lock Rubber Tiles – 20mm (Custom Branding),Flooring,80.91,https://masterkraft.com/product/impact-lock-rubber-tiles-custom-branding-sf
RFRFRR-GROUP,REVL Impact-Lock Rubber Tiles,Flooring,0,https://masterkraft.com/product/revl-impact-lock-rubber-tiles
RFRFRR,REVL Impact-Lock Rubber Tiles,Flooring,,https://masterkraft.com/product/impact-lock-rubber-tiles-rev-v
SEFRDB13,Horizontal Dumbbell Rack - 2 Tier (20 Pair),Freestanding,883.64,https://masterkraft.com/product/horizontal-dumbbell-rack-2-tier-20-pair
SEFRACC12,"Modular Storage Rack - Complete (1/Dual Pipe, 3/Flat Shelf)",Freestanding,679.27,https://masterkraft.com/product/modular-storage-rack-complete-1-dual-pipe-3-flat-shelf
SEFRDB12,Vertical Dumbbell Rack - 10 Pair (Double Sided) 3.0,Freestanding,487.27,https://masterkraft.com/product/vertical-dumbbell-rack-10-pair-double-sided-3-0
SRSPATT01,Rig Crossbeam Single Pipe - 1080mm,Freestanding Rigs,80.91,https://masterkraft.com/product/rig-crossbeam-single-pipe-1080mm-sf
SRSPATT02,Rig Crossbeam Single Pipe - 1520mm,Freestanding Rigs,100,https://masterkraft.com/product/rig-crossbeam-single-pipe-1520mm-sf
SRSPATT03,Rig Universal Upright,Freestanding Rigs,168.18,https://masterkraft.com/product/rig-universal-upright-sf
RFDA,Logistics Allowance,Freight &amp; Delivery,,https://masterkraft.com/product/logistics-allowance
SMGFWTB-GROUP,Aerobic Weighted Exercise Bars,Group Fitness,,https://masterkraft.com/product/aerobic-weighted-exercise-bars-2-sf
SMGFWTB,Aerobic Weighted Exercise Bars,Group Fitness,,https://masterkraft.com/product/aerobic-weighted-exercise-bars-v-sf
MMGFWTB-GROUP,Aerobic Weighted Exercise Bars,Group Fitness,,https://masterkraft.com/product/aerobic-weighted-exercise-bars-2
MMGFWTB,Aerobic Weighted Exercise Bars,Group Fitness,,https://masterkraft.com/product/aerobic-weighted-exercise-bars-v
SMGFACC01,Digital Interval Timer,Group Fitness,313.64,https://masterkraft.com/product/digital-interval-timer-sf
SMGFPS03,Group Fitness Barbell Set - 17.5kg,Group Fitness,209.09,https://masterkraft.com/product/group-fitness-barbell-set-17-5kg-sf
SMGFPS02,Group Fitness Barbell Set - 37.5kg,Group Fitness,268.18,https://masterkraft.com/product/group-fitness-barbell-set-37-5kg-sf
SMGFPS01,Group Fitness Barbell Set - Collars (Pair),Group Fitness,9.09,https://masterkraft.com/product/group-fitness-barbell-set-collars-pair-sf
SMKBPGC,Competition Kettlebell,Kettlebells,,https://masterkraft.com/product/competition-kettlebell-v-sf
RMKBPGC,Competition Kettlebell,Kettlebells,,https://masterkraft.com/product/competition-kettlebell-2
MMKBPGC,Competition Kettlebell,Kettlebells,,https://masterkraft.com/product/competition-kettlebell-v
SMKBPGC-GROUP,Competition Kettlebells,Kettlebells,54.55,https://masterkraft.com/product/competition-kettlebells-sf
RMKBPGC-GROUP,Competition Kettlebells,Kettlebells,0,https://masterkraft.com/product/competition-kettlebells-2
MMKBPGC-GROUP,Competition Kettlebells,Kettlebells,54.55,https://masterkraft.com/product/competition-kettlebells
SMKBUR,Urethane Competition Kettlebells,Kettlebells,,https://masterkraft.com/product/urethane-competition-kettlebells-v-sf
MMKBUR,Urethane Competition Kettlebells,Kettlebells,,https://masterkraft.com/product/urethane-competition-kettlebells-v
SMKBUR-GROUP,Urethane Competition Kettlebells (Single),Kettlebells,0,https://masterkraft.com/product/urethane-competition-kettlebell-3-sf
MMKBUR-GROUP,Urethane Competition Kettlebells (Single),Kettlebells,0,https://masterkraft.com/product/urethane-competition-kettlebell-3
SLLE2502,LED Dimmers,Lighting,35.60,https://masterkraft.com/product/led-dimmers
SLLE2501,Linear LED Lighting System – 2.4m,Lighting,367.28,https://masterkraft.com/product/linear-led-lighting-system-2-4m
MSLBB01,Glute Ham Bench Pro,Lower Body Machines,908.18,https://masterkraft.com/product/glute-ham-bench-pro
MSLBSE06,Leg Extension & Leg Curl Machine Pro (Selectorize),Lower Body Machines,2726.36,https://masterkraft.com/product/leg-extension-leg-curl-machine-pro-selectorize
MSLBSE02,Lying Leg Curl Machine Elite (Selectorize),Lower Body Machines,2999.09,https://masterkraft.com/product/lying-leg-curl-machine-elite-selectorize
SMMBPR-GROUP,Medicine Ball,Medicine Balls,0,https://masterkraft.com/product/medicine-ball-2-sf
SMMBPR,Medicine Ball,Medicine Balls,,https://masterkraft.com/product/medicine-ball-v-sf
MMMBPR-GROUP,Medicine Ball,Medicine Balls,0,https://masterkraft.com/product/medicine-ball-2
MMMBPR,Medicine Ball,Medicine Balls,,https://masterkraft.com/product/medicine-ball-v
SMPWPBG05,Aqua Bag - 35kg,Mixed Implements,122.73,https://masterkraft.com/product/aqua-bag-35kg-sf
SMPWPBG-GROUP,Power Bag,Mixed Implements,0,https://masterkraft.com/product/power-bag-2-sf
SMPWPBG,Power Bag,Mixed Implements,,https://masterkraft.com/product/power-bag-v-sf
MMPWPBG-GROUP,Power Bag,Mixed Implements,0,https://masterkraft.com/product/power-bag-2
MMPWPBG,Power Bag,Mixed Implements,,https://masterkraft.com/product/power-bag-v
SMPA6BG01,Power Bags (Set of 6) - 105kg,Mixed Implements,,https://masterkraft.com/product/power-bags-set-of-6-105kg
SMSLSD01,Push & Pull Sled,Mixed Implements,440.91,https://masterkraft.com/product/push-pull-sled-sf
SMWAARM-GROUP,Wall Ball,Mixed Implements,83.64,https://masterkraft.com/product/wall-ball-3-sf
MMWAARM-GROUP,Wall Ball,Mixed Implements,83.64,https://masterkraft.com/product/wall-ball-3
SMWAARM-2,Wall Balls,Mixed Implements,,https://masterkraft.com/product/wall-balls-sf
SMWAARM,Wall Balls,Mixed Implements,,https://masterkraft.com/product/wall-balls-v-sf
RMWAARM,Wall Balls,Mixed Implements,,https://masterkraft.com/product/wall-balls-3
RMWAARM-GROUP,Wall Balls,Mixed Implements,0,https://masterkraft.com/product/wall-balls-2
MMWAARM-2,Wall Balls,Mixed Implements,,https://masterkraft.com/product/wall-balls
MMWAARM,Wall Balls,Mixed Implements,,https://masterkraft.com/product/wall-balls-v
SEWMRO02,Battle Rope Anchor (Wall Mounted),New Products,32.73,https://masterkraft.com/product/battle-rope-anchor-wall-mounted
SWWPOPR-GROUP,Olympic Premium Rubber Weight Plates,New Products,0,https://masterkraft.com/product/olympic-premium-rubber-weight-plates-2-sf
SWWAACC01,Weightlifting Belt,New Products,31.82,https://masterkraft.com/product/weightlifting-belt-2-sf
SRSPSE01,All-In-One Trainer,Rigs &amp; Racks,7726.36,https://masterkraft.com/product/all-in-one-trainer-2-sf
SRSPFW01,Olympic Power Rack 1.0,Rigs &amp; Racks,1453.64,https://masterkraft.com/product/olympic-power-rack-1-0-sf
SRSPFW03,Olympic Power Rack 2.0 Weight Plate Storage Rack Only,Rigs &amp; Racks,708.18,https://masterkraft.com/product/olympic-power-rack-2-0-weight-plate-storage-rack-only-sf
SRSPFW04,Olympic Power Rack 3.0,Rigs &amp; Racks,1699.09,https://masterkraft.com/product/olympic-power-rack-3-0-sf
SRATTACC01,Storage Pin with Shoulder,Rigs &amp; Racks,59,https://masterkraft.com/product/storage-pin-with-shoulder
SCRWAR04,C2 Rower Model D PM5 Black,Rowers,1250,https://masterkraft.com/product/c2-rower-model-d-pm5-black
SWWPCP-GROUP,Change Plates,Weight Plates,0,https://masterkraft.com/product/change-plates-sf
SWWPCP,Change Plates,Weight Plates,,https://masterkraft.com/product/change-plates-v-sf
RWWPCP,Change Plates,Weight Plates,,https://masterkraft.com/product/change-plates-revl-2
MWWPCP-GROUP,Change Plates,Weight Plates,0,https://masterkraft.com/product/change-plates
MWWPCP,Change Plates,Weight Plates,,https://masterkraft.com/product/change-plates-v
RWWPCP-GROUP,Change Plates,Weight Plates,0,https://masterkraft.com/product/change-plates-revl
SWWPOPR,Olympic Premium Rubber Weight Plates,Weight Plates,,https://masterkraft.com/product/olympic-premium-rubber-weight-plates-v-sf
MWWPOPR-GROUP,Olympic Premium Rubber Weight Plates,Weight Plates,0,https://masterkraft.com/product/olympic-premium-rubber-weight-plates-2
MWWPOPR,Olympic Premium Rubber Weight Plates,Weight Plates,,https://masterkraft.com/product/olympic-premium-rubber-weight-plates-v
SWWPOU-GROUP,Olympic Urethane Weight Plates,Weight Plates,0,https://masterkraft.com/product/olympic-urethane-weight-plates-3-sf
SWWPOU,Olympic Urethane Weight Plates,Weight Plates,,https://masterkraft.com/product/olympic-urethane-weight-plates-sf
MWWPOU-GROUP,Olympic Urethane Weight Plates,Weight Plates,0,https://masterkraft.com/product/olympic-urethane-weight-plates-3
MWWPOU,Olympic Urethane Weight Plates,Weight Plates,,https://masterkraft.com/product/olympic-urethane-weight-plates
RWWPCNB,Pro Bumper Plates,Weight Plates,,https://masterkraft.com/product/pro-bumper-plates-2
RWWPCNB-GROUP,Pro Bumper Plates,Weight Plates,0,https://masterkraft.com/product/pro-bumper-plates
SWWLATT01,Ankle Strap Cable Attachment (Pair),Weightlifting,22.73,https://masterkraft.com/product/ankle-strap-cable-attachment-pair-sf
SWWLACC01,Barbell Squat Pad,Weightlifting,18.18,https://masterkraft.com/product/barbell-squat-pad-3-sf
SWWLCH02,Chalk Bowl,Weightlifting,195.45,https://masterkraft.com/product/chalk-bowl-2-sf
SWWAACC02,Dip & Pull Up Belt,Weightlifting,59.09,https://masterkraft.com/product/dip-pull-up-belt-2-sf
SWWLMA01,Drop Pads (Pair),Weightlifting,159.09,https://masterkraft.com/product/drop-pads-pair-sf
SWWLACC02,Olympic Bar Easy Lock Collars (Pair),Weightlifting,22.73,https://masterkraft.com/product/olympic-bar-easy-lock-collars-pair-3-sf
SMLBACC01,Slant Board,Weightlifting,90,https://masterkraft.com/product/slant-board-2-sf
SWWLCH01,Weightlifting Chalk Box,Weightlifting,22.73,https://masterkraft.com/product/weightlifting-chalk-box-2-sf
RWWLCH02,Weightlifting Chalk Box,Weightlifting,22.73,https://masterkraft.com/product/weightlifting-chalk-box
