SKU,Product,Category,URL
MSAMSE01,Ab/Back Extension Machine Pro (Selectorize),Abdominal Machines,https://masterkraft.com/product/ab-back-extension-machine-pro-selectorize
SFAFRR-GROUP,Acoustic Underlay,Flooring,https://masterkraft.com/product/acoustic-underlay-sf
SFAFRR,Acoustic Underlay,Flooring,https://masterkraft.com/product/acoustic-underlay-v-sf
RFRFRR-1,Acoustic Underlay,Flooring,https://masterkraft.com/product/acoustic-underlay-group
RFRFRR,Acoustic Underlay,Flooring,https://masterkraft.com/product/acoustic-underlay-r-v
MFAFRR-GROUP,Acoustic Underlay,Flooring,https://masterkraft.com/product/acoustic-underlay
MFAFRR,Acoustic Underlay,Flooring,https://masterkraft.com/product/acoustic-underlay-v
RFRFRR-5,Acoustic Underlay 5mm (1m x 10m Roll),Flooring,https://masterkraft.com/product/acoustic-underlay-5mm
SMGFWTB-GROUP,Aerobic Weighted Exercise Bars,Group Fitness,https://masterkraft.com/product/aerobic-weighted-exercise-bars-2-sf
SMGFWTB,Aerobic Weighted Exercise Bars,Group Fitness,https://masterkraft.com/product/aerobic-weighted-exercise-bars-v-sf
MMGFWTB-GROUP,Aerobic Weighted Exercise Bars,Group Fitness,https://masterkraft.com/product/aerobic-weighted-exercise-bars-2
MMGFWTB,Aerobic Weighted Exercise Bars,Group Fitness,https://masterkraft.com/product/aerobic-weighted-exercise-bars-v
MSBTSE02,Arm Curl Machine Elite (Selectorize),Bicep &amp; Tricep Machines,https://masterkraft.com/product/arm-curl-machine-elite-selectorize
MSBTSE01,Assisted Chin & Dip Machine Elite (Selectorize),Back Machines,https://masterkraft.com/product/assisted-chin-dip-machine-elite-selectorize
SEWMRO02,Battle Rope Anchor (Wall Mounted),New Products,https://masterkraft.com/product/battle-rope-anchor-wall-mounted
SCRWAR04,C2 Rower Model D PM5 Black,Rowers,https://masterkraft.com/product/c2-rower-model-d-pm5-black
SCSTACC04,C2 Ski Erg Floor Stand,Cardio,https://masterkraft.com/product/c2-ski-erg-floor-stand
SCSTAR03,C2 Ski Erg PM5,Cardio,https://masterkraft.com/product/c2-ski-erg-pm5
SWWPCP-GROUP,Change Plates,Weight Plates,https://masterkraft.com/product/change-plates-sf
SWWPCP,Change Plates,Weight Plates,https://masterkraft.com/product/change-plates-v-sf
RWWPCP,Change Plates,Weight Plates,https://masterkraft.com/product/change-plates-revl-2
MWWPCP-GROUP,Change Plates,Weight Plates,https://masterkraft.com/product/change-plates
MWWPCP,Change Plates,Weight Plates,https://masterkraft.com/product/change-plates-v
RWWPCP-GROUP,Change Plates,Weight Plates,https://masterkraft.com/product/change-plates-revl
MSCSSE03,Chest Press Machine Elite (Selectorize),Chest &amp; Shoulder Machines,https://masterkraft.com/product/chest-press-machine-elite-selectorize
SWWPCB-GROUP,Coloured Bumper Plates,Bumper Plates,https://masterkraft.com/product/coloured-bumper-plates-sf
SWWPCB,Coloured Bumper Plates,Bumper Plates,https://masterkraft.com/product/coloured-bumper-plates-v-sf
MWWPCB-GROUP,Coloured Bumper Plates,Bumper Plates,https://masterkraft.com/product/coloured-bumper-plates
MWWPCB,Coloured Bumper Plates,Bumper Plates,https://masterkraft.com/product/coloured-bumper-plates-v
AWWPCB,Competition Bumper Plates,Bumper Plates,https://masterkraft.com/product/competition-bumper-plates-alt-v
MWWPCNB-GROUP,Competition Bumper Plates,Bumper Plates,https://masterkraft.com/product/competition-bumper-plates-3
MWWPCNB,Competition Bumper Plates,Bumper Plates,https://masterkraft.com/product/competition-bumper-plates-v
SMKBPGC,Competition Kettlebell,Kettlebells,https://masterkraft.com/product/competition-kettlebell-v-sf
RMKBPGC,Competition Kettlebell,Kettlebells,https://masterkraft.com/product/competition-kettlebell-2
MMKBPGC,Competition Kettlebell,Kettlebells,https://masterkraft.com/product/competition-kettlebell-v
SMKBPGC-GROUP,Competition Kettlebells,Kettlebells,https://masterkraft.com/product/competition-kettlebells-sf
RMKBPGC-GROUP,Competition Kettlebells,Kettlebells,https://masterkraft.com/product/competition-kettlebells-2
MMKBPGC-GROUP,Competition Kettlebells,Kettlebells,https://masterkraft.com/product/competition-kettlebells
SMDESH,Dead Ball,Dead Balls,https://masterkraft.com/product/dead-ball-v-sf
MMDESH,Dead Ball,Dead Balls,https://masterkraft.com/product/dead-ball-v
SMDESH-GROUP,Dead Balls,Dead Balls,https://masterkraft.com/product/dead-ball-2-sf
MMDESH-GROUP,Dead Balls,Dead Balls,https://masterkraft.com/product/dead-ball-2
SBPBSB,Foam Plyometric Box,Body Weight,https://masterkraft.com/product/foam-plyometric-box-v-sf
MBPBSB,Foam Plyometric Box,Body Weight,https://masterkraft.com/product/foam-plyometric-box-v
SBRMRL,Foam Roller,Body Weight,https://masterkraft.com/product/foam-roller-v-sf
MBRMRL,Foam Roller,Body Weight,https://masterkraft.com/product/foam-roller-v
MSLBB01,Glute Ham Bench Pro,Lower Body Machines,https://masterkraft.com/product/glute-ham-bench-pro
SBASADJ-GROUP,Group Fitness Step,Aerobic Steps,https://masterkraft.com/product/group-fitness-step-sf
SBASADJ,Group Fitness Step,Aerobic Steps,https://masterkraft.com/product/group-fitness-step-v-sf
MBASADJ-GROUP,Group Fitness Step,Aerobic Steps,https://masterkraft.com/product/group-fitness-step
MBASADJ,Group Fitness Step,Aerobic Steps,https://masterkraft.com/product/group-fitness-step-v
SMDEHG-GROUP,High Grip Dead Ball,Dead Balls,https://masterkraft.com/product/high-grip-dead-ball-4-sf
SMDEHG,High Grip Dead Ball,Dead Balls,https://masterkraft.com/product/high-grip-dead-ball-3-sf
AMDEHG,High Grip Dead Ball,Clearance,https://masterkraft.com/product/high-grip-dead-ball-alt-v
RMDEHG,High Grip Dead Ball,Dead Balls,https://masterkraft.com/product/high-grip-dead-ball-2
MMDEHG-GROUP,High Grip Dead Ball,Dead Balls,https://masterkraft.com/product/high-grip-dead-ball-4
MMDEHG,High Grip Dead Ball,Dead Balls,https://masterkraft.com/product/high-grip-dead-ball-3
RMDEHG-GROUP,High Grip Dead Balls,Dead Balls,https://masterkraft.com/product/high-grip-dead-balls
SEFRDB13,Horizontal Dumbbell Rack - 2 Tier (20 Pair),Freestanding,https://masterkraft.com/product/horizontal-dumbbell-rack-2-tier-20-pair
SFRFRR-GROUP,Impact Lock Rubber Tiles,Flooring,https://masterkraft.com/product/impact-lock-rubber-tiles-sf
SFRFRR,Impact Lock Rubber Tiles,Flooring,https://masterkraft.com/product/impact-lock-rubber-tiles-v-sf
MFRFRR-GROUP,Impact Lock Rubber Tiles,Flooring,https://masterkraft.com/product/impact-lock-rubber-tiles
MFRFRR,Impact Lock Rubber Tiles,Flooring,https://masterkraft.com/product/impact-lock-rubber-tiles-v
MSBMSE02,Lat Pulldown & Seated Row Machine Pro (Selectorize),Back Machines,https://masterkraft.com/product/lat-pulldown-seated-row-machine-pro-selectorize
MSBMSE01,Lat Pulldown Machine Elite (Selectorize),Back Machines,https://masterkraft.com/product/lat-pulldown-machine-elite-selectorize
MSLBSE06,Leg Extension & Leg Curl Machine Pro (Selectorize),Lower Body Machines,https://masterkraft.com/product/leg-extension-leg-curl-machine-pro-selectorize
RFDA,Logistics Allowance,Freight &amp; Delivery,https://masterkraft.com/product/logistics-allowance
MSLBSE02,Lying Leg Curl Machine Elite (Selectorize),Lower Body Machines,https://masterkraft.com/product/lying-leg-curl-machine-elite-selectorize
SMMBPR-GROUP,Medicine Ball,Medicine Balls,https://masterkraft.com/product/medicine-ball-2-sf
SMMBPR,Medicine Ball,Medicine Balls,https://masterkraft.com/product/medicine-ball-v-sf
MMMBPR-GROUP,Medicine Ball,Medicine Balls,https://masterkraft.com/product/medicine-ball-2
MMMBPR,Medicine Ball,Medicine Balls,https://masterkraft.com/product/medicine-ball-v
RBRPPOM-GROUP,Micro Bands,Body Weight,https://masterkraft.com/product/micro-bands-revl
RBRPPOM,Micro Bands,Body Weight,https://masterkraft.com/product/micro-bands
SEFRACC12,"Modular Storage Rack - Complete (1/Dual Pipe, 3/Flat Shelf)",Freestanding,https://masterkraft.com/product/modular-storage-rack-complete-1-dual-pipe-3-flat-shelf
MSCSSE05,Multi Press Machine Pro (Selectorize),Chest &amp; Shoulder Machines,https://masterkraft.com/product/multi-press-machine-pro-selectorize
SWWPOPR-GROUP,Olympic Premium Rubber Weight Plates,New Products,https://masterkraft.com/product/olympic-premium-rubber-weight-plates-2-sf
SWWPOPR,Olympic Premium Rubber Weight Plates,Weight Plates,https://masterkraft.com/product/olympic-premium-rubber-weight-plates-v-sf
MWWPOPR-GROUP,Olympic Premium Rubber Weight Plates,Weight Plates,https://masterkraft.com/product/olympic-premium-rubber-weight-plates-2
MWWPOPR,Olympic Premium Rubber Weight Plates,Weight Plates,https://masterkraft.com/product/olympic-premium-rubber-weight-plates-v
SWWPOU-GROUP,Olympic Urethane Weight Plates,Weight Plates,https://masterkraft.com/product/olympic-urethane-weight-plates-3-sf
SWWPOU,Olympic Urethane Weight Plates,Weight Plates,https://masterkraft.com/product/olympic-urethane-weight-plates-sf
AWWPOU,Olympic Urethane Weight Plates,Clearance,https://masterkraft.com/product/olympic-urethane-weight-plates-alt-v
MWWPOU-GROUP,Olympic Urethane Weight Plates,Weight Plates,https://masterkraft.com/product/olympic-urethane-weight-plates-3
MWWPOU,Olympic Urethane Weight Plates,Weight Plates,https://masterkraft.com/product/olympic-urethane-weight-plates
MSCSSE02,Pec Deck & Rear Deltoid Machine Elite (Selectorize),Chest &amp; Shoulder Machines,https://masterkraft.com/product/pec-deck-rear-deltoid-machine-elite-selectorize
ABPBMS-01-1,Plyometric Box 45cm,Body Weight,https://masterkraft.com/product/plyometric-box-45cm
SMPWPBG-GROUP,Power Bag,Mixed Implements,https://masterkraft.com/product/power-bag-2-sf
SMPWPBG,Power Bag,Mixed Implements,https://masterkraft.com/product/power-bag-v-sf
MMPWPBG-GROUP,Power Bag,Mixed Implements,https://masterkraft.com/product/power-bag-2
MMPWPBG,Power Bag,Mixed Implements,https://masterkraft.com/product/power-bag-v
SMPA6BG01,Power Bags (Set of 6) - 105kg,Mixed Implements,https://masterkraft.com/product/power-bags-set-of-6-105kg
ABRPPO,Power Bands,Body Weight,https://masterkraft.com/product/power-bands-alt-v
RBRPPO,Power Bands,Body Weight,https://masterkraft.com/product/power-bands-2
RBRPPO-GROUP,Power Bands,Body Weight,https://masterkraft.com/product/power-bands
SMDBPRH-GROUP,Premium Rubber Hex Dumbbell,Dumbbells,https://masterkraft.com/product/premium-rubber-hex-dumbbell-3-sf
SMDBPRH,Premium Rubber Hex Dumbbell,Dumbbells,https://masterkraft.com/product/premium-rubber-hex-dumbbell-v-sf
RMDBRH,Premium Rubber Hex Dumbbell,Dumbbells,https://masterkraft.com/product/premium-rubber-hex-dumbbell-2
MMDBPRH,Premium Rubber Hex Dumbbell,Dumbbells,https://masterkraft.com/product/premium-rubber-hex-dumbbell-v
MMDBPRH-GROUP,Premium Rubber Hex Dumbbell,Dumbbells,https://masterkraft.com/product/premium-rubber-hex-dumbbell-3
RMDBRH-GROUP,Premium Rubber Hex Dumbbells,Dumbbells,https://masterkraft.com/product/premium-rubber-hex-dumbbells
SWWPCNB,Pro Bumper Plates,Bumper Plates,https://masterkraft.com/product/pro-bumper-plates-2-sf
RWWPCNB,Pro Bumper Plates,Weight Plates,https://masterkraft.com/product/pro-bumper-plates-2
RWWPCNB-GROUP,Pro Bumper Plates,Weight Plates,https://masterkraft.com/product/pro-bumper-plates
RFRFRR-GROUP,REVL Impact-Lock Rubber Tiles,Flooring,https://masterkraft.com/product/revl-impact-lock-rubber-tiles
RFRFRR,REVL Impact-Lock Rubber Tiles,Flooring,https://masterkraft.com/product/impact-lock-rubber-tiles-rev-v
RRSPATT,Rig Crossbeam Single Pipe,Attachments,https://masterkraft.com/product/rig-crossbeam-single-pipe-2
RRSPATT-GROUP,Rig Crossbeam Single Pipes,Attachments,https://masterkraft.com/product/rig-crossbeam-single-pipes
SWBBFRZ-GROUP,Rubber EZ Fixed Barbells,Barbells,https://masterkraft.com/product/rubber-ez-fixed-barbells-2-sf
SWBBFRZ,Rubber EZ Fixed Barbells,Barbells,https://masterkraft.com/product/rubber-ez-fixed-barbells-v-sf
MWBBFRZ-GROUP,Rubber EZ Fixed Barbells,Barbells,https://masterkraft.com/product/rubber-ez-fixed-barbells-2
MWBBFRZ,Rubber EZ Fixed Barbells,Barbells,https://masterkraft.com/product/rubber-ez-fixed-barbells-v
SWBBFRU-GROUP,Rubber Fixed Barbells,Barbells,https://masterkraft.com/product/rubber-fixed-barbells-2-sf
SWBBFRU,Rubber Fixed Barbells,Barbells,https://masterkraft.com/product/rubber-fixed-barbells-v-sf
MWBBFRU-GROUP,Rubber Fixed Barbells,Barbells,https://masterkraft.com/product/rubber-fixed-barbells-2
MWBBFRU,Rubber Fixed Barbells,Barbells,https://masterkraft.com/product/rubber-fixed-barbells-v
SMDBRH-GROUP,Rubber Hex Dumbbells,Dumbbells,https://masterkraft.com/product/rubber-hex-dumbbell-group-sf
SMDBRH,Rubber Hex Dumbbells,Dumbbells,https://masterkraft.com/product/rubber-hex-dumbbell-v-sf
AMDBRH,Rubber Hex Dumbbells,Clearance,https://masterkraft.com/product/rubber-hex-dumbbell-alt-v
MMDBRH-GROUP,Rubber Hex Dumbbells,Dumbbells,https://masterkraft.com/product/rubber-hex-dumbbell-group
MMDBRH,Rubber Hex Dumbbells,Dumbbells,https://masterkraft.com/product/rubber-hex-dumbbell-v
MSBMSE03,Seated Horizontal Pull Machine Elite (Selectorize),Back Machines,https://masterkraft.com/product/seated-horizontal-pull-machine-elite-selectorize
SRATTACC01,Storage Pin with Shoulder,Rigs &amp; Racks,https://masterkraft.com/product/storage-pin-with-shoulder
SAAAU02,Train Hat,Apparel,https://masterkraft.com/product/train-hat
SAAAU01,Trucker Hat,Apparel,https://masterkraft.com/product/trucker-hat
SMKBUR,Urethane Competition Kettlebells,Kettlebells,https://masterkraft.com/product/urethane-competition-kettlebells-v-sf
MMKBUR,Urethane Competition Kettlebells,Kettlebells,https://masterkraft.com/product/urethane-competition-kettlebells-v
SMKBUR-GROUP,Urethane Competition Kettlebells (Single),Kettlebells,https://masterkraft.com/product/urethane-competition-kettlebell-3-sf
AMKBUR-GROUP,Urethane Competition Kettlebells (Single),Clearance,https://masterkraft.com/product/urethane-competition-kettlebells-single
MMKBUR-GROUP,Urethane Competition Kettlebells (Single),Kettlebells,https://masterkraft.com/product/urethane-competition-kettlebell-3
SWBBFUR-GROUP,Urethane Fixed Barbells,Barbells,https://masterkraft.com/product/urethane-fixed-barbells-2-sf
SWBBFUR,Urethane Fixed Barbells,Barbells,https://masterkraft.com/product/urethane-fixed-barbells-v-sf
MWBBFUR-GROUP,Urethane Fixed Barbells,Barbells,https://masterkraft.com/product/urethane-fixed-barbells-2
MWBBFUR,Urethane Fixed Barbells,Barbells,https://masterkraft.com/product/urethane-fixed-barbells-v
SMDBUR-GROUP,Urethane Fixed Dumbbells,Dumbbells,https://masterkraft.com/product/urethane-fixed-dumbbells-2-sf
SMDBUR,Urethane Fixed Dumbbells,Dumbbells,https://masterkraft.com/product/urethane-fixed-dumbbells-v-sf
MMDBUR-GROUP,Urethane Fixed Dumbbells,Dumbbells,https://masterkraft.com/product/urethane-fixed-dumbbells-2
MMDBUR,Urethane Fixed Dumbbells,Dumbbells,https://masterkraft.com/product/urethane-fixed-dumbbells-v
SEFRDB12,Vertical Dumbbell Rack - 10 Pair (Double Sided) 3.0,Freestanding,https://masterkraft.com/product/vertical-dumbbell-rack-10-pair-double-sided-3-0
SMDBVR-GROUP,Virgin Rubber Fixed Dumbbells,Dumbbells,https://masterkraft.com/product/virgin-rubber-fixed-dumbbells-sf
SMDBVR,Virgin Rubber Fixed Dumbbells,Dumbbells,https://masterkraft.com/product/virgin-rubber-fixed-dumbbells-v-sf
MMDBVR-GROUP,Virgin Rubber Fixed Dumbbells,Dumbbells,https://masterkraft.com/product/virgin-rubber-fixed-dumbbells
MMDBVR,Virgin Rubber Fixed Dumbbells,Dumbbells,https://masterkraft.com/product/virgin-rubber-fixed-dumbbells-v
SMWAARM-GROUP,Wall Ball,Mixed Implements,https://masterkraft.com/product/wall-ball-3-sf
MMWAARM-GROUP,Wall Ball,Mixed Implements,https://masterkraft.com/product/wall-ball-3
SMWAARM-2,Wall Balls,Mixed Implements,https://masterkraft.com/product/wall-balls-sf
SMWAARM,Wall Balls,Mixed Implements,https://masterkraft.com/product/wall-balls-v-sf
RMWAARM,Wall Balls,Mixed Implements,https://masterkraft.com/product/wall-balls-3
RMWAARM-GROUP,Wall Balls,Mixed Implements,https://masterkraft.com/product/wall-balls-2
MMWAARM-2,Wall Balls,Mixed Implements,https://masterkraft.com/product/wall-balls
MMWAARM,Wall Balls,Mixed Implements,https://masterkraft.com/product/wall-balls-v
RWWLCH02,Weightlifting Chalk Box,Weightlifting,https://masterkraft.com/product/weightlifting-chalk-box
