id,custom_label_4
MBASADJ01,ads-national
MBASADJ03,ads-national
MBBSCU01,ads-national
MBBSTR01,ads-national
MBCTACC01,ads-national
MBCTMA01,ads-national
MBCTWH01,ads-national
MBPBMS01,ads-national
MBRMRL03,ads-national
MBSAHD01,ads-national
MEFRBL01,ads-national
MEFRBL03,ads-national
MEFRPS01,ads-national
MEWMACC01,ads-national
MEWMACC02,ads-national
MEWMBL01,ads-national
MMDBRH01,ads-national
MMDBRH02,ads-national
MMDBRH04,ads-national
MMDBRH05,ads-national
MMDBRH17,ads-national
MMGFPS02,ads-national
MMKBPGC08,ads-national
MMKBPGC11,ads-national
MMKBPGC12,ads-national
MMMBPR01,ads-national
MMMBPR02,ads-national
MMPACE101,ads-national
MMPWPBG05,ads-national
MRCTATT01,ads-national
MRSPATT05,ads-national
MWWLACC01,ads-national
MBSARO01,ads-nsw-wa
MWWPOPR02,ads-nsw-wa
MMDBRH06,ads-vic
MMDBRH07,ads-vic
MMDBRH08,ads-vic
MMDBRH10,ads-vic
MMDBRH11,ads-vic
MMDBRH12,ads-vic
MMDBRH16,ads-vic
MMDESH06,ads-vic
MMDESH07,ads-vic
MMKBPGC02,ads-vic
MMKBPGC03,ads-vic
MMKBPGC04,ads-vic
MMKBPGC05,ads-vic
MWWPCB02,ads-vic
MBRMRL01,ads-vic-nsw
MMDESH04,ads-vic-nsw
MMMBPR03,ads-vic-nsw
MMMBPR04,ads-vic-nsw
MMMBPR05,ads-vic-nsw
MMDBRH19,ads-wa
MMDBRH20,ads-wa
MMDBRH21,ads-wa
MMDBRH22,ads-wa
MMDBRH23,ads-wa
MMDBRH24,ads-wa
MWWPCB05,ads-wa
