postcode,state,location,km
0200,ACT,CANBERRA,3.7
0800,NT,DARWIN,0.0
0801,NT,DARWIN,0.0
0804,NT,DARWIN,5.2
0810,NT,DARWIN,9.4
0811,NT,DARWIN,9.1
0812,NT,DARWIN,11.0
0814,NT,DARWIN,9.1
0815,NT,DARWIN,10.3
0820,NT,DARWIN,5.3
0821,NT,,
0822,NT,DARWIN,79.8
0828,NT,DARWIN,10.8
0829,NT,DARWIN,13.4
0830,NT,DARWIN,15.0
0831,NT,DARWIN,15.1
0832,NT,DARWIN,16.1
0834,NT,NOONAMAH,13.0
0835,NT,NOONAMAH,20.0
0836,NT,NOONAMAH,9.7
0837,NT,NOONAMAH,5.5
0838,NT,NOONAMAH,12.8
0839,NT,NOONAMAH,14.8
0840,NT,DARWIN,53.0
0841,NT,NOONAMAH,23.9
0845,NT,NOONAMAH,45.2
0846,NT,NOONAMAH,63.2
0847,NT,,
0850,NT,KATHERINE,168.3
0851,NT,KATHERINE,390.0
0852,NT,KATHERINE,290.6
0853,NT,,
0854,NT,,
0860,NT,TENNANT CREEK,105.0
0861,NT,TENNANT CREEK,20.8
0862,NT,TENNANT CREEK,79.2
0870,NT,ALICE SPRINGS,218.0
0871,NT,ALICE SPRINGS,109.4
0872,SA,,
0873,NT,,
0874,NT,,
0875,NT,,
0880,NT,,
0881,NT,,
0885,NT,,
0886,NT,,
0906,NT,,
0907,NT,,
0909,NT,DARWIN,10.3
1314,NSW,SYDNEY,11.0
1350,NSW,SYDNEY,3.5
1419,NSW,SYDNEY,27.2
1481,NSW,SYDNEY,18.5
1484,NSW,SYDNEY,16.8
1485,NSW,SYDNEY,16.6
1560,NSW,SYDNEY,6.5
1602,NSW,SYDNEY,9.8
1635,NSW,AVALON,22.0
1781,NSW,SYDNEY,31.3
1825,NSW,SYDNEY,19.6
2000,NSW,SYD CENTRAL,0.0
2004,NSW,SYDNEY,9.3
2006,NSW,SYDNEY,7.2
2007,NSW,SYDNEY,6.1
2008,NSW,SYDNEY,6.7
2009,NSW,SYDNEY,6.0
2010,NSW,SYDNEY,4.9
2011,NSW,SYDNEY,3.6
2015,NSW,SYDNEY,8.0
2016,NSW,SYDNEY,6.1
2017,NSW,SYDNEY,6.6
2018,NSW,SYDNEY,8.6
2019,NSW,SYDNEY,10.7
2020,NSW,SYDNEY,10.9
2021,NSW,SYDNEY,4.8
2022,NSW,SYDNEY,4.2
2023,NSW,SYDNEY,2.7
2024,NSW,SYDNEY,4.9
2025,NSW,SYDNEY,3.5
2026,NSW,SYDNEY,3.6
2027,NSW,SYDNEY,1.1
2028,NSW,SYDNEY,2.5
2029,NSW,SYDNEY,2.0
2030,NSW,SYDNEY,1.8
2031,NSW,SYDNEY,6.3
2032,NSW,SYDNEY,8.4
2033,NSW,SYDNEY,6.7
2034,NSW,SYDNEY,7.7
2035,NSW,SYDNEY,9.6
2036,NSW,SYDNEY,12.3
2037,NSW,SYDNEY,7.0
2038,NSW,SYDNEY,8.3
2039,NSW,SYDNEY,7.9
2040,NSW,SYDNEY,9.4
2041,NSW,SYDNEY,7.1
2042,NSW,SYDNEY,8.8
2043,NSW,SYDNEY,8.2
2044,NSW,SYDNEY,10.3
2045,NSW,SYDNEY,11.1
2046,NSW,SYDNEY,11.4
2047,NSW,SYDNEY,8.4
2048,NSW,SYDNEY,9.2
2049,NSW,SYDNEY,10.6
2050,NSW,SYDNEY,8.2
2055,NSW,SYDNEY,15.4
2058,NSW,,
2060,NSW,SYDNEY,5.3
2061,NSW,SYDNEY,4.3
2062,NSW,SYDNEY,5.8
2063,NSW,SYDNEY,6.5
2064,NSW,SYDNEY,8.5
2065,NSW,SYDNEY,6.8
2066,NSW,SYDNEY,10.0
2067,NSW,SYDNEY,10.0
2068,NSW,SYDNEY,8.4
2069,NSW,SYDNEY,10.5
2070,NSW,SYDNEY,12.4
2071,NSW,SYDNEY,13.5
2072,NSW,SYDNEY,15.1
2073,NSW,SYDNEY,16.3
2074,NSW,SYDNEY,18.5
2075,NSW,SYDNEY,17.3
2076,NSW,SYDNEY,20.7
2077,NSW,SYDNEY,23.8
2079,NSW,SYDNEY,25.3
2080,NSW,SYDNEY,24.8
2081,NSW,SYDNEY,28.5
2082,NSW,SYDNEY,34.9
2083,NSW,SYDNEY,37.9
2084,NSW,SYDNEY,23.5
2085,NSW,SYDNEY,15.2
2086,NSW,SYDNEY,12.3
2087,NSW,SYDNEY,11.3
2088,NSW,SYDNEY,3.5
2089,NSW,SYDNEY,4.2
2090,NSW,SYDNEY,4.6
2091,NSW,SYDNEY,3.6
2092,NSW,SYDNEY,7.2
2093,NSW,SYDNEY,7.4
2094,NSW,SYDNEY,7.4
2095,NSW,SYDNEY,6.1
2096,NSW,SYDNEY,9.7
2097,NSW,SYDNEY,14.1
2099,NSW,SYDNEY,12.5
2100,NSW,SYDNEY,10.4
2101,NSW,SYDNEY,17.1
2102,NSW,SYDNEY,19.1
2103,NSW,SYDNEY,20.5
2104,NSW,SYDNEY,21.9
2105,NSW,SYDNEY,24.6
2106,NSW,SYDNEY,22.8
2107,NSW,AVALON,0.0
2108,NSW,SYDNEY,29.1
2110,NSW,SYDNEY,10.3
2111,NSW,SYDNEY,12.7
2112,NSW,SYDNEY,14.5
2113,NSW,SYDNEY,13.8
2114,NSW,SYDNEY,16.8
2115,NSW,SYDNEY,18.9
2116,NSW,SYDNEY,20.9
2117,NSW,SYDNEY,21.0
2118,NSW,SYDNEY,21.8
2119,NSW,SYDNEY,21.2
2120,NSW,SYDNEY,22.2
2121,NSW,SYDNEY,18.9
2122,NSW,SYDNEY,17.0
2125,NSW,SYDNEY,24.0
2126,NSW,SYDNEY,24.7
2127,NSW,SYDNEY,16.9
2128,NSW,SYDNEY,19.5
2130,NSW,SYDNEY,11.7
2131,NSW,SYDNEY,12.6
2132,NSW,SYDNEY,13.5
2133,NSW,SYDNEY,14.9
2134,NSW,SYDNEY,14.5
2135,NSW,SYDNEY,16.0
2136,NSW,SYDNEY,16.0
2137,NSW,SYDNEY,14.1
2138,NSW,SYDNEY,15.8
2140,NSW,SYDNEY,17.4
2141,NSW,SYDNEY,19.6
2142,NSW,SYDNEY,22.4
2143,NSW,SYDNEY,21.7
2144,NSW,SYDNEY,21.2
2145,NSW,SYDNEY,28.0
2146,NSW,SYDNEY,28.5
2147,NSW,SYDNEY,31.4
2148,NSW,SYDNEY,34.0
2150,NSW,SYDNEY,23.6
2151,NSW,SYDNEY,24.0
2152,NSW,SYDNEY,25.5
2153,NSW,SYDNEY,30.4
2154,NSW,SYDNEY,27.6
2155,NSW,SYDNEY,33.4
2156,NSW,SYDNEY,34.5
2157,NSW,SYDNEY,37.7
2158,NSW,SYDNEY,27.8
2159,NSW,SYDNEY,39.1
2160,NSW,SYDNEY,26.0
2161,NSW,SYDNEY,25.2
2162,NSW,SYDNEY,23.5
2163,NSW,SYDNEY,25.8
2164,NSW,SYDNEY,34.8
2165,NSW,SYDNEY,28.6
2166,NSW,SYDNEY,30.4
2167,NSW,SYDNEY,36.0
2168,NSW,SYDNEY,35.7
2170,NSW,SYDNEY,31.7
2171,NSW,SYDNEY,33.2
2172,NSW,SYDNEY,32.9
2173,NSW,SYDNEY,39.2
2174,NSW,SYDNEY,39.1
2175,NSW,SYDNEY,37.8
2176,NSW,SYDNEY,34.3
2177,NSW,SYDNEY,34.8
2178,NSW,SYDNEY,38.7
2179,NSW,SYDNEY,41.8
2190,NSW,SYDNEY,19.4
2191,NSW,SYDNEY,16.6
2192,NSW,SYDNEY,16.8
2193,NSW,SYDNEY,13.7
2194,NSW,SYDNEY,15.7
2195,NSW,SYDNEY,18.0
2196,NSW,SYDNEY,19.9
2197,NSW,SYDNEY,24.3
2198,NSW,SYDNEY,25.5
2199,NSW,SYDNEY,22.1
2200,NSW,SYDNEY,23.8
2203,NSW,SYDNEY,11.9
2204,NSW,SYDNEY,11.0
2205,NSW,SYDNEY,13.2
2206,NSW,SYDNEY,14.4
2207,NSW,SYDNEY,16.0
2208,NSW,SYDNEY,17.3
2209,NSW,SYDNEY,19.4
2210,NSW,SYDNEY,21.9
2211,NSW,SYDNEY,23.6
2212,NSW,SYDNEY,24.4
2213,NSW,SYDNEY,26.5
2214,NSW,SYDNEY,26.9
2216,NSW,SYDNEY,14.7
2217,NSW,SYDNEY,16.6
2218,NSW,SYDNEY,18.0
2219,NSW,SYDNEY,19.0
2220,NSW,SYDNEY,18.6
2221,NSW,SYDNEY,20.2
2222,NSW,SYDNEY,19.7
2223,NSW,SYDNEY,21.7
2224,NSW,SYDNEY,22.3
2225,NSW,SYDNEY,21.8
2226,NSW,SYDNEY,24.3
2227,NSW,SYDNEY,26.4
2228,NSW,SYDNEY,24.4
2229,NSW,SYDNEY,25.1
2230,NSW,SYDNEY,27.1
2231,NSW,SYDNEY,19.8
2232,NSW,SYDNEY,29.8
2233,NSW,SYDNEY,35.3
2234,NSW,SYDNEY,29.4
2250,NSW,GOSFORD,0.5
2251,NSW,AVALON,18.5
2252,NSW,GOSFORD,4.2
2256,NSW,AVALON,17.0
2257,NSW,AVALON,13.6
2258,NSW,WYONG,14.2
2259,NSW,WYONG,1.9
2260,NSW,WYONG,24.7
2261,NSW,WYONG,17.8
2262,NSW,WYONG,15.0
2263,NSW,WYONG,18.7
2264,NSW,WYONG,18.5
2265,NSW,WYONG,13.0
2267,NSW,WYONG,24.2
2278,NSW,NEWCASTLE,17.5
2280,NSW,NEWCASTLE,14.5
2281,NSW,NEWCASTLE,21.1
2282,NSW,NEWCASTLE,13.3
2283,NSW,NEWCASTLE,21.6
2284,NSW,NEWCASTLE,14.8
2285,NSW,NEWCASTLE,11.8
2286,NSW,MAITLAND,20.2
2287,NSW,NEWCASTLE,11.9
2289,NSW,NEWCASTLE,6.6
2290,NSW,NEWCASTLE,8.8
2291,NSW,NEWCASTLE,3.9
2292,NSW,NEWCASTLE,3.5
2293,NSW,NEWCASTLE,2.7
2294,NSW,NEWCASTLE,2.0
2295,NSW,NEWCASTLE,6.2
2296,NSW,NEWCASTLE,3.5
2297,NSW,NEWCASTLE,3.6
2298,NSW,NEWCASTLE,6.0
2299,NSW,NEWCASTLE,7.6
2300,NSW,NEWCASTLE,0.0
2302,NSW,NEWCASTLE,2.4
2303,NSW,NEWCASTLE,3.2
2304,NSW,NEWCASTLE,6.8
2305,NSW,NEWCASTLE,6.7
2306,NSW,NEWCASTLE,11.2
2307,NSW,NEWCASTLE,9.9
2308,NSW,NEWCASTLE,8.7
2309,NSW,COONAMBLE,75.8
2310,NSW,GLOUCESTER,29.0
2311,NSW,MAITLAND,46.1
2312,NSW,FORSTER,11.1
2315,NSW,SALAMANDER BAY,11.3
2316,NSW,SALAMANDER BAY,6.3
2317,NSW,SALAMANDER BAY,0.0
2318,NSW,NEWCASTLE,19.3
2319,NSW,SALAMANDER BAY,5.0
2320,NSW,MAITLAND,0.0
2321,NSW,MAITLAND,15.9
2322,NSW,MAITLAND,12.9
2323,NSW,MAITLAND,5.8
2324,NSW,SALAMANDER BAY,24.3
2325,NSW,WYONG,27.3
2326,NSW,MAITLAND,9.8
2327,NSW,MAITLAND,10.3
2328,NSW,MUSWELLBROOK,38.7
2329,NSW,MUSWELLBROOK,53.3
2330,NSW,SINGLETON,1.1
2331,NSW,SINGLETON,20.2
2333,NSW,MUSWELLBROOK,0.0
2334,NSW,MAITLAND,14.9
2335,NSW,MAITLAND,23.3
2336,NSW,SCONE,20.1
2337,NSW,SCONE,1.0
2338,NSW,SCONE,26.2
2339,NSW,SCONE,51.9
2340,NSW,TAMWORTH,0.7
2341,NSW,TAMWORTH,50.1
2342,NSW,GUNNEDAH,35.5
2343,NSW,GUNNEDAH,69.0
2344,NSW,TAMWORTH,42.7
2345,NSW,TAMWORTH,57.9
2346,NSW,GUNNEDAH,65.5
2347,NSW,GUNNEDAH,91.3
2348,NSW,,
2350,NSW,ARMIDALE,2.1
2352,NSW,TAMWORTH,29.2
2353,NSW,TAMWORTH,40.2
2354,NSW,TAMWORTH,61.1
2355,NSW,TAMWORTH,62.1
2356,NSW,COONAMBLE,69.6
2357,NSW,COONABARABRAN,11.2
2358,NSW,ARMIDALE,58.5
2359,NSW,INVERELL,65.5
2360,NSW,INVERELL,1.5
2361,NSW,INVERELL,48.0
2365,NSW,ARMIDALE,47.6
2369,NSW,INVERELL,40.7
2370,NSW,INVERELL,66.5
2371,NSW,TENTERFIELD,36.2
2372,NSW,TENTERFIELD,3.4
2379,NSW,COONABARABRAN,41.8
2380,NSW,GUNNEDAH,0.0
2381,NSW,GUNNEDAH,33.0
2382,NSW,GUNNEDAH,50.2
2386,NSW,MOREE,78.6
2387,NSW,MOREE,55.1
2388,NSW,COONAMBLE,80.2
2390,NSW,GUNNEDAH,85.2
2395,NSW,COONABARABRAN,45.7
2396,NSW,COONABARABRAN,45.0
2397,NSW,MOREE,51.3
2398,NSW,MOREE,43.8
2399,NSW,MOREE,74.0
2400,NSW,MOREE,0.0
2401,NSW,INVERELL,80.3
2402,NSW,INVERELL,63.0
2403,NSW,INVERELL,36.6
2404,NSW,INVERELL,70.0
2405,NSW,MOREE,67.0
2406,NSW,MOREE,88.3
2408,NSW,INVERELL,91.2
2409,NSW,GOONDIWINDI,56.4
2410,NSW,GOONDIWINDI,74.6
2411,NSW,MOREE,90.5
2415,NSW,GLOUCESTER,33.9
2420,NSW,GLOUCESTER,37.6
2421,NSW,MAITLAND,17.7
2422,NSW,GLOUCESTER,1.4
2423,NSW,FORSTER,25.8
2424,NSW,GLOUCESTER,38.0
2425,NSW,SALAMANDER BAY,34.4
2426,NSW,TAREE,12.6
2427,NSW,TAREE,18.4
2428,NSW,FORSTER,1.1
2429,NSW,TAREE,25.0
2430,NSW,TAREE,7.9
2431,NSW,PORT MACQUARIE,59.7
2439,NSW,PORT MACQUARIE,29.8
2440,NSW,KEMPSEY,1.5
2441,NSW,KEMPSEY,57.7
2443,NSW,TAREE,29.8
2444,NSW,PORT MACQUARIE,0.0
2445,NSW,PORT MACQUARIE,17.2
2446,NSW,WAUCHOPE,0.6
2447,NSW,KEMPSEY,49.6
2448,NSW,KEMPSEY,26.2
2449,NSW,DORRIGO,33.7
2450,NSW,COFFS HARBOUR,36.7
2452,NSW,KEMPSEY,6.3
2453,NSW,DORRIGO,3.3
2454,NSW,KEMPSEY,21.1
2455,NSW,KEMPSEY,17.9
2456,NSW,COFFS HARBOUR,25.8
2460,NSW,GRAFTON,4.7
2462,NSW,YAMBA,40.9
2463,NSW,GRAFTON,16.7
2464,NSW,YAMBA,0.7
2465,NSW,GRAFTON,10.5
2466,NSW,YAMBA,8.7
2469,NSW,GRAFTON,39.5
2470,NSW,LISMORE,53.1
2471,NSW,GRAFTON,32.0
2472,NSW,GRAFTON,18.4
2473,NSW,GRAFTON,23.8
2474,NSW,LISMORE,41.6
2475,NSW,WARWICK,45.6
2476,NSW,BOONAH,29.7
2477,NSW,LISMORE,28.3
2478,NSW,BYRON BAY,22.8
2479,NSW,BYRON BAY,9.3
2480,NSW,LISMORE,0.3
2481,NSW,BYRON BAY,0.2
2482,NSW,BYRON BAY,20.8
2483,NSW,MURWILLUMBAH,19.6
2484,NSW,MURWILLUMBAH,0.3
2485,NSW,TWEED HEADS,0.0
2486,NSW,TWEED HEADS,5.4
2487,NSW,TWEED HEADS,11.1
2488,NSW,TWEED HEADS,17.7
2489,NSW,TWEED HEADS,22.8
2490,NSW,TWEED HEADS,11.1
2500,NSW,WOLLONGONG,0.1
2502,NSW,WOLLONGONG,8.0
2505,NSW,WOLLONGONG,8.0
2506,NSW,WOLLONGONG,7.5
2508,NSW,WOLLONGONG,23.8
2515,NSW,WOLLONGONG,14.6
2516,NSW,WOLLONGONG,10.5
2517,NSW,WOLLONGONG,8.4
2518,NSW,WOLLONGONG,5.7
2519,NSW,WOLLONGONG,16.9
2525,NSW,WOLLONGONG,5.3
2526,NSW,WOLLONGONG,9.6
2527,NSW,ALBION PARK,0.3
2528,NSW,ALBION PARK,10.0
2529,NSW,ALBION PARK,8.4
2530,NSW,ALBION PARK,8.9
2533,NSW,ALBION PARK,6.9
2534,NSW,ALBION PARK,17.8
2535,NSW,SUSSEX INLET,12.5
2536,NSW,BATEMANS BAY,1.3
2537,NSW,BATEMANS BAY,35.5
2538,NSW,ULLADULLA,18.7
2539,NSW,ULLADULLA,4.2
2540,NSW,SUSSEX INLET,3.8
2541,NSW,NOWRA,3.8
2545,NSW,BATEMANS BAY,59.0
2546,NSW,BATEMANS BAY,66.8
2548,NSW,BEGA,22.2
2549,NSW,BEGA,27.5
2550,NSW,BEGA,0.2
2551,NSW,BEGA,59.4
2555,NSW,SYDNEY,47.6
2556,NSW,SYDNEY,49.3
2557,NSW,SYDNEY,46.9
2558,NSW,SYDNEY,46.3
2559,NSW,SYDNEY,47.7
2560,NSW,SYDNEY,58.5
2563,NSW,SYDNEY,54.0
2564,NSW,SYDNEY,36.7
2565,NSW,SYDNEY,40.4
2566,NSW,SYDNEY,42.5
2567,NSW,SYDNEY,51.0
2568,NSW,SYDNEY,59.0
2569,NSW,SYDNEY,62.8
2570,NSW,SYDNEY,71.0
2571,NSW,SYDNEY,69.5
2572,NSW,SYDNEY,74.2
2573,NSW,SYDNEY,73.6
2574,NSW,SYDNEY,79.9
2575,NSW,MOSS VALE,26.6
2576,NSW,MOSS VALE,11.5
2577,NSW,MOSS VALE,1.7
2578,NSW,MOSS VALE,17.2
2579,NSW,MOSS VALE,28.8
2580,NSW,GOULBURN,3.6
2581,NSW,GOULBURN,40.7
2582,NSW,CANBERRA,52.7
2583,NSW,CROOKWELL,2.7
2584,NSW,COOTAMUNDRA,60.2
2585,NSW,YOUNG,52.2
2586,NSW,CROOKWELL,46.6
2587,NSW,YOUNG,40.7
2588,NSW,COOTAMUNDRA,35.2
2590,NSW,COOTAMUNDRA,0.0
2594,NSW,YOUNG,2.5
2600,ACT,CANBERRA,4.2
2601,ACT,CANBERRA,4.2
2602,ACT,CANBERRA,4.3
2603,ACT,CANBERRA,5.4
2604,ACT,CANBERRA,5.3
2605,ACT,CANBERRA,7.8
2606,ACT,CANBERRA,9.3
2607,ACT,CANBERRA,10.6
2609,ACT,CANBERRA,2.9
2610,ACT,CANBERRA,2.7
2611,ACT,CANBERRA,28.1
2612,ACT,CANBERRA,3.0
2614,ACT,CANBERRA,10.4
2615,ACT,CANBERRA,14.6
2617,ACT,CANBERRA,9.1
2618,NSW,CANBERRA,20.9
2619,NSW,CANBERRA,10.4
2620,NSW,CANBERRA,9.1
2621,NSW,BUNGENDORE,0.0
2622,NSW,BUNGENDORE,31.2
2623,NSW,BUNGENDORE,9.9
2624,NSW,CORRYONG,54.6
2625,NSW,CORRYONG,25.1
2626,NSW,COOMA,26.5
2627,NSW,CORRYONG,28.2
2628,NSW,COOMA,38.9
2629,NSW,COOMA,42.0
2630,NSW,COOMA,0.9
2631,NSW,BEGA,42.1
2632,NSW,BEGA,52.9
2633,NSW,ORBOST,58.5
2640,NSW,ALBURY,0.0
2641,NSW,ALBURY,9.0
2642,NSW,CORRYONG,70.1
2643,NSW,RUTHERGLEN,18.8
2644,NSW,ALBURY,44.7
2645,NSW,COROWA,49.5
2646,NSW,COROWA,2.1
2647,NSW,YARRAWONGA,16.3
2648,NSW,MILDURA,81.8
2649,NSW,TUMUT,36.7
2650,NSW,WAGGA WAGGA,0.8
2651,NSW,WAGGA WAGGA,12.6
2652,NSW,WAGGA WAGGA,33.0
2653,NSW,TUMUT,52.9
2655,NSW,WAGGA WAGGA,34.3
2656,NSW,COROWA,61.6
2658,NSW,ALBURY,53.6
2659,NSW,COROWA,43.2
2660,NSW,ALBURY,35.5
2663,NSW,COOTAMUNDRA,29.4
2665,NSW,GRIFFITH,88.5
2666,NSW,COOTAMUNDRA,38.2
2668,NSW,GRENFELL,64.6
2669,NSW,GRIFFITH,89.3
2671,NSW,GRENFELL,73.3
2672,NSW,,
2675,NSW,,
2678,NSW,WAGGA WAGGA,2.8
2680,NSW,GRIFFITH,0.0
2681,NSW,GRIFFITH,31.2
2700,NSW,GRIFFITH,72.5
2701,NSW,WAGGA WAGGA,35.8
2702,NSW,WAGGA WAGGA,40.3
2703,NSW,GRIFFITH,52.6
2705,NSW,GRIFFITH,46.1
2706,NSW,GRIFFITH,27.7
2707,NSW,GRIFFITH,50.7
2708,NSW,KYABRAM,65.5
2710,NSW,BARHAM,71.1
2711,NSW,HAY,25.1
2712,NSW,YARRAWONGA,34.3
2713,NSW,YARRAWONGA,66.0
2714,NSW,YARRAWONGA,61.0
2715,NSW,ROBINVALE,73.1
2716,NSW,COROWA,82.8
2717,NSW,MILDURA,13.4
2720,NSW,TUMUT,1.1
2721,NSW,GRENFELL,35.5
2722,NSW,COOTAMUNDRA,41.0
2725,NSW,COOTAMUNDRA,30.5
2726,NSW,COOTAMUNDRA,38.6
2727,NSW,TUMUT,44.9
2729,NSW,TUMUT,45.0
2730,NSW,TUMUT,34.8
2731,NSW,ECHUCA,32.3
2732,NSW,BARHAM,7.9
2733,NSW,BARHAM,58.9
2734,NSW,SWAN HILL,55.5
2735,NSW,SWAN HILL,25.7
2736,NSW,SWAN HILL,42.8
2737,NSW,ROBINVALE,21.9
2738,NSW,MILDURA,12.1
2739,NSW,MILDURA,4.3
2745,NSW,SYDNEY,54.0
2747,NSW,SYDNEY,50.2
2748,NSW,SYDNEY,49.6
2749,NSW,SYDNEY,55.5
2750,NSW,SYDNEY,54.7
2752,NSW,SYDNEY,62.7
2753,NSW,SYDNEY,61.9
2754,NSW,SYDNEY,59.3
2756,NSW,SYDNEY,56.1
2757,NSW,SYDNEY,62.3
2758,NSW,SYDNEY,73.9
2759,NSW,SYDNEY,44.1
2760,NSW,SYDNEY,45.4
2761,NSW,SYDNEY,40.0
2762,NSW,SYDNEY,38.8
2763,NSW,SYDNEY,36.2
2765,NSW,SYDNEY,44.5
2766,NSW,SYDNEY,37.9
2767,NSW,SYDNEY,37.2
2768,NSW,SYDNEY,33.7
2769,NSW,SYDNEY,36.7
2770,NSW,SYDNEY,42.8
2773,NSW,SYDNEY,59.1
2774,NSW,SYDNEY,59.7
2775,NSW,SYDNEY,68.0
2776,NSW,SYDNEY,68.5
2777,NSW,SYDNEY,64.5
2778,NSW,SYDNEY,72.8
2779,NSW,SYDNEY,75.2
2780,NSW,KATOOMBA,0.0
2782,NSW,SYDNEY,83.6
2783,NSW,SYDNEY,77.7
2784,NSW,SYDNEY,79.8
2785,NSW,SYDNEY,99.8
2786,NSW,SYDNEY,94.2
2787,NSW,SYDNEY,101.7
2790,NSW,LITHGOW,9.9
2791,NSW,BATHURST,35.3
2792,NSW,BATHURST,41.9
2793,NSW,COWRA,27.9
2794,NSW,COWRA,0.0
2795,NSW,BATHURST,0.5
2797,NSW,COWRA,42.1
2798,NSW,ORANGE,25.7
2799,NSW,BATHURST,33.7
2800,NSW,ORANGE,1.3
2803,NSW,COWRA,33.6
2804,NSW,COWRA,40.0
2805,NSW,COWRA,35.7
2806,NSW,PARKES,42.5
2807,NSW,COWRA,18.0
2808,NSW,CROOKWELL,32.4
2809,NSW,COWRA,23.0
2810,NSW,GRENFELL,0.0
2817,NSW,COONABARABRAN,44.6
2818,NSW,WELLINGTON,24.3
2820,NSW,WELLINGTON,1.9
2821,NSW,DUBBO,51.5
2822,NSW,DUBBO,34.1
2823,NSW,DUBBO,79.2
2824,NSW,COONAMBLE,79.6
2825,NSW,,
2826,NSW,,
2827,NSW,DUBBO,67.7
2828,NSW,COONABARABRAN,62.1
2829,NSW,COONAMBLE,7.9
2830,NSW,DUBBO,0.4
2831,NSW,,
2832,NSW,BREWARRINA,96.2
2833,NSW,,
2834,NSW,,
2835,NSW,COBAR,0.0
2836,NSW,,
2838,NSW,BREWARRINA,73.0
2839,NSW,BREWARRINA,10.8
2840,NSW,BOURKE,13.9
2842,NSW,COONABARABRAN,54.9
2843,NSW,COONABARABRAN,82.8
2844,NSW,DUBBO,71.7
2845,NSW,LITHGOW,31.1
2846,NSW,LITHGOW,34.6
2847,NSW,LITHGOW,37.4
2848,NSW,MUDGEE,41.5
2849,NSW,MUDGEE,42.8
2850,NSW,MUDGEE,0.0
2852,NSW,MUDGEE,46.0
2864,NSW,ORANGE,37.6
2865,NSW,ORANGE,45.2
2866,NSW,ORANGE,32.0
2867,NSW,PARKES,48.5
2868,NSW,WELLINGTON,42.6
2869,NSW,PARKES,51.0
2870,NSW,PARKES,0.0
2871,NSW,GRENFELL,52.1
2873,NSW,,
2874,NSW,PARKES,74.8
2875,NSW,PARKES,53.9
2876,NSW,PARKES,40.6
2877,NSW,,
2878,NSW,,
2879,NSW,,
2880,NSW,BROKEN HILL,21.1
2890,NSW,MUDGEE,52.7
2898,NSW,,
2899,NSW,ALBURY,11.6
2900,ACT,CANBERRA,16.7
2901,ACT,CANBERRA,16.6
2902,ACT,CANBERRA,14.1
2903,ACT,CANBERRA,14.3
2904,ACT,CANBERRA,14.1
2905,ACT,CANBERRA,16.3
2906,ACT,CANBERRA,19.6
2911,ACT,CANBERRA,8.2
2912,ACT,CANBERRA,13.4
2913,ACT,CANBERRA,11.6
2914,ACT,CANBERRA,13.6
3000,VIC,MEL CENTRAL,0.0
3002,VIC,MELBOURNE,0.0
3003,VIC,MELBOURNE,2.9
3004,VIC,MELBOURNE,2.0
3005,VIC,MELBOURNE,3.0
3006,VIC,MELBOURNE,2.3
3008,VIC,MELBOURNE,3.0
3010,VIC,MELBOURNE,2.8
3011,VIC,MELBOURNE,6.6
3012,VIC,MELBOURNE,10.7
3013,VIC,MELBOURNE,8.2
3015,VIC,MELBOURNE,9.3
3016,VIC,MELBOURNE,9.9
3018,VIC,MELBOURNE,15.8
3019,VIC,MELBOURNE,11.8
3020,VIC,MELBOURNE,14.2
3021,VIC,MELBOURNE,18.1
3022,VIC,MELBOURNE,16.7
3023,VIC,MELBOURNE,19.3
3024,VIC,MELBOURNE,35.8
3025,VIC,MELBOURNE,12.8
3026,VIC,MELBOURNE,24.9
3027,VIC,MELBOURNE,22.9
3028,VIC,MELBOURNE,19.3
3029,VIC,MELBOURNE,24.4
3030,VIC,WERRIBEE,0.0
3031,VIC,MELBOURNE,5.8
3032,VIC,MELBOURNE,8.7
3033,VIC,MELBOURNE,13.7
3034,VIC,MELBOURNE,12.1
3036,VIC,MELBOURNE,18.6
3037,VIC,MELBOURNE,20.9
3038,VIC,MELBOURNE,22.8
3039,VIC,MELBOURNE,7.5
3040,VIC,MELBOURNE,9.9
3041,VIC,MELBOURNE,11.5
3042,VIC,MELBOURNE,13.5
3043,VIC,MELBOURNE,15.9
3044,VIC,MELBOURNE,10.1
3045,VIC,MELBOURNE,20.2
3046,VIC,MELBOURNE,12.9
3047,VIC,MELBOURNE,15.5
3048,VIC,MELBOURNE,18.6
3049,VIC,MELBOURNE,17.7
3050,VIC,MELBOURNE,2.9
3051,VIC,MELBOURNE,3.8
3052,VIC,MELBOURNE,4.1
3053,VIC,MELBOURNE,1.9
3054,VIC,MELBOURNE,3.3
3055,VIC,MELBOURNE,6.7
3056,VIC,MELBOURNE,5.7
3057,VIC,MELBOURNE,4.9
3058,VIC,MELBOURNE,8.4
3059,VIC,MELBOURNE,21.4
3060,VIC,MELBOURNE,12.0
3061,VIC,MELBOURNE,16.6
3062,VIC,MELBOURNE,20.6
3063,VIC,MELBOURNE,26.8
3064,VIC,MELBOURNE,30.0
3065,VIC,MELBOURNE,1.4
3066,VIC,MELBOURNE,1.1
3067,VIC,MELBOURNE,1.8
3068,VIC,MELBOURNE,2.6
3070,VIC,MELBOURNE,4.7
3071,VIC,MELBOURNE,6.5
3072,VIC,MELBOURNE,8.3
3073,VIC,MELBOURNE,11.5
3074,VIC,MELBOURNE,14.6
3075,VIC,MELBOURNE,16.6
3076,VIC,MELBOURNE,19.3
3078,VIC,MELBOURNE,5.5
3079,VIC,MELBOURNE,7.4
3081,VIC,MELBOURNE,9.7
3082,VIC,MELBOURNE,18.2
3083,VIC,MELBOURNE,14.1
3084,VIC,MELBOURNE,11.7
3085,VIC,MELBOURNE,12.6
3086,VIC,MELBOURNE,11.8
3087,VIC,MELBOURNE,14.4
3088,VIC,MELBOURNE,17.4
3089,VIC,MELBOURNE,22.0
3090,VIC,MELBOURNE,19.6
3091,VIC,MELBOURNE,23.9
3093,VIC,MELBOURNE,14.3
3094,VIC,MELBOURNE,16.3
3095,VIC,MELBOURNE,19.1
3096,VIC,MELBOURNE,24.0
3097,VIC,MELBOURNE,25.0
3099,VIC,MELBOURNE,30.9
3101,VIC,MELBOURNE,4.8
3102,VIC,MELBOURNE,6.5
3103,VIC,MELBOURNE,7.7
3104,VIC,MELBOURNE,9.0
3105,VIC,MELBOURNE,10.1
3106,VIC,MELBOURNE,15.4
3107,VIC,MELBOURNE,12.5
3108,VIC,MELBOURNE,13.0
3109,VIC,MELBOURNE,16.1
3111,VIC,MELBOURNE,18.0
3113,VIC,MELBOURNE,20.7
3114,VIC,MELBOURNE,20.6
3115,VIC,MELBOURNE,26.5
3116,VIC,MELBOURNE,30.3
3121,VIC,MELBOURNE,2.0
3122,VIC,MELBOURNE,4.3
3123,VIC,MELBOURNE,6.1
3124,VIC,MELBOURNE,8.1
3125,VIC,MELBOURNE,11.2
3126,VIC,MELBOURNE,8.3
3127,VIC,MELBOURNE,10.1
3128,VIC,MELBOURNE,12.4
3129,VIC,MELBOURNE,12.5
3130,VIC,MELBOURNE,14.7
3131,VIC,MELBOURNE,16.9
3132,VIC,MELBOURNE,18.8
3133,VIC,MELBOURNE,18.8
3134,VIC,MELBOURNE,22.5
3135,VIC,MELBOURNE,23.3
3136,VIC,MELBOURNE,26.6
3137,VIC,MELBOURNE,29.1
3138,VIC,MELBOURNE,30.1
3139,VIC,MELBOURNE,48.3
3140,VIC,MELBOURNE,34.0
3141,VIC,MELBOURNE,3.0
3142,VIC,MELBOURNE,4.5
3143,VIC,MELBOURNE,5.9
3144,VIC,MELBOURNE,6.6
3145,VIC,MELBOURNE,8.8
3146,VIC,MELBOURNE,8.1
3147,VIC,MELBOURNE,11.4
3148,VIC,MELBOURNE,12.3
3149,VIC,MELBOURNE,14.8
3150,VIC,MELBOURNE,18.5
3151,VIC,MELBOURNE,15.5
3152,VIC,MELBOURNE,21.7
3153,VIC,MELBOURNE,25.5
3154,VIC,MELBOURNE,29.8
3155,VIC,MELBOURNE,27.0
3156,VIC,MELBOURNE,29.6
3158,VIC,MELBOURNE,31.8
3159,VIC,MELBOURNE,37.6
3160,VIC,MELBOURNE,35.0
3161,VIC,MELBOURNE,7.4
3162,VIC,MELBOURNE,9.4
3163,VIC,MELBOURNE,11.2
3165,VIC,MELBOURNE,13.8
3166,VIC,MELBOURNE,13.6
3167,VIC,MELBOURNE,15.2
3168,VIC,MELBOURNE,16.8
3169,VIC,MELBOURNE,18.6
3170,VIC,MELBOURNE,20.1
3171,VIC,MELBOURNE,21.1
3172,VIC,MELBOURNE,22.4
3173,VIC,MELBOURNE,26.7
3174,VIC,MELBOURNE,24.1
3175,VIC,MELBOURNE,29.9
3176,VIC,MELBOURNE,23.7
3177,VIC,MELBOURNE,29.8
3178,VIC,MELBOURNE,25.8
3179,VIC,MELBOURNE,23.0
3180,VIC,MELBOURNE,24.8
3181,VIC,MELBOURNE,4.6
3182,VIC,MELBOURNE,5.7
3183,VIC,MELBOURNE,6.2
3184,VIC,MELBOURNE,7.5
3185,VIC,MELBOURNE,8.8
3186,VIC,MELBOURNE,11.3
3187,VIC,MELBOURNE,12.6
3188,VIC,MELBOURNE,14.0
3189,VIC,MELBOURNE,15.3
3190,VIC,MELBOURNE,16.0
3191,VIC,MELBOURNE,16.0
3192,VIC,MELBOURNE,18.2
3193,VIC,MELBOURNE,18.8
3194,VIC,MELBOURNE,20.4
3195,VIC,MELBOURNE,23.9
3196,VIC,MELBOURNE,28.6
3197,VIC,MELBOURNE,31.7
3198,VIC,MELBOURNE,34.9
3199,VIC,ROSEBUD,35.9
3200,VIC,MELBOURNE,37.9
3201,VIC,MELBOURNE,35.4
3202,VIC,MELBOURNE,18.9
3204,VIC,MELBOURNE,12.4
3205,VIC,MELBOURNE,2.9
3206,VIC,MELBOURNE,4.5
3207,VIC,MELBOURNE,6.0
3211,VIC,MELBOURNE,44.9
3212,VIC,GEELONG,14.6
3213,VIC,BANNOCKBURN,8.8
3214,VIC,GEELONG,8.0
3215,VIC,GEELONG,5.2
3216,VIC,GEELONG,6.6
3217,VIC,GEELONG,11.9
3218,VIC,GEELONG,7.1
3219,VIC,GEELONG,4.2
3220,VIC,GEELONG,0.0
3221,VIC,GEELONG,7.6
3222,VIC,GEELONG,19.9
3223,VIC,WERRIBEE,25.5
3224,VIC,GEELONG,9.3
3225,VIC,GEELONG,26.6
3226,VIC,GEELONG,19.5
3227,VIC,GEELONG,13.0
3228,VIC,GEELONG,17.2
3230,VIC,GEELONG,31.7
3231,VIC,GEELONG,40.9
3232,VIC,COLAC,42.4
3233,VIC,COLAC,41.6
3234,VIC,COLAC,43.0
3235,VIC,COLAC,32.9
3236,VIC,COLAC,25.9
3237,VIC,COLAC,46.1
3238,VIC,COLAC,54.0
3239,VIC,COLAC,30.5
3240,VIC,GEELONG,19.1
3241,VIC,COLAC,29.5
3242,VIC,COLAC,14.1
3243,VIC,COLAC,21.8
3249,VIC,COLAC,9.0
3250,VIC,COLAC,0.0
3251,VIC,COLAC,18.2
3254,VIC,COLAC,6.0
3260,VIC,COLAC,31.8
3264,VIC,WARRNAMBOOL,38.6
3265,VIC,WARRNAMBOOL,46.7
3266,VIC,COLAC,40.7
3267,VIC,COLAC,48.8
3268,VIC,WARRNAMBOOL,40.1
3269,VIC,COLAC,52.6
3270,VIC,WARRNAMBOOL,41.9
3271,VIC,WARRNAMBOOL,70.1
3272,VIC,WARRNAMBOOL,54.7
3273,VIC,WARRNAMBOOL,46.9
3274,VIC,WARRNAMBOOL,46.5
3275,VIC,WARRNAMBOOL,8.8
3276,VIC,WARRNAMBOOL,29.3
3277,VIC,WARRNAMBOOL,15.5
3278,VIC,WARRNAMBOOL,13.8
3279,VIC,WARRNAMBOOL,23.8
3280,VIC,WARRNAMBOOL,0.0
3281,VIC,WARRNAMBOOL,18.9
3282,VIC,WARRNAMBOOL,16.8
3283,VIC,WARRNAMBOOL,15.3
3284,VIC,WARRNAMBOOL,33.9
3285,VIC,WARRNAMBOOL,38.3
3286,VIC,HAMILTON,30.4
3287,VIC,WARRNAMBOOL,38.2
3289,VIC,HAMILTON,26.3
3292,VIC,MOUNT GAMBIER,32.2
3293,VIC,HAMILTON,46.2
3294,VIC,HAMILTON,32.4
3300,VIC,HAMILTON,0.0
3301,VIC,HAMILTON,41.8
3302,VIC,HAMILTON,29.4
3303,VIC,HAMILTON,32.9
3304,VIC,PORTLAND,45.4
3305,VIC,PORTLAND,0.0
3309,VIC,HAMILTON,45.1
3310,VIC,HAMILTON,41.0
3311,VIC,MOUNT GAMBIER,63.1
3312,VIC,HAMILTON,58.1
3314,VIC,HAMILTON,21.8
3315,VIC,HAMILTON,46.7
3317,VIC,HORSHAM,68.3
3318,VIC,NARACOORTE,73.4
3319,VIC,NARACOORTE,50.2
3321,VIC,BANNOCKBURN,27.8
3322,VIC,COLAC,35.1
3323,VIC,COLAC,32.2
3324,VIC,COLAC,45.0
3325,VIC,COLAC,59.6
3328,VIC,BANNOCKBURN,13.7
3329,VIC,BANNOCKBURN,29.4
3330,VIC,BALLARAT,39.6
3331,VIC,BANNOCKBURN,0.0
3332,VIC,BANNOCKBURN,14.4
3333,VIC,BANNOCKBURN,23.7
3334,VIC,BALLARAT,28.4
3335,VIC,MELBOURNE,29.8
3336,VIC,MELTON,12.9
3337,VIC,MELTON,0.4
3338,VIC,MELBOURNE,37.3
3340,VIC,MELBOURNE,52.7
3341,VIC,MELBOURNE,65.1
3342,VIC,MELTON,29.3
3345,VIC,BALLARAT,22.9
3350,VIC,BALLARAT,0.4
3351,VIC,BALLARAT,28.8
3352,VIC,BALLARAT,20.1
3355,VIC,BALLARAT,5.8
3356,VIC,BALLARAT,3.9
3357,VIC,BALLARAT,9.3
3358,VIC,BALLARAT,6.4
3360,VIC,BALLARAT,36.8
3361,VIC,BALLARAT,47.7
3363,VIC,BALLARAT,16.6
3364,VIC,CLUNES,12.7
3370,VIC,CLUNES,1.7
3371,VIC,CLUNES,16.1
3373,VIC,CLUNES,47.6
3374,VIC,ST ARNAUD,65.1
3375,VIC,CLUNES,62.4
3377,VIC,ST ARNAUD,63.8
3378,VIC,BALLARAT,77.6
3379,VIC,HAMILTON,50.6
3380,VIC,ST ARNAUD,58.6
3381,VIC,ST ARNAUD,58.3
3384,VIC,ST ARNAUD,37.2
3385,VIC,HORSHAM,49.2
3387,VIC,ST ARNAUD,34.6
3388,VIC,ST ARNAUD,48.9
3390,VIC,HORSHAM,44.3
3391,VIC,HOPETOUN,43.2
3392,VIC,ST ARNAUD,58.8
3393,VIC,HOPETOUN,60.5
3395,VIC,HOPETOUN,25.7
3396,VIC,HOPETOUN,0.0
3399,VIC,HORSHAM,33.4
3400,VIC,HORSHAM,14.6
3401,VIC,HORSHAM,11.0
3407,VIC,HAMILTON,49.8
3409,VIC,HORSHAM,24.2
3412,VIC,HORSHAM,65.0
3413,VIC,NARACOORTE,63.6
3414,VIC,HORSHAM,46.2
3415,VIC,BORDERTOWN,52.7
3418,VIC,BORDERTOWN,68.6
3419,VIC,BORDERTOWN,28.4
3420,VIC,BORDERTOWN,32.2
3423,VIC,HOPETOUN,58.0
3424,VIC,HOPETOUN,36.0
3427,VIC,MELBOURNE,30.7
3428,VIC,MELBOURNE,29.0
3429,VIC,MELBOURNE,35.4
3430,VIC,MELBOURNE,38.8
3431,VIC,MELBOURNE,45.6
3432,VIC,MELBOURNE,44.0
3433,VIC,MELBOURNE,49.0
3434,VIC,MELBOURNE,55.1
3435,VIC,MELBOURNE,73.7
3437,VIC,MELBOURNE,54.0
3438,VIC,MELBOURNE,51.9
3440,VIC,MELBOURNE,58.9
3441,VIC,MELBOURNE,57.0
3442,VIC,WOODEND,0.0
3444,VIC,KYNETON,0.0
3446,VIC,KYNETON,15.2
3447,VIC,KYNETON,19.8
3448,VIC,KYNETON,17.6
3450,VIC,KYNETON,31.7
3451,VIC,DAYLESFORD,25.9
3453,VIC,BENDIGO,20.7
3458,VIC,DAYLESFORD,18.7
3460,VIC,DAYLESFORD,0.0
3461,VIC,DAYLESFORD,7.5
3462,VIC,CLUNES,28.3
3463,VIC,BENDIGO,29.4
3464,VIC,CLUNES,26.0
3465,VIC,CLUNES,31.4
3467,VIC,CLUNES,39.2
3468,VIC,CLUNES,38.6
3469,VIC,CLUNES,48.2
3472,VIC,ST ARNAUD,42.8
3475,VIC,ST ARNAUD,25.2
3477,VIC,ST ARNAUD,7.8
3478,VIC,ST ARNAUD,0.0
3480,VIC,ST ARNAUD,47.4
3482,VIC,HOPETOUN,64.1
3483,VIC,HOPETOUN,54.7
3485,VIC,HOPETOUN,30.9
3487,VIC,HOPETOUN,34.2
3488,VIC,HOPETOUN,31.3
3489,VIC,HOPETOUN,43.5
3490,VIC,MANANGATANG,70.7
3491,VIC,HOPETOUN,32.9
3494,VIC,MILDURA,37.2
3496,VIC,MILDURA,41.3
3498,VIC,MILDURA,5.3
3500,NSW,MILDURA,0.0
3501,VIC,MILDURA,7.4
3505,VIC,MILDURA,13.9
3506,VIC,PINNAROO,70.7
3507,VIC,HOPETOUN,71.3
3509,VIC,HOPETOUN,85.7
3512,VIC,PINNAROO,42.5
3515,VIC,BENDIGO,19.2
3516,VIC,BENDIGO,27.4
3517,VIC,BENDIGO,46.9
3518,VIC,ST ARNAUD,39.7
3520,VIC,BENDIGO,57.7
3521,VIC,SEYMOUR,31.2
3522,VIC,KYNETON,20.9
3523,VIC,KYNETON,42.1
3525,VIC,ST ARNAUD,47.2
3527,VIC,KERANG,56.1
3529,VIC,KERANG,48.8
3530,VIC,SWAN HILL,43.9
3531,VIC,SWAN HILL,46.4
3533,VIC,MANANGATANG,36.1
3537,VIC,KERANG,34.7
3540,VIC,KERANG,32.0
3542,VIC,KERANG,34.3
3544,VIC,SWAN HILL,22.7
3546,VIC,MANANGATANG,1.9
3549,VIC,ROBINVALE,4.4
3550,VIC,BENDIGO,0.6
3551,VIC,BENDIGO,16.7
3554,VIC,BENDIGO,0.8
3555,VIC,BENDIGO,3.3
3556,VIC,BENDIGO,15.0
3557,VIC,BENDIGO,30.2
3558,VIC,ECHUCA,39.8
3559,VIC,KYABRAM,40.4
3561,VIC,ECHUCA,17.8
3562,VIC,ECHUCA,26.7
3563,VIC,ECHUCA,21.4
3564,VIC,ECHUCA,0.8
3565,VIC,ECHUCA,19.5
3566,VIC,ECHUCA,39.8
3567,VIC,BARHAM,43.4
3568,VIC,BARHAM,30.0
3570,VIC,BENDIGO,27.7
3571,VIC,BENDIGO,44.5
3572,VIC,ECHUCA,43.7
3573,VIC,ECHUCA,38.7
3575,VIC,KERANG,47.5
3576,VIC,KERANG,42.2
3579,VIC,KERANG,0.7
3580,VIC,BARHAM,16.3
3581,VIC,KERANG,15.6
3583,VIC,KERANG,30.3
3584,VIC,SWAN HILL,28.8
3585,VIC,SWAN HILL,0.9
3586,VIC,SWAN HILL,48.9
3588,VIC,SWAN HILL,13.5
3589,VIC,SWAN HILL,16.4
3590,VIC,SWAN HILL,18.9
3591,VIC,SWAN HILL,17.1
3594,VIC,SWAN HILL,23.4
3595,VIC,SWAN HILL,16.3
3596,VIC,SWAN HILL,25.0
3597,VIC,MANANGATANG,32.6
3599,VIC,ROBINVALE,29.7
3607,VIC,SEYMOUR,22.9
3608,VIC,SEYMOUR,35.9
3610,VIC,SHEPPARTON,26.8
3612,VIC,KYABRAM,32.2
3614,VIC,SHEPPARTON,15.4
3616,VIC,KYABRAM,20.9
3617,VIC,KYABRAM,17.7
3618,VIC,KYABRAM,11.0
3620,VIC,KYABRAM,1.4
3621,VIC,KYABRAM,12.6
3622,VIC,ECHUCA,14.9
3623,VIC,KYABRAM,21.8
3624,VIC,KYABRAM,17.5
3629,VIC,KYABRAM,16.0
3630,VIC,SHEPPARTON,0.0
3631,VIC,SHEPPARTON,12.3
3633,VIC,SHEPPARTON,9.7
3634,VIC,SHEPPARTON,17.7
3635,VIC,KYABRAM,25.7
3636,VIC,SHEPPARTON,32.6
3637,VIC,KYABRAM,34.1
3638,VIC,KYABRAM,31.7
3639,VIC,KYABRAM,29.5
3640,VIC,SHEPPARTON,41.9
3641,VIC,YARRAWONGA,52.1
3644,VIC,YARRAWONGA,32.8
3646,VIC,SHEPPARTON,31.4
3649,VIC,YARRAWONGA,25.9
3658,VIC,MELBOURNE,64.6
3659,VIC,SEYMOUR,18.5
3660,VIC,SEYMOUR,1.6
3662,VIC,SEYMOUR,29.1
3663,VIC,SEYMOUR,16.5
3664,VIC,SEYMOUR,16.1
3665,VIC,SEYMOUR,23.1
3666,VIC,SEYMOUR,37.9
3669,VIC,BENALLA,27.1
3670,VIC,BENALLA,15.0
3672,VIC,BENALLA,7.4
3673,VIC,BENALLA,7.4
3675,VIC,BENALLA,22.6
3677,VIC,WANGARATTA,0.0
3678,VIC,MOUNT BULLER,30.5
3682,VIC,RUTHERGLEN,13.6
3683,VIC,BARNAWARTHA,12.2
3685,VIC,RUTHERGLEN,0.5
3687,VIC,RUTHERGLEN,6.5
3688,VIC,BARNAWARTHA,0.0
3690,VIC,BARNAWARTHA,13.3
3691,VIC,CORRYONG,64.6
3694,VIC,ALBURY,17.8
3695,VIC,ALBURY,33.2
3697,VIC,MYRTLEFORD,34.7
3698,VIC,MYRTLEFORD,34.3
3699,VIC,MYRTLEFORD,54.0
3700,VIC,ALBURY,41.9
3701,VIC,MYRTLEFORD,52.5
3704,VIC,ALBURY,43.9
3705,VIC,CORRYONG,37.9
3707,VIC,CORRYONG,4.6
3708,VIC,CORRYONG,57.9
3709,VIC,ALBURY,60.0
3711,VIC,HEALESVILLE,26.3
3712,VIC,HEALESVILLE,42.8
3713,VIC,MOUNT BULLER,49.1
3714,VIC,SEYMOUR,43.5
3715,VIC,SEYMOUR,43.1
3717,VIC,SEYMOUR,32.0
3718,VIC,SEYMOUR,27.8
3719,VIC,SEYMOUR,31.1
3720,VIC,MOUNT BULLER,38.6
3722,VIC,MOUNT BULLER,34.3
3723,VIC,MOUNT BULLER,4.5
3725,VIC,BENALLA,23.2
3726,VIC,YARRAWONGA,31.2
3727,VIC,YARRAWONGA,21.3
3728,VIC,YARRAWONGA,10.9
3730,VIC,YARRAWONGA,1.9
3732,VIC,MOUNT BULLER,23.6
3733,VIC,MOUNT BULLER,10.6
3735,VIC,MYRTLEFORD,20.5
3737,VIC,MYRTLEFORD,8.8
3738,VIC,MYRTLEFORD,7.6
3739,VIC,MYRTLEFORD,10.2
3740,VIC,MYRTLEFORD,19.8
3741,VIC,MYRTLEFORD,50.0
3744,VIC,MYRTLEFORD,28.6
3746,VIC,WANGARATTA,17.5
3747,VIC,MYRTLEFORD,23.3
3749,VIC,MYRTLEFORD,18.5
3750,VIC,MELBOURNE,24.4
3751,VIC,MELBOURNE,29.5
3752,VIC,MELBOURNE,23.2
3753,VIC,MELBOURNE,37.6
3754,VIC,MELBOURNE,27.1
3755,VIC,MELBOURNE,31.2
3756,VIC,MELBOURNE,44.8
3757,VIC,MELBOURNE,42.2
3758,VIC,MELBOURNE,51.5
3759,VIC,MELBOURNE,29.6
3760,VIC,MELBOURNE,34.0
3761,VIC,MELBOURNE,37.3
3762,VIC,MELBOURNE,51.3
3763,VIC,MELBOURNE,46.1
3764,VIC,MELBOURNE,61.7
3765,VIC,MELBOURNE,32.0
3766,VIC,MELBOURNE,35.3
3767,VIC,MELBOURNE,32.2
3770,VIC,MELBOURNE,39.9
3775,VIC,MELBOURNE,38.7
3777,VIC,HEALESVILLE,0.0
3778,VIC,MELBOURNE,64.2
3779,VIC,HEALESVILLE,25.0
3781,VIC,MELBOURNE,46.4
3782,VIC,MELBOURNE,41.9
3783,VIC,MELBOURNE,55.9
3785,VIC,MELBOURNE,30.4
3786,VIC,MELBOURNE,31.5
3787,VIC,MELBOURNE,32.9
3788,VIC,MELBOURNE,34.9
3789,VIC,MELBOURNE,34.0
3791,VIC,MELBOURNE,36.0
3792,VIC,MELBOURNE,38.2
3793,VIC,MELBOURNE,39.8
3795,VIC,MELBOURNE,39.4
3796,VIC,MELBOURNE,35.5
3797,VIC,MELBOURNE,70.8
3799,VIC,MELBOURNE,74.1
3800,VIC,MELBOURNE,17.1
3802,VIC,MELBOURNE,29.7
3803,VIC,MELBOURNE,33.0
3804,VIC,MELBOURNE,35.3
3805,VIC,MELBOURNE,37.5
3806,VIC,MELBOURNE,39.8
3807,VIC,MELBOURNE,42.9
3808,VIC,MELBOURNE,44.0
3809,VIC,MELBOURNE,46.8
3810,VIC,MELBOURNE,50.1
3812,VIC,MELBOURNE,58.5
3813,VIC,MELBOURNE,63.5
3814,VIC,MELBOURNE,68.4
3815,VIC,MELBOURNE,68.9
3816,VIC,MELBOURNE,75.1
3818,VIC,DROUIN,0.0
3820,VIC,WARRAGUL,0.0
3821,VIC,DROUIN,18.0
3822,VIC,WARRAGUL,6.1
3823,VIC,WARRAGUL,12.5
3824,VIC,WARRAGUL,21.5
3825,VIC,MORWELL,31.8
3831,VIC,DROUIN,17.2
3832,VIC,DROUIN,20.8
3833,VIC,MELBOURNE,92.8
3835,VIC,MORWELL,22.3
3840,VIC,MORWELL,0.0
3841,VIC,BAIRNSDALE,30.8
3842,VIC,MORWELL,7.9
3844,VIC,TRARALGON,2.3
3847,VIC,TRARALGON,20.3
3850,VIC,SALE,0.0
3851,VIC,SALE,19.6
3852,VIC,SALE,13.4
3854,VIC,MORWELL,20.2
3856,VIC,TRARALGON,28.7
3857,VIC,TRARALGON,34.0
3858,VIC,MAFFRA,17.4
3859,VIC,MAFFRA,35.2
3860,VIC,MAFFRA,6.9
3862,VIC,MAFFRA,35.9
3864,VIC,BAIRNSDALE,25.8
3865,VIC,BAIRNSDALE,15.8
3869,VIC,MORWELL,14.4
3870,VIC,MORWELL,23.4
3871,VIC,MORWELL,30.1
3873,VIC,TRARALGON,9.1
3874,VIC,YARRAM,13.2
3875,VIC,BAIRNSDALE,3.4
3878,VIC,BAIRNSDALE,9.1
3880,VIC,BAIRNSDALE,12.9
3882,VIC,BAIRNSDALE,11.7
3885,VIC,ORBOST,49.9
3886,VIC,ORBOST,47.1
3887,VIC,BAIRNSDALE,43.3
3888,VIC,ORBOST,2.6
3889,VIC,ORBOST,30.8
3890,VIC,ORBOST,52.8
3891,VIC,ORBOST,79.9
3892,VIC,BEGA,93.7
3893,VIC,BAIRNSDALE,42.1
3895,VIC,BAIRNSDALE,54.2
3896,VIC,BAIRNSDALE,62.8
3898,VIC,CORRYONG,72.4
3900,VIC,CORRYONG,37.8
3902,VIC,BAIRNSDALE,16.4
3903,VIC,BAIRNSDALE,20.8
3904,VIC,BAIRNSDALE,19.2
3909,VIC,BAIRNSDALE,29.7
3910,VIC,FLINDERS,39.0
3911,VIC,FLINDERS,33.8
3912,VIC,FLINDERS,34.8
3913,VIC,FLINDERS,27.6
3915,VIC,FLINDERS,22.2
3916,VIC,FLINDERS,8.2
3918,VIC,FLINDERS,20.6
3919,VIC,FLINDERS,22.9
3920,VIC,FLINDERS,20.5
3921,VIC,WONTHAGGI,29.0
3922,VIC,FLINDERS,22.3
3923,VIC,FLINDERS,27.6
3925,VIC,WONTHAGGI,22.5
3926,VIC,FLINDERS,15.6
3927,VIC,FLINDERS,17.6
3928,VIC,FLINDERS,5.9
3929,VIC,FLINDERS,0.0
3930,VIC,ROSEBUD,30.9
3931,VIC,ROSEBUD,25.5
3933,VIC,FLINDERS,24.6
3934,VIC,ROSEBUD,20.2
3936,VIC,ROSEBUD,14.6
3937,VIC,FLINDERS,10.4
3938,VIC,ROSEBUD,8.6
3939,VIC,ROSEBUD,0.0
3940,VIC,ROSEBUD,5.9
3941,VIC,ROSEBUD,7.3
3942,VIC,ROSEBUD,13.3
3943,VIC,ROSEBUD,16.8
3944,VIC,ROSEBUD,21.6
3945,VIC,WONTHAGGI,22.6
3946,VIC,WONTHAGGI,16.6
3950,VIC,WONTHAGGI,22.4
3951,VIC,WONTHAGGI,18.6
3953,VIC,WARRAGUL,28.4
3954,VIC,WONTHAGGI,26.9
3956,VIC,WONTHAGGI,28.9
3957,VIC,WONTHAGGI,43.1
3958,VIC,WONTHAGGI,32.7
3959,VIC,WONTHAGGI,41.7
3960,VIC,YARRAM,69.0
3962,VIC,TRARALGON,37.5
3964,VIC,YARRAM,47.0
3965,VIC,YARRAM,30.6
3966,VIC,YARRAM,32.9
3967,VIC,YARRAM,26.8
3971,VIC,YARRAM,1.3
3975,VIC,MELBOURNE,34.4
3976,VIC,MELBOURNE,35.5
3977,VIC,MELBOURNE,43.1
3978,VIC,MELBOURNE,50.1
3979,VIC,WONTHAGGI,14.8
3980,VIC,MELBOURNE,54.4
3981,VIC,MELBOURNE,67.8
3984,VIC,MELBOURNE,75.2
3987,VIC,MELBOURNE,82.8
3988,VIC,WARRAGUL,15.2
3989,VIC,COBAR,51.7
3990,VIC,WONTHAGGI,17.7
3991,VIC,WONTHAGGI,17.7
3992,VIC,WONTHAGGI,8.4
3995,VIC,WONTHAGGI,0.0
3996,VIC,WONTHAGGI,11.5
4000,QLD,BNE CENTRAL,0.0
4005,QLD,BRISBANE,2.5
4006,QLD,BRISBANE,18.9
4007,QLD,BRISBANE,5.3
4008,QLD,BRISBANE,13.8
4009,QLD,BRISBANE,10.8
4010,QLD,BRISBANE,4.4
4011,QLD,BRISBANE,6.6
4012,QLD,BRISBANE,8.3
4013,QLD,BRISBANE,9.5
4014,QLD,BRISBANE,12.2
4017,QLD,BRISBANE,16.9
4018,QLD,BRISBANE,13.3
4019,QLD,BRISBANE,25.3
4020,QLD,BRISBANE,29.4
4021,QLD,BRISBANE,28.1
4022,QLD,BRISBANE,28.6
4025,QLD,BRISBANE,50.4
4030,QLD,BRISBANE,4.7
4031,QLD,BRISBANE,6.7
4032,QLD,BRISBANE,9.2
4034,QLD,BRISBANE,12.8
4035,QLD,BRISBANE,13.2
4036,QLD,BRISBANE,17.2
4037,QLD,BRISBANE,16.5
4051,QLD,BRISBANE,5.0
4053,QLD,BRISBANE,8.4
4054,QLD,BRISBANE,9.2
4055,QLD,BRISBANE,12.7
4059,QLD,BRISBANE,2.2
4060,QLD,BRISBANE,4.6
4061,QLD,BRISBANE,7.9
4064,QLD,BRISBANE,2.3
4065,QLD,BRISBANE,4.6
4066,QLD,BRISBANE,5.9
4067,QLD,BRISBANE,3.9
4068,QLD,BRISBANE,6.2
4069,QLD,BRISBANE,12.7
4070,QLD,FERNVALE,16.8
4073,QLD,BRISBANE,11.4
4074,QLD,BRISBANE,13.8
4075,QLD,BRISBANE,10.4
4076,QLD,BRISBANE,16.3
4077,QLD,BRISBANE,16.2
4078,QLD,BRISBANE,17.5
4101,QLD,BRISBANE,2.1
4102,QLD,BRISBANE,3.2
4103,QLD,BRISBANE,4.9
4104,QLD,BRISBANE,5.4
4105,QLD,BRISBANE,7.3
4106,QLD,BRISBANE,9.5
4107,QLD,BRISBANE,9.3
4108,QLD,BRISBANE,369.7
4109,QLD,BRISBANE,12.8
4110,QLD,KILCOY,48.5
4111,QLD,BRISBANE,9.6
4112,QLD,BRISBANE,17.1
4113,QLD,BRISBANE,14.7
4114,QLD,BRISBANE,22.3
4115,QLD,BRISBANE,19.5
4116,QLD,BRISBANE,18.6
4117,QLD,BRISBANE,20.5
4118,QLD,BRISBANE,22.8
4119,QLD,BRISBANE,18.1
4120,QLD,BRISBANE,5.0
4121,QLD,BRISBANE,7.2
4122,QLD,BRISBANE,10.6
4123,QLD,BRISBANE,15.8
4124,QLD,TAMBORINE,23.5
4125,QLD,TAMBORINE,17.4
4127,QLD,BRISBANE,21.5
4128,QLD,TAMBORINE,23.6
4129,QLD,TAMBORINE,20.7
4130,QLD,TAMBORINE,23.9
4131,QLD,TAMBORINE,21.4
4132,QLD,TAMBORINE,20.8
4133,QLD,TAMBORINE,15.7
4151,QLD,BRISBANE,5.1
4152,QLD,BRISBANE,8.2
4153,QLD,BRISBANE,11.7
4154,QLD,BRISBANE,13.7
4155,QLD,BRISBANE,14.4
4156,QLD,BRISBANE,16.5
4157,QLD,BRISBANE,21.4
4158,QLD,BRISBANE,17.7
4159,QLD,BRISBANE,18.9
4160,QLD,BRISBANE,22.2
4161,QLD,BRISBANE,21.5
4163,QLD,BRISBANE,25.1
4164,QLD,BRISBANE,26.1
4165,QLD,BRISBANE,29.4
4169,QLD,BRISBANE,2.6
4170,QLD,BRISBANE,5.1
4171,QLD,PARKHURST,49.7
4172,QLD,BRISBANE,8.1
4173,QLD,BRISBANE,9.8
4174,QLD,BRISBANE,10.8
4178,QLD,BRISBANE,20.8
4179,QLD,BRISBANE,22.6
4183,QLD,BRISBANE,43.3
4184,QLD,BRISBANE,42.6
4205,QLD,TAMBORINE,19.6
4207,QLD,TAMBORINE,15.3
4208,QLD,TAMBORINE,17.4
4209,QLD,SOUTHPORT,18.0
4210,QLD,SOUTHPORT,12.3
4211,QLD,SOUTHPORT,17.2
4212,QLD,SOUTHPORT,10.7
4213,QLD,SOUTHPORT,17.9
4214,QLD,SOUTHPORT,3.2
4215,QLD,SOUTHPORT,0.0
4216,QLD,SOUTHPORT,14.4
4217,QLD,SOUTHPORT,4.8
4218,QLD,SOUTHPORT,8.1
4219,QLD,TWEED HEADS,12.1
4220,QLD,SOUTHPORT,13.6
4221,QLD,TWEED HEADS,9.2
4222,QLD,BRISBANE,9.6
4223,QLD,TWEED HEADS,11.0
4224,QLD,TWEED HEADS,5.3
4225,QLD,TWEED HEADS,1.8
4226,QLD,SOUTHPORT,11.2
4227,QLD,TWEED HEADS,14.6
4228,QLD,TWEED HEADS,14.6
4230,QLD,SOUTHPORT,12.3
4270,QLD,TAMBORINE,0.0
4271,QLD,TAMBORINE,9.0
4272,QLD,TAMBORINE,11.4
4275,QLD,BEAUDESERT,16.8
4280,QLD,TAMBORINE,12.3
4285,QLD,BEAUDESERT,1.5
4287,QLD,BOONAH,26.6
4300,QLD,BRISBANE,27.5
4301,QLD,FERNVALE,21.1
4303,QLD,FERNVALE,17.8
4304,QLD,FERNVALE,17.4
4305,QLD,FERNVALE,16.5
4306,QLD,FERNVALE,1.0
4307,QLD,BOONAH,30.0
4309,QLD,BOONAH,16.7
4310,QLD,BOONAH,0.0
4311,QLD,FERNVALE,29.2
4312,QLD,FERNVALE,34.6
4313,QLD,KILCOY,29.8
4314,QLD,KILCOY,36.3
4340,QLD,BOONAH,37.5
4341,QLD,FERNVALE,39.7
4342,QLD,FERNVALE,35.0
4343,QLD,TOOWOOMBA,37.7
4344,QLD,TOOWOOMBA,20.8
4345,QLD,FERNVALE,39.1
4346,QLD,FERNVALE,16.3
4347,QLD,TOOWOOMBA,29.9
4350,QLD,TOOWOOMBA,0.0
4352,QLD,TOOWOOMBA,10.6
4353,QLD,TOOWOOMBA,35.9
4354,QLD,TOOWOOMBA,26.1
4355,QLD,TOOWOOMBA,46.3
4356,QLD,TOOWOOMBA,31.3
4357,QLD,DALBY,73.7
4358,QLD,TOOWOOMBA,17.1
4359,QLD,TOOWOOMBA,29.3
4360,QLD,TOOWOOMBA,31.3
4361,QLD,WARWICK,34.4
4362,QLD,WARWICK,27.0
4363,QLD,TOOWOOMBA,15.8
4364,QLD,TOOWOOMBA,47.4
4365,QLD,WARWICK,52.4
4370,QLD,WARWICK,5.3
4371,QLD,WARWICK,18.8
4372,QLD,WARWICK,18.1
4373,QLD,BOONAH,30.3
4374,QLD,WARWICK,32.9
4375,QLD,WARWICK,33.3
4376,QLD,WARWICK,33.5
4377,QLD,WARWICK,34.9
4378,QLD,WARWICK,40.6
4380,NSW,TENTERFIELD,47.0
4381,QLD,TENTERFIELD,38.9
4382,QLD,TENTERFIELD,32.3
4383,QLD,TENTERFIELD,18.3
4384,QLD,TENTERFIELD,88.8
4385,QLD,TENTERFIELD,83.7
4387,QLD,GOONDIWINDI,64.6
4388,QLD,GOONDIWINDI,44.5
4390,QLD,GOONDIWINDI,0.0
4400,QLD,TOOWOOMBA,10.1
4401,QLD,TOOWOOMBA,19.4
4402,QLD,KINGAROY,52.7
4403,QLD,TOOWOOMBA,38.0
4404,QLD,TOOWOOMBA,45.7
4405,QLD,DALBY,7.7
4406,QLD,DALBY,24.7
4407,QLD,DALBY,27.9
4408,QLD,KINGAROY,31.5
4410,QLD,KINGAROY,46.0
4411,QLD,DALBY,45.9
4412,QLD,DALBY,54.6
4413,QLD,DALBY,91.0
4415,QLD,,
4416,QLD,,
4417,QLD,ROMA,78.1
4418,QLD,,
4419,QLD,,
4420,QLD,,
4421,QLD,DALBY,46.1
4422,QLD,GOONDIWINDI,84.1
4423,QLD,,
4424,QLD,,
4425,QLD,,
4426,QLD,ROMA,92.0
4427,QLD,ROMA,68.7
4428,QLD,ROMA,63.1
4454,QLD,,
4455,QLD,ROMA,0.0
4461,QLD,ROMA,40.1
4462,QLD,ROMA,56.1
4465,QLD,ROMA,79.9
4467,QLD,,
4468,QLD,,
4470,QLD,,
4471,QLD,,
4472,QLD,,
4474,QLD,,
4475,QLD,,
4477,QLD,ROMA,67.4
4478,QLD,,
4479,QLD,,
4480,QLD,,
4481,QLD,,
4482,QLD,,
4486,QLD,ST GEORGE,94.6
4487,QLD,ST GEORGE,0.0
4488,QLD,,
4489,QLD,,
4490,QLD,,
4491,QLD,,
4492,QLD,,
4493,QLD,,
4494,QLD,GOONDIWINDI,70.7
4496,QLD,ST GEORGE,97.1
4497,QLD,ST GEORGE,86.3
4498,QLD,GOONDIWINDI,52.8
4500,QLD,BRISBANE,19.6
4501,QLD,BRISBANE,22.5
4502,QLD,BRISBANE,23.3
4503,QLD,BRISBANE,25.5
4504,QLD,BRISBANE,32.6
4505,QLD,BRISBANE,35.6
4506,QLD,BRISBANE,38.7
4507,QLD,MAROOCHYDORE,37.3
4508,QLD,BRISBANE,31.9
4509,QLD,BRISBANE,26.8
4510,QLD,GYMPIE,42.2
4511,QLD,BRISBANE,43.8
4512,QLD,KILCOY,38.7
4513,QLD,BRISBANE,43.4
4514,QLD,KILCOY,23.8
4515,QLD,KILCOY,2.9
4516,QLD,MAROOCHYDORE,40.7
4517,QLD,MAROOCHYDORE,34.0
4518,QLD,MAROOCHYDORE,28.9
4519,QLD,MAROOCHYDORE,26.7
4520,QLD,FERNVALE,20.1
4521,QLD,FERNVALE,35.1
4550,QLD,MAROOCHYDORE,20.3
4551,QLD,MAROOCHYDORE,18.2
4552,QLD,KILCOY,30.5
4553,QLD,MAROOCHYDORE,14.2
4554,QLD,MAROOCHYDORE,13.9
4555,QLD,MAROOCHYDORE,12.7
4556,QLD,MAROOCHYDORE,5.6
4557,QLD,MAROOCHYDORE,5.1
4558,QLD,MAROOCHYDORE,0.0
4559,QLD,MAROOCHYDORE,11.0
4560,QLD,MAROOCHYDORE,15.9
4561,QLD,MAROOCHYDORE,17.6
4562,QLD,MAROOCHYDORE,31.8
4563,QLD,MAROOCHYDORE,30.4
4564,QLD,MAROOCHYDORE,4.8
4565,QLD,TIN CAN BAY,32.8
4566,QLD,MAROOCHYDORE,27.2
4567,QLD,MAROOCHYDORE,27.5
4568,QLD,GYMPIE,31.4
4569,QLD,GYMPIE,28.7
4570,QLD,GYMPIE,0.0
4571,QLD,GYMPIE,32.3
4572,QLD,MAROOCHYDORE,3.2
4573,QLD,MAROOCHYDORE,15.7
4574,QLD,MAROOCHYDORE,31.4
4575,QLD,MAROOCHYDORE,10.6
4580,QLD,TIN CAN BAY,0.0
4581,QLD,TIN CAN BAY,18.7
4600,QLD,GYMPIE,41.0
4601,QLD,GYMPIE,60.3
4605,QLD,KINGAROY,62.1
4606,QLD,KINGAROY,46.1
4608,QLD,KINGAROY,33.1
4610,QLD,KINGAROY,0.0
4611,QLD,KINGAROY,51.2
4612,QLD,GAYNDAH,48.5
4613,QLD,KINGAROY,37.8
4614,QLD,KINGAROY,53.3
4615,QLD,KINGAROY,49.4
4620,QLD,CHILDERS,40.9
4621,QLD,GAYNDAH,40.2
4625,QLD,GAYNDAH,0.6
4626,QLD,GAYNDAH,56.2
4627,QLD,GAYNDAH,90.3
4630,QLD,GIN GIN,85.5
4650,QLD,MARYBOROUGH,0.6
4655,QLD,HERVEY BAY,0.9
4659,QLD,HERVEY BAY,23.0
4660,QLD,CHILDERS,0.0
4662,QLD,HERVEY BAY,18.6
4670,QLD,BUNDABERG,1.1
4671,QLD,GIN GIN,0.3
4673,QLD,BUNDABERG,27.5
4674,QLD,AGNES WATER,43.7
4676,QLD,AGNES WATER,36.5
4677,QLD,AGNES WATER,0.0
4678,QLD,AGNES WATER,21.3
4680,QLD,GLADSTONE,6.3
4694,QLD,PARKHURST,63.1
4695,QLD,PARKHURST,59.2
4697,QLD,PARKHURST,48.5
4699,QLD,PARKHURST,48.8
4700,QLD,ROCKHAMPTON,0.0
4701,QLD,PARKHURST,34.8
4702,QLD,PARKHURST,27.6
4703,QLD,YEPPOON,0.0
4704,QLD,YEPPOON,52.9
4705,QLD,,
4706,QLD,,
4707,QLD,,
4709,QLD,TIERI,0.0
4710,QLD,PARKHURST,6.6
4711,QLD,PARKHURST,41.9
4712,QLD,,
4713,QLD,,
4714,QLD,PARKHURST,65.7
4715,QLD,,
4716,QLD,AGNES WATER,95.1
4717,QLD,EMERALD,71.9
4718,QLD,,
4719,QLD,,
4720,QLD,EMERALD,5.9
4721,QLD,CLERMONT,19.1
4722,QLD,EMERALD,83.0
4723,QLD,TIERI,29.9
4724,QLD,,
4725,QLD,,
4726,QLD,,
4727,QLD,,
4728,QLD,,
4730,QLD,LONGREACH,5.1
4731,QLD,,
4732,QLD,,
4733,QLD,,
4735,QLD,,
4736,QLD,,
4737,QLD,SARINA,0.0
4738,QLD,SARINA,23.3
4739,QLD,SARINA,60.0
4740,QLD,MACKAY,4.5
4741,QLD,SEAFORTH,0.0
4742,QLD,MORANBAH,63.2
4743,QLD,MORANBAH,64.4
4744,QLD,MORANBAH,0.0
4745,QLD,DYSART,0.0
4746,QLD,TIERI,49.0
4750,QLD,SEAFORTH,28.8
4751,QLD,MACKAY,13.0
4753,QLD,MACKAY,21.8
4754,QLD,MACKAY,28.8
4756,QLD,MACKAY,52.2
4757,QLD,PROSERPINE,65.5
4798,QLD,PROSERPINE,52.5
4799,QLD,PROSERPINE,30.4
4800,QLD,PROSERPINE,1.1
4801,QLD,CANNONVALE,26.4
4802,QLD,CANNONVALE,0.0
4803,QLD,CANNONVALE,9.7
4804,QLD,COLLINSVILLE,0.0
4805,QLD,BOWEN,0.0
4806,QLD,AYR,31.6
4807,QLD,AYR,3.5
4808,QLD,AYR,48.5
4809,QLD,AYR,42.7
4810,QLD,TOWNSVILLE,0.2
4811,QLD,TOWNSVILLE,13.2
4812,QLD,TOWNSVILLE,7.0
4813,QLD,TOWNSVILLE,12.6
4814,QLD,TOWNSVILLE,6.5
4815,QLD,TOWNSVILLE,21.0
4816,QLD,AYR,42.7
4817,QLD,TOWNSVILLE,15.0
4818,QLD,TOWNSVILLE,21.6
4819,QLD,MAGNETIC ISLAND,0.0
4820,QLD,CHARTERS TOWERS,14.9
4821,QLD,HUGHENDEN,10.2
4822,QLD,,
4823,QLD,,
4824,QLD,,
4825,QLD,MOUNT ISA,187.4
4828,QLD,,
4829,QLD,,
4830,QLD,,
4849,QLD,TULLY,33.6
4850,QLD,INGHAM,1.4
4852,QLD,TULLY,33.8
4854,QLD,TULLY,0.3
4855,QLD,TULLY,29.3
4856,QLD,INNISFAIL,25.3
4857,QLD,INNISFAIL,31.2
4858,QLD,INNISFAIL,23.1
4859,QLD,INNISFAIL,11.8
4860,QLD,INNISFAIL,0.6
4861,QLD,INNISFAIL,18.7
4865,QLD,CAIRNS,17.9
4868,QLD,CAIRNS,6.3
4869,QLD,CAIRNS,11.4
4870,QLD,CAIRNS,0.5
4871,QLD,CAIRNS,13.7
4872,QLD,MOUNT GARNET,6.1
4873,QLD,CRAIGLIE,36.6
4874,QLD,WEIPA,17.7
4875,QLD,,
4876,QLD,,
4877,QLD,CRAIGLIE,0.0
4878,QLD,SMITHFIELD HEIGHTS,0.0
4879,QLD,SMITHFIELD HEIGHTS,7.3
4880,QLD,MAREEBA,4.5
4881,QLD,ATHERTON,21.1
4882,QLD,ATHERTON,14.5
4883,QLD,ATHERTON,0.0
4884,QLD,ATHERTON,19.8
4885,QLD,ATHERTON,16.6
4886,QLD,INNISFAIL,27.1
4887,QLD,ATHERTON,11.7
4888,QLD,ATHERTON,18.5
4890,QLD,,
4891,QLD,,
4892,QLD,,
4895,QLD,COOKTOWN,59.5
5000,SA,ADL CENTRAL,0.0
5006,SA,ADELAIDE,2.4
5007,SA,ADELAIDE,4.1
5008,SA,ADELAIDE,5.9
5009,SA,ADELAIDE,6.4
5010,SA,ADELAIDE,8.8
5011,SA,ADELAIDE,8.3
5012,SA,ADELAIDE,9.1
5013,SA,ADELAIDE,10.5
5014,SA,ADELAIDE,10.9
5015,SA,ADELAIDE,14.2
5016,SA,ADELAIDE,15.1
5017,SA,ADELAIDE,16.5
5018,SA,ADELAIDE,19.0
5019,SA,ADELAIDE,14.4
5020,SA,ADELAIDE,12.8
5021,SA,ADELAIDE,12.0
5022,SA,ADELAIDE,10.2
5023,SA,ADELAIDE,8.7
5024,SA,ADELAIDE,8.9
5025,SA,ADELAIDE,6.7
5031,SA,ADELAIDE,2.9
5032,SA,ADELAIDE,5.2
5033,SA,ADELAIDE,4.0
5034,SA,ADELAIDE,3.3
5035,SA,ADELAIDE,3.5
5037,SA,ADELAIDE,5.9
5038,SA,ADELAIDE,6.5
5039,SA,ADELAIDE,6.0
5040,SA,ADELAIDE,7.7
5041,SA,ADELAIDE,8.3
5042,SA,ADELAIDE,9.1
5043,SA,ADELAIDE,9.6
5044,SA,ADELAIDE,11.2
5045,SA,ADELAIDE,9.4
5046,SA,ADELAIDE,10.3
5047,SA,ADELAIDE,12.4
5048,SA,ADELAIDE,12.3
5049,SA,ADELAIDE,14.8
5050,SA,ADELAIDE,10.9
5051,SA,ADELAIDE,11.8
5052,SA,ADELAIDE,8.5
5061,SA,ADELAIDE,3.2
5062,SA,ADELAIDE,8.4
5063,SA,ADELAIDE,3.4
5064,SA,ADELAIDE,5.9
5065,SA,ADELAIDE,3.3
5066,SA,ADELAIDE,5.6
5067,SA,ADELAIDE,2.9
5068,SA,ADELAIDE,5.0
5069,SA,ADELAIDE,3.1
5070,SA,ADELAIDE,4.9
5072,SA,ADELAIDE,8.9
5073,SA,ADELAIDE,8.4
5074,SA,ADELAIDE,8.0
5075,SA,ADELAIDE,10.1
5076,SA,ADELAIDE,11.2
5081,SA,ADELAIDE,4.4
5082,SA,ADELAIDE,4.9
5083,SA,ADELAIDE,5.5
5084,SA,ADELAIDE,7.3
5085,SA,ADELAIDE,8.0
5086,SA,ADELAIDE,9.1
5087,SA,ADELAIDE,6.6
5088,SA,ADELAIDE,11.2
5089,SA,ADELAIDE,14.2
5090,SA,ADELAIDE,13.4
5091,SA,ADELAIDE,17.0
5092,SA,ADELAIDE,14.0
5093,SA,ADELAIDE,11.2
5094,SA,ADELAIDE,14.1
5095,SA,ADELAIDE,12.1
5096,SA,ADELAIDE,15.0
5097,SA,ADELAIDE,15.5
5098,SA,ADELAIDE,11.5
5106,SA,ADELAIDE,15.3
5107,SA,ADELAIDE,16.0
5108,SA,ADELAIDE,18.6
5109,SA,ADELAIDE,18.0
5110,SA,ADELAIDE,23.2
5111,SA,ADELAIDE,24.2
5112,SA,ADELAIDE,23.3
5113,SA,ADELAIDE,26.0
5114,SA,GAWLER,15.6
5115,SA,ADELAIDE,29.7
5116,SA,ADELAIDE,35.8
5117,SA,ADELAIDE,32.1
5118,SA,GAWLER,0.2
5120,SA,ADELAIDE,30.1
5121,SA,ADELAIDE,27.4
5125,SA,ADELAIDE,21.4
5126,SA,ADELAIDE,18.8
5127,SA,ADELAIDE,16.1
5131,SA,ADELAIDE,20.6
5132,SA,ADELAIDE,16.3
5133,SA,ADELAIDE,20.7
5134,SA,ADELAIDE,15.1
5136,SA,ADELAIDE,12.3
5137,SA,ADELAIDE,12.5
5138,SA,ADELAIDE,15.3
5139,SA,ADELAIDE,17.1
5140,SA,ADELAIDE,10.1
5141,SA,ADELAIDE,11.5
5142,SA,ADELAIDE,13.2
5144,SA,ADELAIDE,16.0
5150,SA,ADELAIDE,10.4
5151,SA,ADELAIDE,12.3
5152,SA,ADELAIDE,12.2
5153,SA,MOUNT BARKER,11.0
5154,SA,ADELAIDE,16.2
5155,SA,ADELAIDE,17.5
5156,SA,ADELAIDE,12.4
5157,SA,MOUNT BARKER,23.3
5158,SA,ADELAIDE,18.6
5159,SA,ADELAIDE,14.8
5160,SA,ADELAIDE,22.1
5161,SA,ADELAIDE,20.2
5162,SA,ADELAIDE,20.7
5163,SA,ADELAIDE,25.2
5164,SA,ADELAIDE,23.7
5165,SA,ADELAIDE,25.9
5166,SA,ADELAIDE,23.9
5167,SA,ADELAIDE,28.7
5168,SA,ADELAIDE,26.4
5169,SA,ADELAIDE,31.6
5170,SA,ADELAIDE,36.1
5171,SA,ADELAIDE,30.1
5172,SA,VICTOR HARBOR,31.7
5173,SA,ADELAIDE,42.0
5174,SA,VICTOR HARBOR,29.8
5201,SA,MOUNT BARKER,19.6
5202,SA,VICTOR HARBOR,22.9
5203,SA,VICTOR HARBOR,25.2
5204,SA,VICTOR HARBOR,27.5
5210,SA,VICTOR HARBOR,20.0
5211,SA,VICTOR HARBOR,0.8
5212,SA,VICTOR HARBOR,6.3
5213,SA,VICTOR HARBOR,10.4
5214,SA,VICTOR HARBOR,20.5
5220,SA,PORT LINCOLN,74.8
5221,SA,VICTOR HARBOR,85.8
5222,SA,VICTOR HARBOR,69.2
5223,SA,KINGSCOTE,0.0
5231,SA,ADELAIDE,24.9
5232,SA,ADELAIDE,21.2
5233,SA,ADELAIDE,27.7
5234,SA,MOUNT PLEASANT,15.5
5235,SA,MOUNT PLEASANT,2.0
5236,SA,MOUNT PLEASANT,14.1
5237,SA,MOUNT PLEASANT,16.4
5238,SA,MONARTO,25.8
5240,SA,ADELAIDE,19.7
5241,SA,ADELAIDE,24.3
5242,SA,ADELAIDE,21.4
5243,SA,ADELAIDE,21.1
5244,SA,MOUNT BARKER,18.2
5245,SA,ADELAIDE,21.5
5250,SA,ADELAIDE,27.0
5251,SA,MOUNT BARKER,1.3
5252,SA,MOUNT BARKER,7.6
5253,SA,MURRAY BRIDGE,9.0
5254,SA,MONARTO,8.0
5255,SA,MOUNT BARKER,19.3
5256,SA,VICTOR HARBOR,35.9
5259,SA,MURRAY BRIDGE,47.2
5260,SA,MONARTO,18.6
5261,SA,MONARTO,69.4
5262,SA,NARACOORTE,36.4
5263,SA,LUCINDALE,48.5
5264,SA,VICTOR HARBOR,59.7
5265,SA,MONARTO,73.3
5266,SA,PINNAROO,91.5
5267,SA,BORDERTOWN,41.7
5268,SA,BORDERTOWN,0.0
5269,SA,BORDERTOWN,22.8
5270,SA,BORDERTOWN,29.8
5271,SA,NARACOORTE,16.5
5272,SA,LUCINDALE,0.0
5273,SA,LUCINDALE,25.4
5275,SA,NARACOORTE,53.7
5276,SA,LUCINDALE,36.3
5277,SA,LUCINDALE,51.8
5278,SA,MOUNT GAMBIER,42.5
5279,SA,MOUNT GAMBIER,42.3
5280,SA,LUCINDALE,38.2
5290,SA,MOUNT GAMBIER,5.3
5291,SA,MOUNT GAMBIER,4.6
5301,SA,MONARTO,63.8
5302,SA,PINNAROO,36.9
5303,SA,PINNAROO,40.2
5304,SA,PINNAROO,13.9
5306,SA,MONARTO,19.6
5307,SA,MONARTO,70.0
5308,SA,BERRI,57.5
5309,SA,MONARTO,64.3
5310,SA,BERRI,55.4
5311,SA,BERRI,44.0
5320,SA,ANGASTON,69.2
5321,SA,ANGASTON,71.5
5322,SA,BERRI,57.4
5330,SA,BERRI,62.1
5331,SA,BERRI,24.8
5332,SA,BERRI,26.5
5333,SA,BERRI,18.3
5340,SA,BERRI,26.4
5341,SA,RENMARK,4.4
5342,SA,BERRI,9.0
5343,SA,BERRI,0.0
5344,SA,BERRI,5.5
5345,SA,BERRI,17.6
5346,SA,BERRI,16.6
5350,SA,GAWLER,12.3
5351,SA,GAWLER,17.7
5352,SA,MOUNT PLEASANT,21.0
5353,SA,ANGASTON,3.9
5354,SA,ANGASTON,27.4
5355,SA,MOUNT PLEASANT,29.9
5356,SA,ANGASTON,23.1
5357,SA,ANGASTON,33.3
5360,SA,GAWLER,23.3
5371,SA,GAWLER,11.4
5372,SA,GAWLER,18.5
5373,SA,GAWLER,37.4
5374,SA,ANGASTON,50.8
5381,SA,ANGASTON,71.4
5400,SA,GAWLER,14.2
5401,SA,GAWLER,32.1
5410,SA,GAWLER,24.8
5411,SA,GAWLER,36.9
5412,SA,GAWLER,45.0
5413,SA,GAWLER,58.3
5414,SA,GAWLER,70.8
5415,SA,GAWLER,71.3
5416,SA,GAWLER,86.4
5417,SA,RENMARK,87.6
5418,SA,PETERBOROUGH,55.0
5419,SA,PETERBOROUGH,48.5
5420,SA,PETERBOROUGH,35.7
5421,SA,PETERBOROUGH,26.9
5422,SA,PETERBOROUGH,4.8
5431,SA,PETERBOROUGH,77.8
5432,SA,,
5433,SA,,
5434,SA,,
5440,SA,,
5451,SA,GAWLER,55.2
5452,SA,GAWLER,68.5
5453,SA,PORT PIRIE,81.1
5454,SA,PORT PIRIE,58.7
5455,SA,PORT PIRIE,73.1
5460,SA,LEWISTON,31.6
5461,SA,LEWISTON,56.4
5462,SA,LEWISTON,78.4
5464,SA,PORT PIRIE,59.9
5470,SA,PORT PIRIE,55.5
5471,SA,PORT PIRIE,43.9
5472,SA,PORT PIRIE,36.7
5473,SA,PORT PIRIE,25.9
5480,SA,PORT PIRIE,24.0
5481,SA,PORT PIRIE,26.1
5482,SA,PETERBOROUGH,41.3
5483,SA,PORT PIRIE,35.8
5485,SA,PETERBOROUGH,71.0
5490,SA,PORT PIRIE,35.2
5491,SA,PETERBOROUGH,31.8
5493,SA,PETERBOROUGH,5.2
5495,SA,PORT PIRIE,29.9
5501,SA,LEWISTON,0.0
5502,SA,LEWISTON,10.2
5510,SA,LEWISTON,79.0
5520,SA,PORT PIRIE,62.7
5521,SA,PORT PIRIE,42.0
5522,SA,PORT PIRIE,42.0
5523,SA,PORT PIRIE,19.3
5540,SA,PORT PIRIE,1.8
5550,SA,LEWISTON,62.4
5552,SA,LEWISTON,81.1
5554,SA,PORT PIRIE,85.4
5555,SA,PORT PIRIE,50.7
5556,SA,PORT PIRIE,93.6
5558,SA,,
5560,SA,PORT PIRIE,76.8
5570,SA,LEWISTON,65.9
5571,SA,LEWISTON,67.2
5572,SA,LEWISTON,78.3
5573,SA,LEWISTON,96.0
5575,SA,PORT LINCOLN,94.4
5576,SA,PORT LINCOLN,85.4
5577,SA,PORT LINCOLN,63.0
5580,SA,LEWISTON,69.9
5581,SA,LEWISTON,76.2
5582,SA,ADELAIDE,79.0
5583,SA,ADELAIDE,76.2
5600,SA,WHYALLA,0.0
5601,SA,WHYALLA,38.9
5602,SA,WHYALLA,67.2
5603,SA,,
5604,SA,,
5605,SA,,
5606,SA,PORT LINCOLN,17.9
5607,SA,PORT LINCOLN,31.2
5608,SA,WHYALLA,23.3
5609,SA,WHYALLA,18.3
5611,SA,WHYALLA,26.0
5630,SA,,
5631,SA,,
5632,SA,,
5633,SA,WUDINNA,52.0
5640,SA,,
5641,SA,WHYALLA,90.1
5642,SA,WUDINNA,94.8
5650,SA,WUDINNA,46.2
5651,SA,WUDINNA,27.4
5652,SA,WUDINNA,8.8
5653,SA,WUDINNA,13.8
5654,SA,WUDINNA,35.2
5655,SA,WUDINNA,60.1
5660,SA,WUDINNA,85.0
5661,SA,CEDUNA,95.5
5670,SA,WUDINNA,41.3
5671,SA,WUDINNA,60.6
5680,SA,CEDUNA,88.4
5690,SA,CEDUNA,45.3
5700,SA,PORT AUGUSTA,214.3
5701,SA,PORT AUGUSTA,219.0
5710,SA,PORT AUGUSTA,443.2
5713,SA,,
5715,SA,WHYALLA,79.7
5717,SA,,
5719,SA,,
5720,SA,ROXBY DOWNS,30.8
5722,SA,PORT AUGUSTA,51.8
5723,SA,,
5724,SA,,
5725,SA,ROXBY DOWNS,7.7
5730,SA,,
5731,SA,,
5732,SA,,
5733,SA,,
5734,SA,,
5950,SA,ADELAIDE,6.7
6000,WA,PER CENTRAL,0.0
6003,WA,PERTH,1.4
6004,WA,PERTH,1.7
6005,WA,PERTH,2.4
6006,WA,PERTH,2.3
6007,WA,PERTH,2.8
6008,WA,PERTH,4.7
6009,WA,PERTH,6.6
6010,WA,PERTH,8.3
6011,WA,PERTH,11.0
6012,WA,PERTH,11.8
6014,WA,PERTH,5.1
6015,WA,PERTH,9.1
6016,WA,PERTH,4.1
6017,WA,PERTH,6.2
6018,WA,PERTH,9.4
6019,WA,PERTH,9.7
6020,WA,PERTH,13.9
6021,WA,PERTH,9.7
6022,WA,PERTH,11.8
6023,WA,PERTH,15.1
6024,WA,PERTH,13.8
6025,WA,PERTH,19.7
6026,WA,PERTH,17.3
6027,WA,PERTH,22.8
6028,WA,PERTH,26.2
6029,WA,PERTH,12.7
6030,WA,PERTH,32.3
6031,WA,PERTH,29.7
6032,WA,PERTH,35.6
6033,WA,CARABOODA,0.0
6034,WA,PERTH,44.4
6035,WA,PERTH,48.7
6036,WA,PERTH,36.2
6037,WA,PERTH,56.1
6038,WA,PERTH,40.0
6041,WA,CARABOODA,28.9
6042,WA,CARABOODA,43.9
6043,WA,CARABOODA,58.7
6044,WA,CARABOODA,75.8
6050,WA,PERTH,2.3
6051,WA,PERTH,3.9
6052,WA,PERTH,4.3
6053,WA,PERTH,6.0
6054,WA,PERTH,9.4
6055,WA,PERTH,16.0
6056,WA,PERTH,19.9
6057,WA,PERTH,13.6
6058,WA,PERTH,14.4
6059,WA,PERTH,7.3
6060,WA,PERTH,5.5
6061,WA,PERTH,9.5
6062,WA,PERTH,7.5
6063,WA,PERTH,12.2
6064,WA,PERTH,12.7
6065,WA,PERTH,28.3
6066,WA,PERTH,12.3
6067,WA,PERTH,15.2
6068,WA,PERTH,15.6
6069,WA,PERTH,23.9
6070,WA,PERTH,20.8
6071,WA,PERTH,23.7
6072,WA,PERTH,26.1
6073,WA,PERTH,39.8
6074,WA,PERTH,33.0
6076,WA,KALAMUNDA,0.0
6077,WA,PERTH,28.3
6078,WA,PERTH,28.3
6079,WA,PERTH,28.3
6081,WA,PERTH,28.2
6082,WA,PERTH,47.4
6083,WA,KALAMUNDA,35.1
6084,WA,TOODYAY,32.9
6090,WA,PERTH,10.1
6100,WA,PERTH,4.3
6101,WA,PERTH,6.1
6102,WA,PERTH,7.7
6103,WA,PERTH,5.2
6104,WA,PERTH,11.3
6105,WA,PERTH,9.8
6106,WA,PERTH,9.4
6107,WA,PERTH,12.7
6108,WA,PERTH,15.3
6109,WA,PERTH,17.6
6110,WA,PERTH,20.1
6111,WA,KALAMUNDA,7.9
6112,WA,PERTH,26.6
6121,WA,PERTH,29.4
6122,WA,PERTH,33.4
6123,WA,PERTH,40.3
6124,WA,PERTH,47.7
6125,WA,PERTH,46.4
6126,WA,PERTH,55.7
6147,WA,PERTH,13.1
6148,WA,PERTH,10.9
6149,WA,PERTH,12.9
6150,WA,PERTH,12.8
6151,WA,PERTH,3.8
6152,WA,PERTH,6.7
6153,WA,PERTH,8.7
6154,WA,PERTH,10.6
6155,WA,PERTH,12.9
6156,WA,PERTH,11.6
6157,WA,PERTH,12.3
6158,WA,PERTH,13.3
6159,WA,PERTH,14.1
6160,WA,PERTH,15.4
6161,WA,PERTH,32.6
6162,WA,PERTH,16.4
6163,WA,PERTH,16.3
6164,WA,PERTH,20.2
6165,WA,PERTH,28.1
6166,WA,PERTH,23.6
6167,WA,PERTH,30.7
6168,WA,PERTH,38.3
6169,WA,PERTH,44.3
6170,WA,PERTH,35.3
6171,WA,PERTH,42.3
6172,WA,PORT KENNEDY,0.0
6173,WA,PERTH,51.9
6174,WA,PERTH,53.9
6175,WA,PERTH,56.1
6176,WA,PERTH,52.8
6180,WA,MANDURAH,0.0
6181,WA,MANDURAH,0.0
6182,WA,PERTH,55.4
6207,WA,MANDURAH,22.2
6208,WA,MANDURAH,13.8
6209,WA,MANDURAH,0.0
6210,WA,MANDURAH,0.0
6211,WA,MANDURAH,5.8
6213,WA,HARVEY,37.7
6214,WA,MANDURAH,24.7
6215,WA,HARVEY,23.3
6218,WA,HARVEY,15.1
6219,WA,HARVEY,16.9
6220,WA,HARVEY,0.0
6221,WA,HARVEY,15.0
6223,WA,HARVEY,20.5
6224,WA,BUNBURY,21.2
6225,WA,COLLIE,0.0
6226,WA,BUNBURY,19.2
6227,WA,BUNBURY,20.5
6228,WA,BUNBURY,11.8
6229,WA,BUNBURY,5.5
6230,WA,BUNBURY,0.0
6232,WA,BUNBURY,5.8
6233,WA,BUNBURY,9.2
6236,WA,BUNBURY,18.4
6237,WA,BUNBURY,15.2
6239,WA,COLLIE,35.2
6240,WA,COLLIE,31.2
6243,WA,COLLIE,37.4
6244,WA,COLLIE,54.0
6251,WA,BUNBURY,44.0
6252,WA,COLLIE,49.6
6253,WA,COLLIE,49.4
6254,WA,COLLIE,56.0
6255,WA,MANJIMUP,44.2
6256,WA,MANJIMUP,36.2
6258,WA,MANJIMUP,0.0
6260,WA,MANJIMUP,51.6
6262,WA,MANJIMUP,46.9
6271,WA,BUNBURY,31.3
6275,WA,MARGARET RIVER,34.3
6280,WA,BUSSELTON,0.2
6281,WA,DUNSBOROUGH,0.0
6282,WA,DUNSBOROUGH,13.4
6284,WA,MARGARET RIVER,12.6
6285,WA,MARGARET RIVER,2.6
6286,WA,MARGARET RIVER,16.5
6288,WA,MARGARET RIVER,25.9
6290,WA,MARGARET RIVER,41.2
6302,WA,NORTHAM,29.0
6304,WA,KALAMUNDA,52.5
6306,WA,CORRIGIN,69.5
6308,WA,KALAMUNDA,67.6
6309,WA,NARROGIN,38.3
6311,WA,NARROGIN,26.1
6312,WA,NARROGIN,0.0
6313,WA,NARROGIN,10.6
6315,WA,WAGIN,0.0
6316,WA,WAGIN,27.6
6317,WA,KATANNING,0.0
6318,WA,KATANNING,25.2
6320,WA,KATANNING,50.0
6321,WA,KATANNING,76.0
6322,WA,ALBANY,64.5
6323,WA,ALBANY,51.4
6324,WA,ALBANY,32.8
6326,WA,ALBANY,16.7
6327,WA,ALBANY,25.2
6328,WA,ALBANY,56.0
6330,WA,ALBANY,0.0
6331,WA,ALBANY,13.6
6333,WA,ALBANY,63.2
6335,WA,KATANNING,42.4
6336,WA,KATANNING,85.2
6337,WA,,
6338,WA,ALBANY,94.4
6341,WA,KATANNING,46.6
6343,WA,NEWDEGATE,62.4
6346,WA,,
6348,WA,,
6350,WA,KATANNING,36.5
6351,WA,KATANNING,53.7
6352,WA,KATANNING,60.6
6353,WA,NEWDEGATE,55.9
6355,WA,NEWDEGATE,0.0
6356,WA,NEWDEGATE,70.3
6357,WA,NEWDEGATE,42.8
6358,WA,NEWDEGATE,72.9
6359,WA,NEWDEGATE,60.3
6361,WA,NARROGIN,42.0
6363,WA,NARROGIN,65.4
6365,WA,CORRIGIN,61.9
6367,WA,CORRIGIN,46.9
6368,WA,CORRIGIN,44.6
6369,WA,MERREDIN,77.6
6370,WA,NARROGIN,34.7
6372,WA,CORRIGIN,41.2
6373,WA,CORRIGIN,25.7
6375,WA,CORRIGIN,0.0
6383,WA,CORRIGIN,60.1
6384,WA,CORRIGIN,41.9
6385,WA,CORRIGIN,44.5
6386,WA,CORRIGIN,37.9
6390,WA,HARVEY,43.7
6391,WA,NARROGIN,50.6
6392,WA,COLLIE,42.0
6393,WA,WAGIN,53.3
6394,WA,WAGIN,68.2
6395,WA,KATANNING,67.6
6396,WA,MANJIMUP,58.0
6397,WA,MANJIMUP,56.9
6398,WA,MANJIMUP,56.0
6401,WA,NORTHAM,0.6
6403,WA,NORTHAM,11.0
6405,WA,NORTHAM,32.3
6407,WA,NORTHAM,51.2
6409,WA,NORTHAM,75.7
6410,WA,MERREDIN,58.8
6411,WA,MERREDIN,37.3
6412,WA,MERREDIN,32.3
6413,WA,MERREDIN,23.0
6414,WA,MERREDIN,12.6
6415,WA,MERREDIN,0.0
6418,WA,MERREDIN,47.6
6419,WA,CORRIGIN,35.0
6420,WA,MERREDIN,50.3
6421,WA,MERREDIN,28.0
6422,WA,MERREDIN,28.2
6423,WA,MERREDIN,55.0
6424,WA,MERREDIN,61.1
6425,WA,MERREDIN,81.5
6426,WA,,
6427,WA,,
6428,WA,CORRIGIN,20.8
6429,WA,KALGOORLIE,65.3
6430,WA,KALGOORLIE,1.5
6431,WA,,
6432,WA,KALGOORLIE,31.6
6434,WA,,
6435,WA,LEONORA,98.4
6436,WA,,
6437,WA,,
6438,WA,LEONORA,0.0
6440,WA,,
6442,WA,KALGOORLIE,77.5
6443,WA,,
6445,WA,ESPERANCE,70.8
6446,WA,ESPERANCE,53.0
6447,WA,ESPERANCE,44.8
6448,WA,ESPERANCE,47.2
6450,WA,ESPERANCE,0.0
6452,WA,ESPERANCE,83.3
6460,WA,NORTHAM,42.6
6461,WA,NORTHAM,67.4
6462,WA,NORTHAM,75.8
6463,WA,NORTHAM,78.5
6465,WA,DALWALLINU,72.8
6466,WA,DALWALLINU,60.5
6467,WA,DALWALLINU,50.7
6468,WA,DALWALLINU,38.3
6470,WA,DALWALLINU,56.1
6472,WA,,
6473,WA,,
6475,WA,DALWALLINU,76.6
6476,WA,MERREDIN,98.6
6477,WA,MERREDIN,85.2
6479,WA,MERREDIN,84.7
6480,WA,MERREDIN,22.2
6484,WA,MERREDIN,94.8
6485,WA,NORTHAM,83.5
6487,WA,MERREDIN,69.2
6488,WA,MERREDIN,65.7
6489,WA,MERREDIN,51.5
6490,WA,MERREDIN,39.5
6501,WA,CARABOODA,23.4
6502,WA,TOODYAY,28.0
6503,WA,CARABOODA,42.6
6504,WA,TOODYAY,37.5
6505,WA,TOODYAY,44.5
6506,WA,TOODYAY,52.8
6507,WA,CARABOODA,98.7
6509,WA,TOODYAY,64.8
6510,WA,DALWALLINU,79.6
6511,WA,,
6512,WA,DALWALLINU,68.3
6513,WA,DALWALLINU,66.3
6514,WA,,
6515,WA,DALWALLINU,92.2
6516,WA,,
6517,WA,MORAWA,84.5
6518,WA,,
6519,WA,MORAWA,74.6
6521,WA,,
6522,WA,MORAWA,63.1
6525,WA,GERALDTON,62.7
6528,WA,GERALDTON,20.9
6530,WA,GERALDTON,5.4
6532,WA,GERALDTON,42.5
6535,WA,KALBARRI,56.7
6536,WA,KALBARRI,0.0
6537,WA,KALBARRI,86.4
6556,WA,PERTH,43.6
6558,WA,TOODYAY,32.5
6560,WA,NORTHAM,31.0
6562,WA,NORTHAM,23.0
6564,WA,NORTHAM,16.6
6566,WA,TOODYAY,0.0
6567,WA,TOODYAY,4.7
6568,WA,TOODYAY,30.4
6569,WA,TOODYAY,48.3
6571,WA,TOODYAY,60.6
6572,WA,DALWALLINU,68.8
6574,WA,DALWALLINU,52.9
6575,WA,DALWALLINU,35.2
6603,WA,DALWALLINU,67.6
6605,WA,DALWALLINU,51.6
6606,WA,DALWALLINU,35.6
6608,WA,DALWALLINU,19.5
6609,WA,DALWALLINU,0.0
6612,WA,,
6613,WA,DALWALLINU,40.2
6614,WA,DALWALLINU,46.1
6616,WA,DALWALLINU,63.4
6620,WA,MORAWA,70.3
6623,WA,MORAWA,0.0
6625,WA,MORAWA,19.4
6627,WA,MORAWA,28.5
6628,WA,MORAWA,40.4
6630,WA,,
6631,WA,MORAWA,71.5
6632,WA,GERALDTON,50.7
6635,WA,,
6638,WA,,
6639,WA,,
6640,WA,,
6642,WA,MEEKATHARRA,9.2
6646,WA,,
6701,WA,CARNARVON,0.0
6705,WA,CARNARVON,44.2
6707,WA,EXMOUTH,0.0
6710,WA,,
6711,WA,,
6712,WA,,
6713,WA,KARRATHA,64.1
6714,WA,KARRATHA,0.0
6716,WA,KARRATHA,51.3
6718,WA,PORT HEDLAND,78.4
6720,WA,KARRATHA,89.5
6721,WA,PORT HEDLAND,0.0
6722,WA,PORT HEDLAND,37.8
6723,WA,,
6725,WA,BROOME,0.0
6726,WA,,
6728,WA,DERBY,13.3
6731,WA,,
6733,WA,,
6740,WA,,
6743,WA,KUNUNURRA,37.7
6751,WA,TOM PRICE,0.0
6753,WA,NEWMAN,57.0
6754,WA,,
6758,WA,,
6760,WA,,
6761,WA,,
6762,WA,,
6765,WA,,
6770,WA,HALLS CREEK,45.6
6798,WA,,
6799,WA,,
6803,WA,PERTH,1.4
6832,WA,PERTH,1.2
6849,WA,PERTH,0.4
6865,WA,PERTH,1.4
6900,WA,PERTH,2.8
6902,WA,PERTH,2.8
6903,WA,PERTH,2.8
6905,WA,,
6907,WA,PERTH,6.6
6909,WA,PERTH,6.6
6913,WA,PERTH,5.1
6918,WA,PERTH,9.4
6919,WA,PERTH,22.8
6923,WA,PERTH,19.7
6925,WA,PERTH,37.4
6931,WA,PERTH,3.9
6936,WA,PERTH,15.8
6942,WA,PERTH,9.4
6945,WA,PERTH,10.8
6947,WA,PERTH,28.3
6953,WA,PERTH,8.7
6954,WA,PERTH,10.6
6955,WA,PERTH,12.9
6957,WA,PERTH,12.3
6961,WA,PERTH,12.3
6965,WA,PERTH,16.2
6967,WA,PERTH,38.3
6970,WA,PERTH,12.9
6980,WA,PERTH,12.7
6983,WA,PERTH,7.6
6986,WA,PERTH,9.4
6987,WA,PERTH,12.7
6991,WA,KALAMUNDA,10.7
6997,WA,KALAMUNDA,10.7
7000,TAS,HOBART,53.2
7001,TAS,HOBART,53.1
7004,TAS,HOBART,53.6
7005,TAS,HOBART,52.2
7007,TAS,HOBART,50.7
7008,TAS,HOBART,53.7
7009,TAS,HOBART,55.0
7010,TAS,HOBART,49.5
7011,TAS,HOBART,56.3
7012,TAS,HOBART,50.0
7015,TAS,HOBART,59.3
7016,TAS,HOBART,60.5
7017,TAS,HOBART,67.0
7018,TAS,HOBART,58.0
7019,TAS,HOBART,59.7
7020,TAS,HOBART,59.0
7021,TAS,HOBART,62.3
7022,TAS,HOBART,55.3
7023,TAS,HOBART,52.8
7024,TAS,HOBART,62.2
7025,TAS,HOBART,72.5
7026,TAS,HOBART,80.2
7027,TAS,DERWENT BRIDGE,76.1
7030,TAS,DERWENT BRIDGE,49.0
7050,TAS,HOBART,45.8
7052,TAS,HOBART,44.6
7053,TAS,HOBART,50.0
7054,TAS,HOBART,41.1
7055,TAS,HOBART,43.7
7109,TAS,HOBART,47.5
7112,TAS,HOBART,26.2
7113,TAS,HOBART,17.1
7116,TAS,HOBART,17.5
7117,TAS,HOBART,22.3
7119,TAS,DERWENT BRIDGE,75.7
7120,TAS,DERWENT BRIDGE,88.4
7139,TAS,DERWENT BRIDGE,47.3
7140,TAS,DERWENT BRIDGE,0.0
7150,TAS,HOBART,92.5
7151,TAS,LAUNCESTON,37.5
7155,TAS,HOBART,32.4
7162,TAS,HOBART,31.1
7163,TAS,HOBART,32.1
7170,TAS,HOBART,63.9
7171,TAS,HOBART,71.4
7172,TAS,HOBART,83.9
7173,TAS,HOBART,77.7
7174,TAS,HOBART,86.4
7175,TAS,HOBART,91.8
7176,TAS,HOBART,96.1
7177,TAS,HOBART,99.7
7178,TAS,HOBART,91.5
7179,TAS,HOBART,92.4
7180,TAS,HOBART,95.6
7182,TAS,HOBART,83.5
7183,TAS,HOBART,74.6
7184,TAS,HOBART,72.8
7185,TAS,HOBART,76.5
7186,TAS,HOBART,70.4
7187,TAS,HOBART,84.8
7190,TAS,,
7209,TAS,LAUNCESTON,87.0
7210,TAS,LAUNCESTON,60.5
7211,TAS,LAUNCESTON,44.3
7212,TAS,LAUNCESTON,37.4
7213,TAS,ST HELENS,64.6
7214,TAS,ST HELENS,38.2
7215,TAS,,
7216,TAS,ST HELENS,0.0
7248,TAS,LAUNCESTON,5.9
7249,TAS,LAUNCESTON,8.0
7250,TAS,LAUNCESTON,0.0
7252,TAS,BELL BAY,14.0
7253,TAS,BELL BAY,0.0
7254,TAS,BELL BAY,30.8
7255,TAS,,
7256,TAS,KING ISLAND,0.0
7257,TAS,ST HELENS,89.3
7258,TAS,LAUNCESTON,13.3
7259,TAS,LAUNCESTON,24.8
7260,TAS,LAUNCESTON,46.7
7261,TAS,ST HELENS,46.0
7262,TAS,ST HELENS,65.4
7263,TAS,ST HELENS,31.3
7264,TAS,ST HELENS,29.9
7265,TAS,ST HELENS,31.0
7267,TAS,LAUNCESTON,18.6
7268,TAS,LAUNCESTON,12.6
7270,TAS,BELL BAY,7.8
7275,TAS,BELL BAY,22.5
7276,TAS,LAUNCESTON,17.8
7277,TAS,LAUNCESTON,9.9
7290,TAS,LAUNCESTON,9.0
7291,TAS,LAUNCESTON,12.2
7292,TAS,LAUNCESTON,11.9
7300,TAS,LAUNCESTON,23.4
7301,TAS,LAUNCESTON,18.8
7302,TAS,LAUNCESTON,31.2
7303,TAS,LAUNCESTON,28.4
7304,TAS,DELORAINE,0.7
7305,TAS,DEVONPORT,19.3
7306,TAS,DEVONPORT,25.8
7307,TAS,BELL BAY,23.9
7310,TAS,DEVONPORT,0.0
7315,TAS,DEVONPORT,15.8
7316,TAS,BURNIE,21.4
7320,TAS,BURNIE,0.0
7321,TAS,BURNIE,51.1
7322,TAS,BURNIE,6.5
7325,TAS,BURNIE,21.4
7330,TAS,SMITHTON,0.0
7331,TAS,SMITHTON,18.5
7466,TAS,DERWENT BRIDGE,60.1
7467,TAS,DELORAINE,67.7
7468,TAS,DERWENT BRIDGE,77.2
7469,TAS,DELORAINE,80.4
7470,TAS,DELORAINE,59.1
8003,VIC,MELBOURNE,2.3
8007,VIC,MELBOURNE,2.3
8008,VIC,MELBOURNE,3.5
8012,VIC,MELBOURNE,3.0
9464,QLD,BRISBANE,9.5
9726,QLD,SOUTHPORT,4.8
9999,VIC,MELBOURNE,2.3
