location,state,lat,long,exclusive_postcodes,note
ADELAIDE,SA,-34.9285,138.6007,,
ADL CENTRAL,SA,-34.9365,138.6078,5000,Assumed to be the CBD postcode only - confirm with Mainfreight
AGNES WATER,QLD,-24.3185,151.7277,,
ALBANY,WA,-34.9054,117.8633,,
ALBION PARK,NSW,-34.5835,150.7546,,
ALBURY,NSW,-36.0162,147.0265,,
ALICE SPRINGS,NT,-22.5338,132.1536,,
ANGASTON,SA,-34.5773,139.327,,
ARMIDALE,NSW,-30.4934,151.9062,,
ATHERTON,QLD,-17.3333,145.4767,,
AVALON,NSW,-33.6348,151.3233,,Name also in VIC; NSW chosen by rate tier
AYR,QLD,-19.915,147.133,,
BAIRNSDALE,VIC,-37.826,147.632,,
BALLARAT,VIC,-37.5719,143.8645,,
BANNOCKBURN,VIC,-38.0492,144.1946,,Name also in QLD; VIC chosen by rate tier
BARHAM,NSW,-35.5426,144.2302,,
BARNAWARTHA,VIC,-36.1192,146.7172,,
BATEMANS BAY,NSW,-35.6713,150.1259,,
BATHURST,NSW,-33.8208,149.4744,,
BEAUDESERT,QLD,-28.057,152.9751,,
BEGA,NSW,-36.7378,149.6992,,
BELL BAY,TAS,-41.1174,146.8307,,
BENALLA,VIC,-36.6124,146.0201,,
BENDIGO,VIC,-36.7643,144.2786,,
BERRI,SA,-34.3213,140.5562,,
BNE CENTRAL,QLD,-27.4684,153.023,4000,Assumed to be the CBD postcode only - confirm with Mainfreight
BOONAH,QLD,-28.1214,152.6006,,Name also in VIC; QLD chosen by rate tier
BORDERTOWN,SA,-36.1894,140.7882,,
BOURKE,NSW,-30.2059,145.2514,,
BOWEN,QLD,-20.0166,148.458,,Name also in NSW; QLD chosen by rate tier
BREWARRINA,NSW,-29.8313,146.9447,,
BRISBANE,QLD,-27.4684,153.0221,,
BROKEN HILL,NSW,-30.1704,142.2034,,
BROOME,WA,-18.7734,122.7538,,
BUNBURY,WA,-33.3411,115.6492,,Name also in SA; WA chosen by rate tier
BUNDABERG,QLD,-24.8878,152.2979,,
BUNGENDORE,NSW,-35.4698,149.484,,
BURNIE,TAS,-41.0842,145.8621,,
BUSSELTON,WA,-33.7289,115.3027,,
BYRON BAY,NSW,-28.6608,153.5928,,
CAIRNS,QLD,-16.9238,145.7423,,
CANBERRA,ACT,-35.2894,149.1574,,
CANNONVALE,QLD,-20.2711,148.989,,
CARABOODA,WA,-31.6091,115.7114,,
CARNARVON,WA,-24.7345,115.152,,
CEDUNA,SA,-32.2827,133.5823,,
CHARTERS TOWERS,QLD,-20.4284,146.2756,,
CHILDERS,QLD,-25.1893,152.301,,Name also in VIC; QLD chosen by rate tier
CLERMONT,QLD,-22.4493,147.1743,,
CLUNES,VIC,-37.2527,143.8156,,Name also in NSW; VIC chosen by rate tier
COBAR,NSW,-31.5518,145.4066,,
COFFS HARBOUR,NSW,-30.2962,153.1139,,
COLAC,VIC,-38.3115,143.5847,,
COLLIE,WA,-33.3526,116.2049,,Name also in NSW; WA chosen by rate tier
COLLINSVILLE,QLD,-20.868,147.5185,,Name also in SA; QLD chosen by rate tier
COOKTOWN,QLD,-15.5433,145.18,,
COOMA,NSW,-36.1773,149.1292,,Name also in VIC; NSW chosen by rate tier
COONABARABRAN,NSW,-31.1933,149.2639,,
COONAMBLE,NSW,-30.7662,148.2613,,
COOTAMUNDRA,NSW,-34.7145,147.8969,,
COROWA,NSW,-35.7576,146.3245,,
CORRIGIN,WA,-32.2863,117.8798,,
CORRYONG,VIC,-36.5863,148.038,,
COWRA,NSW,-33.8985,148.6648,,
CRAIGLIE,QLD,-16.5353,145.4676,,
CROOKWELL,NSW,-34.1965,149.2542,,
DALBY,QLD,-27.3168,150.911,,
DALWALLINU,WA,-30.2665,116.7506,,
DARWIN,NT,-12.4587,130.8367,,
DAYLESFORD,VIC,-37.3517,144.1442,,
DELORAINE,TAS,-41.7104,146.166,,
DERBY,WA,-17.0906,124.592,,Name also in TAS/VIC; WA chosen by rate tier
DERWENT BRIDGE,TAS,-42.5442,146.455,,
DEVONPORT,TAS,-41.2374,146.2394,,
DORRIGO,NSW,-30.3291,152.6211,,
DROUIN,VIC,-38.0963,145.8673,,
DUBBO,NSW,-32.2422,148.6573,,
DUNSBOROUGH,WA,-33.6108,115.0768,,
DYSART,QLD,-22.4979,148.2596,,Name also in TAS/VIC; QLD chosen by rate tier
ECHUCA,VIC,-36.169,144.7288,,
EMERALD,QLD,-23.6849,148.1879,,Name also in VIC; QLD chosen by rate tier
ESPERANCE,WA,-33.4012,122.2111,,
EXMOUTH,WA,-22.265,113.9548,,
FERNVALE,QLD,-27.4809,152.7254,,Name also in NSW/VIC; QLD chosen by rate tier
FLINDERS,VIC,-38.461,144.9767,,Name also in NSW; VIC chosen by rate tier
FORSTER,NSW,-32.1967,152.4542,,Name also in SA; NSW chosen by rate tier
GAWLER,SA,-34.5838,138.7057,,Name also in TAS; SA chosen by rate tier
GAYNDAH,QLD,-25.5711,151.6442,,
GEELONG,VIC,-38.157,144.3465,,
GERALDTON,WA,-28.8025,114.8625,,
GIN GIN,QLD,-25.0765,151.7894,,Name also in NSW; QLD chosen by rate tier
GLADSTONE,QLD,-23.4468,151.9173,,Name also in NSW/SA/TAS; QLD chosen by rate tier
GLOUCESTER,NSW,-31.9731,151.8658,,
GOONDIWINDI,QLD,-28.2289,150.321,,
GOSFORD,NSW,-33.3254,151.1892,,
GOULBURN,NSW,-34.7263,149.7292,,
GRAFTON,NSW,-29.3208,153.2711,,
GRENFELL,NSW,-33.9029,148.0546,,
GRIFFITH,NSW,-34.3214,145.9146,,Name also in ACT; NSW chosen by rate tier
GUNNEDAH,NSW,-31.0461,150.1992,,
GYMPIE,QLD,-26.1538,152.6169,,
HALLS CREEK,WA,-18.7055,127.3208,,Name also in NSW; WA chosen by rate tier
HAMILTON,VIC,-37.7432,142.0134,,Name also in NSW/QLD/SA/TAS; VIC chosen by rate tier
HARVEY,WA,-33.0312,116.0298,,
HAY,NSW,-34.2577,144.6952,,Name also in WA; NSW chosen by rate tier
HEALESVILLE,VIC,-37.6061,145.5138,,
HERVEY BAY,QLD,-25.338,152.7837,,
HOBART,TAS,-43.2071,146.832,,
HOPETOUN,VIC,-35.7157,142.3292,,Name also in WA; VIC chosen by rate tier
HORSHAM,VIC,-36.8034,142.0723,,
HUGHENDEN,QLD,-20.7942,144.2184,,
INGHAM,QLD,-18.5525,146.4957,,
INNISFAIL,QLD,-17.5203,145.8888,,
INVERELL,NSW,-29.6301,151.162,,
KALAMUNDA,WA,-32.109,116.2083,,
KALBARRI,WA,-27.5418,114.3797,,
KALGOORLIE,WA,-30.5991,121.4465,,
KARRATHA,WA,-21.1451,116.3499,,
KATANNING,WA,-33.6474,117.7389,,
KATHERINE,NT,-15.4533,133.4193,,
KATOOMBA,NSW,-33.8329,150.4356,,
KEMPSEY,NSW,-30.3758,153.0196,,
KERANG,VIC,-35.768,143.7694,,
KILCOY,QLD,-26.8758,152.5038,,
KING ISLAND,TAS,-39.8309,144.1598,7256,Island: its own postcode only
KINGAROY,QLD,-26.5769,151.5226,,
KINGSCOTE,SA,-35.8114,137.5417,5223,Kangaroo Island: its own postcode only
KUNUNURRA,WA,-17.2935,129.662,,
KYABRAM,VIC,-36.2846,145.0827,,
KYNETON,VIC,-37.1718,144.5447,,
LAUNCESTON,TAS,-41.4323,147.0776,,
LEONORA,WA,-28.9,121.0927,,
LEWISTON,SA,-34.5951,138.548,,
LISMORE,NSW,-28.7065,153.2594,,Name also in VIC; NSW chosen by rate tier
LITHGOW,NSW,-33.3107,150.3569,,
LONGREACH,QLD,-23.7907,143.4025,,Name also in NSW; QLD chosen by rate tier
LUCINDALE,SA,-37.1629,140.3218,,
MACKAY,QLD,-21.3376,149.0597,,
MAFFRA,VIC,-37.5717,146.8052,,Name also in NSW; VIC chosen by rate tier
MAGNETIC ISLAND,QLD,-19.1439,146.8318,4819,Island: its own postcode only
MAITLAND,NSW,-32.7417,151.5437,,Name also in SA/WA; NSW chosen by rate tier
MANANGATANG,VIC,-35.0602,142.8505,,
MANDURAH,WA,-32.558,115.7283,,
MANJIMUP,WA,-34.3128,116.4022,,
MAREEBA,QLD,-16.9723,145.3831,,
MARGARET RIVER,WA,-33.9414,115.281,,Name also in NT; WA chosen by rate tier
MAROOCHYDORE,QLD,-26.6551,153.0754,,
MARYBOROUGH,QLD,-25.641,152.7913,,Name also in VIC; QLD chosen by rate tier
MEEKATHARRA,WA,-25.6394,118.5549,,
MEL CENTRAL,VIC,-37.8144,144.9826,3000,Assumed to be the CBD postcode only - confirm with Mainfreight
MELBOURNE,VIC,-37.8144,144.9826,,
MELTON,VIC,-37.6561,144.5715,,Name also in SA; VIC chosen by rate tier
MERREDIN,WA,-31.4812,118.29,,
MILDURA,VIC,-34.1931,142.1542,,
MONARTO,SA,-35.097,139.4759,,
MOORE PARK,QLD,-24.8878,152.2979,,Name also in NSW; QLD chosen by rate tier
MORANBAH,QLD,-22.0184,148.0451,,
MORAWA,WA,-29.0217,116.1205,,
MOREE,NSW,-29.4749,149.4621,,
MORWELL,VIC,-38.2452,146.4245,,
MOSS VALE,NSW,-34.595,150.411,,
MOUNT BARKER,SA,-35.0933,138.8818,,Name also in WA; SA chosen by rate tier
MOUNT BULLER,VIC,-36.8945,146.2565,,
MOUNT GAMBIER,SA,-37.8839,140.7421,,
MOUNT GARNET,QLD,-18.0281,145.1573,,
MOUNT ISA,QLD,-20.7256,139.4927,,
MOUNT PLEASANT,SA,-34.7053,139.0846,,Name also in NSW/QLD/VIC/WA; SA chosen by rate tier
MUDGEE,NSW,-32.685,149.6029,,
MURRAY BRIDGE,SA,-35.1031,139.3748,,
MURWILLUMBAH,NSW,-28.3806,153.3165,,
MUSWELLBROOK,NSW,-32.2486,150.7019,,
MYRTLEFORD,VIC,-36.554,146.8276,,
NARACOORTE,SA,-36.7929,140.4965,,
NARROGIN,WA,-32.9791,117.3069,,
NEWCASTLE,NSW,-32.9316,151.778,,
NEWDEGATE,WA,-33.0327,119.0983,,
NEWMAN,WA,-23.1541,119.7141,,
NOONAMAH,NT,-12.6419,131.094,,
NORTHAM,WA,-31.6403,116.6817,,
NOWRA,NSW,-34.9906,150.451,,
ORANGE,NSW,-33.2339,149.1163,,
ORBOST,VIC,-37.3905,148.6609,,
PARKES,NSW,-33.0355,148.1682,,Name also in ACT; NSW chosen by rate tier
PARKHURST,QLD,-23.2796,150.8858,,
PER CENTRAL,WA,-31.9488,115.8599,6000,Assumed to be the CBD postcode only - confirm with Mainfreight
PERTH,WA,-31.9488,115.8599,,Name also in TAS; WA chosen by rate tier
PETERBOROUGH,SA,-32.9734,138.7712,,Name also in VIC; SA chosen by rate tier
PINNAROO,SA,-35.551,140.7322,,
POKOLBIN,NSW,-32.7417,151.5437,,
PORT AUGUSTA,SA,-30.9269,136.698,,
PORT DOUGLAS,QLD,-16.5353,145.4676,,
PORT HEDLAND,WA,-20.7108,118.4417,,
PORT KENNEDY,WA,-32.3755,115.7531,,
PORT LINCOLN,SA,-35.2648,136.6579,,
PORT MACQUARIE,NSW,-31.4396,152.8725,,
PORT PIRIE,SA,-33.2058,138.0802,,
PORTLAND,VIC,-38.2355,141.4372,,Name also in NSW; VIC chosen by rate tier
PROSERPINE,QLD,-20.4654,148.5163,,
RENMARK,SA,-33.7391,140.7532,,
ROBINVALE,VIC,-34.766,142.821,,
ROCKHAMPTON,QLD,-23.1802,150.9581,,
ROMA,QLD,-26.7328,148.6902,,
ROSEBUD,VIC,-38.4278,144.9004,,
ROXBY DOWNS,SA,-30.4309,136.7467,,
RUTHERGLEN,VIC,-36.0564,146.4706,,
SALAMANDER BAY,NSW,-32.7209,152.0764,,
SALE,VIC,-38.2242,147.1062,,
SARINA,QLD,-21.43,149.1781,,
SCONE,NSW,-31.9668,151.0804,,
SEAFORTH,QLD,-20.8086,149.2717,,Name also in NSW; QLD chosen by rate tier
SEYMOUR,VIC,-37.0359,145.2579,,Name also in TAS; VIC chosen by rate tier
SHEPPARTON,VIC,-36.3809,145.4032,,
SINGLETON,NSW,-32.7605,150.9721,,Name also in WA; NSW chosen by rate tier
SMITHFIELD HEIGHTS,QLD,-16.8394,145.7115,,"Taken as Smithfield, Cairns"
SMITHTON,TAS,-40.7823,145.0576,,
SOUTHPORT,QLD,-27.9671,153.398,,Name also in NT/TAS; QLD chosen by rate tier
ST ARNAUD,VIC,-36.6886,143.2307,,
ST GEORGE,QLD,-27.9312,148.4085,,Name also in NSW; QLD chosen by rate tier
ST HELENS,TAS,-41.2842,148.0764,,Name also in QLD/VIC; TAS chosen by rate tier
SUSSEX INLET,NSW,-34.8635,150.6164,,
SWAN HILL,VIC,-35.3484,143.3369,,
SYD CENTRAL,NSW,-33.86,151.2505,2000,Assumed to be the CBD postcode only - confirm with Mainfreight
SYDNEY,NSW,-33.86,151.2566,,
TAMBORINE,QLD,-27.8623,153.1356,,
TAMWORTH,NSW,-31.3336,151.1383,,
TANNUM SANDS,QLD,-23.4468,151.9173,,
TAREE,NSW,-31.8993,152.5032,,
TENNANT CREEK,NT,-18.7148,134.3666,,
TENTERFIELD,NSW,-29.0833,151.9997,,
TIERI,QLD,-23.0597,148.4292,,
TIN CAN BAY,QLD,-25.891,152.929,,
TOM PRICE,WA,-22.1413,117.0578,,
TOODYAY,WA,-31.4849,116.3806,,
TOOWOOMBA,QLD,-27.5763,151.8527,,
TOWNSVILLE,QLD,-19.2278,146.7647,,
TRARALGON,VIC,-38.3169,146.6071,,
TULLY,QLD,-18.0202,145.8421,,
TUMUT,NSW,-35.3799,148.3836,,
TWEED HEADS,NSW,-28.1842,153.5268,,
ULLADULLA,NSW,-35.5224,150.3932,,
VICTOR HARBOR,SA,-35.5662,138.628,,
WAGGA WAGGA,NSW,-35.0746,147.3762,,
WAGIN,WA,-33.2863,117.3428,,
WANGARATTA,VIC,-36.358,146.3306,,Name also in QLD; VIC chosen by rate tier
WARRAGUL,VIC,-38.2075,145.9222,,
WARRNAMBOOL,VIC,-38.3788,142.4829,,
WARWICK,QLD,-28.2598,152.0552,,Name also in WA; QLD chosen by rate tier
WAUCHOPE,NSW,-31.3874,152.4669,,
WEIPA,QLD,-12.5339,142.2679,,
WELLINGTON,NSW,-32.5533,148.9892,,Name also in SA; NSW chosen by rate tier
WERRIBEE,VIC,-37.9162,144.6421,,
WHYALLA,SA,-33.0363,137.2773,,
WOLLONGONG,NSW,-34.4232,150.8743,,
WONTHAGGI,VIC,-38.5781,145.6307,,
WOODEND,VIC,-37.3307,144.5488,,Name also in QLD; VIC chosen by rate tier
WUDINNA,SA,-33.0913,135.2498,,
WYONG,NSW,-33.2088,151.3772,,
YAMBA,NSW,-29.4846,153.3342,,Name also in SA; NSW chosen by rate tier
YARRAM,VIC,-38.6319,146.8157,,
YARRAWONGA,VIC,-36.0518,145.9748,,Name also in NSW/NT/QLD; VIC chosen by rate tier
YEPPOON,QLD,-23.0746,150.8943,,
YOUNG,NSW,-34.2311,148.1073,,
