location,basic_charge,minimum,per_kg_1_250,per_kg_251_500,per_kg_501_1000,per_kg_1001_3000,per_kg_3001_12000,per_kg_12001_plus
ADELAIDE,19.64,98.2,0.4318,0.2977,0.254,0.2369,0.2137,0.2024
ADL CENTRAL,19.64,98.2,0.591,0.3826,0.3145,0.2269,0.2063,0.1961
AGNES WATER,41.09,123.24,2.3183,1.7592,1.5764,1.4734,1.4093,1.3963
ALBANY,41.09,123.24,2.7646,2.2626,1.8345,1.7336,1.7056,1.6921
ALBION PARK,41.09,123.24,1.2107,0.7746,0.6323,0.5804,0.5043,0.466
ALBURY,27.39,102.7,0.8354,0.5334,0.4346,0.3963,0.3442,0.3179
ALICE SPRINGS,43.37,130.1,2.5979,1.6272,1.3438,1.3015,1.2134,1.2011
ANGASTON,41.09,123.24,1.1509,0.7429,0.6096,0.5613,0.4901,0.4538
ARMIDALE,41.09,123.24,2.1214,1.5702,1.3196,1.1518,1.0327,1.019
ATHERTON,41.09,123.24,3.3425,2.7282,2.4757,2.2759,2.1371,2.1231
AVALON,41.09,123.24,1.2107,0.7746,0.6323,0.5804,0.5043,0.466
AYR,41.09,123.24,2.6912,2.0573,1.8504,1.775,1.6644,1.609
BAIRNSDALE,41.09,123.24,2.5224,1.409,0.884,0.6833,0.5256,0.5117
BALLARAT,27.39,102.7,0.7097,0.4351,0.3449,0.3101,0.2627,0.2386
BANNOCKBURN,41.09,123.24,0.9667,0.5798,0.4536,0.4041,0.3376,0.3038
BARHAM,41.09,123.24,2.6021,1.6697,1.261,1.1362,1.0251,1.0111
BARNAWARTHA,41.09,123.24,1.1285,0.6894,0.5459,0.4936,0.4173,0.3785
BATEMANS BAY,41.09,123.24,1.8131,1.3695,0.9412,0.8716,0.8092,0.7959
BATHURST,41.09,123.24,1.4784,1.0294,0.9333,0.8667,0.8212,0.8073
BEAUDESERT,41.09,123.24,2.143,1.3759,1.1257,1.0346,0.9006,0.8336
BEGA,41.09,123.24,1.9216,1.5326,1.0139,0.8896,0.8273,0.8139
BELL BAY,41.09,123.24,1.908,1.2059,1.0207,0.8978,0.8517,0.8315
BENALLA,41.09,123.24,1.4038,0.836,0.6508,0.5833,0.4839,0.434
BENDIGO,27.39,102.7,0.7633,0.4882,0.3983,0.3637,0.3161,0.292
BERRI,41.09,123.24,1.7134,1.2968,1.0999,0.861,0.7835,0.7689
BNE CENTRAL,13.1,98.2,0.9232,0.6073,0.5085,0.3779,0.3489,0.3345
BOONAH,41.09,123.24,1.4347,0.9988,0.8563,0.8043,0.7284,0.69
BORDERTOWN,41.09,123.24,2.4693,1.8033,1.3351,1.18,1.1108,1.0971
BOURKE,41.09,123.24,3.4567,1.3909,1.2294,1.0739,1.0,0.9865
BOWEN,41.09,123.24,3.1411,2.6966,2.153,1.9377,1.9026,1.8862
BREWARRINA,41.09,123.24,3.4567,1.3909,1.2294,1.0739,1.0,0.9865
BRISBANE,13.1,98.2,0.6237,0.4548,0.3998,0.3779,0.3489,0.3345
BROKEN HILL,41.09,123.24,2.0855,1.271,0.9823,0.8086,0.73,0.7167
BROOME,41.09,123.24,3.7086,3.0756,2.9158,2.8302,2.7742,2.7605
BUNBURY,27.39,102.7,2.0198,1.7448,1.6548,1.6199,1.5727,1.5484
BUNDABERG,41.09,123.24,1.6458,1.3695,1.2589,1.1757,1.1378,1.124
BUNGENDORE,41.09,123.24,1.5015,0.9306,0.7429,0.6578,0.5804,0.5665
BURNIE,13.7,123.24,1.0733,0.7168,0.6198,0.5597,0.5316,0.5194
BUSSELTON,41.09,123.24,2.3043,1.8962,1.763,1.7146,1.6434,1.6072
BYRON BAY,41.09,123.24,1.7858,1.4757,1.3206,1.212,1.1746,1.1608
CAIRNS,41.09,123.24,2.5502,2.1591,1.9801,1.9021,1.8395,1.8263
CANBERRA,13.7,102.7,0.4777,0.3206,0.2694,0.2494,0.2223,0.2089
CANNONVALE,41.09,123.24,3.2202,2.6726,2.4883,2.3628,2.258,2.2443
CARABOODA,41.09,123.24,2.04,1.6321,1.4986,1.4503,1.3791,1.3429
CARNARVON,41.09,123.24,3.37,2.2819,2.1804,2.1201,2.0879,2.0726
CEDUNA,41.09,123.24,3.3359,2.5723,2.4242,1.8815,1.8457,1.8281
CHARTERS TOWERS,41.09,123.24,3.1411,2.6966,2.153,1.9377,1.9026,1.8862
CHILDERS,41.09,123.24,2.3183,1.7592,1.5764,1.4734,1.4093,1.3963
CLERMONT,41.09,123.24,4.4129,3.4237,2.9525,2.3853,2.3431,2.3294
CLUNES,41.09,123.24,2.3429,0.9912,0.6145,0.5435,0.489,0.4773
COBAR,41.09,123.24,2.5431,1.8562,1.4865,1.3695,1.1544,1.1407
COFFS HARBOUR,41.09,123.24,1.6406,1.244,1.1671,1.1001,1.0648,1.051
COLAC,41.09,123.24,1.4869,0.8304,0.6715,0.561,0.5036,0.4901
COLLIE,41.09,123.24,2.982,2.637,2.4307,2.3379,2.2321,2.2185
COLLINSVILLE,41.09,123.24,3.1411,2.6966,2.153,1.9377,1.9026,1.8862
COOKTOWN,41.09,123.24,4.3749,3.5882,3.4155,3.3326,3.2597,3.2462
COOMA,41.09,123.24,1.9652,1.1324,0.9072,0.7781,0.693,0.6792
COONABARABRAN,41.09,123.24,2.0021,1.5173,1.3324,1.0734,0.9371,0.9233
COONAMBLE,41.09,123.24,2.1854,1.6001,1.3051,1.2557,1.227,1.2132
COOTAMUNDRA,41.09,123.24,2.8931,2.2683,1.5257,1.2947,1.2085,1.1948
COROWA,41.09,123.24,1.0619,0.6541,0.5208,0.4721,0.4012,0.3649
CORRIGIN,41.09,123.24,3.619,2.1345,1.9262,1.8319,1.7917,1.7738
CORRYONG,41.09,123.24,1.8144,0.8739,0.7487,0.6319,0.5524,0.5387
COWRA,41.09,123.24,2.0206,1.3565,1.1805,1.0746,0.9669,0.9531
CRAIGLIE,41.09,123.24,4.3749,3.5882,3.4155,3.3326,3.2597,3.2462
CROOKWELL,41.09,123.24,1.7596,1.0498,0.826,0.718,0.6374,0.6234
DALBY,41.09,123.24,1.665,1.2258,1.0825,1.0304,0.9537,0.915
DALWALLINU,41.09,123.24,1.9614,1.8315,1.7893,1.7735,1.7512,1.7394
DARWIN,14.47,130.1,1.5087,1.0855,0.9686,0.9359,0.8944,0.8854
DAYLESFORD,41.09,123.24,1.5658,1.4178,1.102,0.8597,0.7291,0.7172
DELORAINE,41.09,123.24,1.908,1.2059,1.0207,0.8978,0.8517,0.8315
DERBY,41.09,123.24,3.7086,3.0756,2.9158,2.8302,2.7742,2.7605
DERWENT BRIDGE,41.09,123.24,1.908,1.2059,1.0207,0.8978,0.8517,0.8315
DEVONPORT,41.09,123.24,1.908,1.2059,1.0207,0.8978,0.8517,0.8315
DORRIGO,41.09,123.24,2.0191,1.5129,1.3924,1.2777,1.18,1.1661
DROUIN,41.09,123.24,1.087,0.579,0.4133,0.3527,0.2641,0.2198
DUBBO,41.09,123.24,1.6811,1.2545,1.1579,1.103,1.0685,1.0545
DUNSBOROUGH,41.09,123.24,2.3043,1.8962,1.763,1.7146,1.6434,1.6072
DYSART,41.09,123.24,3.6762,2.8847,2.6849,2.5526,2.4101,2.3967
ECHUCA,41.09,123.24,1.1142,0.6751,0.5316,0.4793,0.4029,0.3642
EMERALD,41.09,123.24,3.0474,2.4081,1.9695,1.8203,1.7468,1.7331
ESPERANCE,41.09,123.24,3.3824,2.5384,2.061,2.0146,1.9868,1.973
EXMOUTH,41.09,123.24,3.37,2.9129,2.8111,2.7514,2.7188,2.7036
FERNVALE,41.09,123.24,1.4347,0.9988,0.8563,0.8043,0.7284,0.69
FLINDERS,41.09,123.24,0.9333,0.4971,0.355,0.3029,0.2267,0.1885
FORSTER,41.09,123.24,1.6178,1.3206,1.019,0.9371,0.8877,0.8737
GAWLER,41.09,123.24,1.1509,0.7429,0.6096,0.5613,0.4901,0.4538
GAYNDAH,41.09,123.24,2.3183,1.7592,1.5764,1.4734,1.4093,1.3963
GEELONG,27.39,102.7,0.7857,0.4836,0.3849,0.3465,0.2946,0.2681
GERALDTON,41.09,123.24,2.7052,2.1452,1.8764,1.7829,1.7544,1.7408
GIN GIN,41.09,123.24,2.1748,1.6431,1.4085,1.349,1.3215,1.3085
GLADSTONE,41.09,123.24,2.1005,1.6996,1.4473,1.3351,1.3014,1.2857
GLOUCESTER,41.09,123.24,1.9939,1.5997,1.415,1.2674,1.1875,1.1733
GOONDIWINDI,41.09,123.24,3.3671,2.4144,1.8194,1.2646,1.2306,1.2167
GOSFORD,41.09,123.24,1.2636,0.8243,0.6811,0.6287,0.5524,0.5137
GOULBURN,41.09,123.24,1.2067,0.7673,0.6241,0.5718,0.4955,0.4568
GRAFTON,41.09,123.24,1.9264,1.3997,1.2928,1.1926,1.1448,1.1312
GRENFELL,41.09,123.24,2.0206,1.3565,1.1805,1.0746,0.9669,0.9531
GRIFFITH,41.09,123.24,1.7816,1.0371,0.7942,0.7055,0.5757,0.5109
GUNNEDAH,41.09,123.24,2.1214,1.5702,1.3196,1.1518,1.0327,1.019
GYMPIE,41.09,123.24,1.953,1.6113,1.5102,1.4182,1.3394,1.3255
HALLS CREEK,41.09,123.24,3.8928,3.5257,3.424,3.3639,3.3316,3.3163
HAMILTON,41.09,123.24,1.5393,1.2621,0.8645,0.6096,0.5815,0.5676
HARVEY,41.09,123.24,2.982,2.637,2.4307,2.3379,2.2321,2.2185
HAY,41.09,123.24,2.8931,2.2683,1.5257,1.2947,1.2085,1.1948
HEALESVILLE,41.09,123.24,1.1752,0.6257,0.4466,0.3816,0.2856,0.2376
HERVEY BAY,41.09,123.24,1.5961,1.3361,1.2644,1.2365,1.2024,1.1907
HOBART,13.7,123.24,1.0733,0.7168,0.6198,0.5597,0.5316,0.5194
HOPETOUN,41.09,123.24,1.3613,1.0922,0.7667,0.6096,0.5815,0.5676
HORSHAM,41.09,123.24,1.4264,1.0232,0.8916,0.8435,0.7733,0.7376
HUGHENDEN,41.09,123.24,4.6269,4.1303,2.7989,2.5044,2.4667,2.4496
INGHAM,41.09,123.24,2.5122,2.2141,2.0151,1.9111,1.7807,1.7688
INNISFAIL,41.09,123.24,2.5126,2.1259,2.0075,1.951,1.9111,1.8973
INVERELL,41.09,123.24,2.2405,1.6896,1.4165,1.2538,1.1572,1.1433
KALAMUNDA,41.09,123.24,2.04,1.6321,1.4986,1.4503,1.3791,1.3429
KALBARRI,41.09,123.24,4.3658,3.9753,3.8679,3.8033,3.7702,3.7544
KALGOORLIE,41.09,123.24,2.8138,2.1931,2.004,1.9382,1.9101,1.8962
KARRATHA,41.09,123.24,3.537,2.721,2.5948,2.5367,2.4972,2.4835
KATANNING,41.09,123.24,3.5247,2.6808,2.2032,2.1568,2.1288,2.1154
KATHERINE,43.37,130.1,3.2205,2.1052,1.9229,1.8997,1.7494,1.737
KATOOMBA,41.09,123.24,1.2107,0.7746,0.6323,0.5804,0.5043,0.466
KEMPSEY,41.09,123.24,2.0191,1.5129,1.3924,1.2777,1.18,1.1661
KERANG,41.09,123.24,2.3249,1.6143,1.1505,1.0256,0.9694,0.9555
KILCOY,41.09,123.24,1.5941,1.1547,1.0115,0.9593,0.8827,0.844
KING ISLAND,41.09,123.24,4.7998,4.0981,3.9128,3.7898,3.7434,3.7236
KINGAROY,41.09,123.24,1.8186,1.3076,1.1409,1.08,0.9912,0.9466
KINGSCOTE,41.09,123.24,3.2618,2.7058,2.0087,1.8122,1.682,1.668
KUNUNURRA,41.09,123.24,3.7821,3.4147,3.3131,3.253,3.2205,3.2057
KYABRAM,41.09,123.24,1.4209,1.1188,0.943,0.718,0.6884,0.6762
KYNETON,41.09,123.24,1.0476,0.6399,0.5064,0.4579,0.387,0.3505
LAUNCESTON,41.09,123.24,1.908,1.2059,1.0207,0.8978,0.8517,0.8315
LEONORA,41.09,123.24,3.2358,2.7355,2.6008,2.5153,2.4778,2.4606
LEWISTON,41.09,123.24,1.6417,1.1904,0.9466,0.8369,0.8083,0.7948
LISMORE,41.09,123.24,1.6156,1.3246,1.2053,1.1515,1.1178,1.1038
LITHGOW,41.09,123.24,1.8248,1.1943,0.9853,0.9061,0.8553,0.8412
LONGREACH,41.09,123.24,4.4129,3.4237,2.9525,2.3853,2.3431,2.3294
LUCINDALE,41.09,123.24,4.1808,3.0778,2.3634,1.5276,1.4728,1.4589
MACKAY,41.09,123.24,2.1502,1.7853,1.6413,1.5367,1.4819,1.4684
MAFFRA,41.09,123.24,2.5224,1.409,0.884,0.6833,0.5256,0.5117
MAGNETIC ISLAND,41.09,123.24,7.2014,3.1087,2.2201,2.0855,2.0632,2.0513
MAITLAND,41.09,123.24,1.7134,1.2857,1.0228,0.8396,0.785,0.7708
MANANGATANG,41.09,123.24,2.8782,1.7245,1.3989,1.2193,1.1359,1.1221
MANDURAH,41.09,123.24,2.1065,1.6673,1.5239,1.4715,1.3952,1.3565
MANJIMUP,41.09,123.24,2.982,2.637,2.4307,2.3379,2.2321,2.2185
MAREEBA,41.09,123.24,3.3425,2.7282,2.4757,2.2759,2.1371,2.1231
MARGARET RIVER,41.09,123.24,2.3707,1.9313,1.7882,1.7358,1.6593,1.6206
MAROOCHYDORE,20.54,102.7,0.7053,0.4982,0.4308,0.4065,0.3702,0.3524
MARYBOROUGH,41.09,123.24,1.5961,1.3361,1.2644,1.2365,1.2024,1.1907
MEEKATHARRA,41.09,123.24,3.37,2.3998,2.2981,2.238,2.2058,2.1904
MEL CENTRAL,27.39,102.7,1.334,0.6976,0.4979,0.2506,0.1878,0.1561
MELBOURNE,27.39,102.7,0.7835,0.4175,0.2981,0.2506,0.1878,0.1561
MELTON,41.09,123.24,1.0002,0.5762,0.4377,0.3834,0.3105,0.2734
MERREDIN,41.09,123.24,2.556,2.0634,1.9431,1.8761,1.8478,1.8345
MILDURA,41.09,123.24,1.6245,1.3513,1.1168,1.0648,1.0251,1.0111
MONARTO,41.09,123.24,1.1509,0.7429,0.6096,0.5613,0.4901,0.4538
MOORE PARK,41.09,123.24,1.9084,1.6491,1.4591,1.4214,1.3944,1.381
MORANBAH,41.09,123.24,3.5155,2.8124,2.6242,2.4951,2.3802,2.3665
MORAWA,41.09,123.24,4.2737,2.9558,2.5513,1.942,1.9021,1.8841
MOREE,41.09,123.24,2.2405,1.6896,1.4165,1.2538,1.1572,1.1433
MORWELL,41.09,123.24,1.334,0.6976,0.4979,0.2506,0.1878,0.1561
MOSS VALE,41.09,123.24,1.2107,0.7746,0.6323,0.5804,0.5043,0.466
MOUNT BARKER,13.7,123.24,0.631,0.4037,0.3297,0.3029,0.2631,0.2434
MOUNT BULLER,41.09,123.24,2.3229,1.1424,0.904,0.7663,0.6869,0.6729
MOUNT GAMBIER,41.09,123.24,1.8502,1.3503,1.0388,0.8553,0.807,0.793
MOUNT GARNET,41.09,123.24,4.6934,3.988,3.8035,3.7296,3.4963,3.4825
MOUNT ISA,41.09,123.24,4.47,4.1251,3.9707,3.9035,3.8495,3.8355
MOUNT PLEASANT,41.09,123.24,1.5848,1.09,0.8493,0.7265,0.6981,0.6847
MUDGEE,41.09,123.24,1.8077,1.1717,1.047,0.9412,0.7248,0.7111
MURRAY BRIDGE,41.09,123.24,1.1509,0.7429,0.6096,0.5613,0.4901,0.4538
MURWILLUMBAH,41.09,123.24,1.944,1.5835,1.415,1.3048,1.2738,1.26
MUSWELLBROOK,41.09,123.24,1.6765,1.1917,1.0068,0.8563,0.7202,0.7062
MYRTLEFORD,41.09,123.24,1.7263,1.1562,0.819,0.6472,0.55,0.5362
NARACOORTE,41.09,123.24,1.8502,1.3503,1.0388,0.8553,0.807,0.793
NARROGIN,41.09,123.24,2.556,2.0634,1.9431,1.8761,1.8478,1.8345
NEWCASTLE,13.7,102.7,0.5019,0.3448,0.2935,0.2735,0.2465,0.2331
NEWDEGATE,41.09,123.24,3.8225,3.2184,2.9558,2.2797,2.2459,2.2302
NEWMAN,41.09,123.24,3.37,2.5762,2.4746,2.4144,2.3821,2.3668
NOONAMAH,43.37,130.1,3.6474,2.8885,2.6832,2.6268,2.5572,2.5446
NORTHAM,41.09,123.24,2.556,2.0634,1.9431,1.8761,1.8478,1.8345
NOWRA,41.09,123.24,1.7043,1.261,0.8691,0.781,0.7187,0.7055
ORANGE,41.09,123.24,1.4144,1.124,1.0393,0.9954,0.9669,0.9531
ORBOST,41.09,123.24,3.2517,1.8281,1.2452,0.9443,0.8958,0.8821
PARKES,41.09,123.24,2.0206,1.3565,1.1805,1.0746,0.9669,0.9531
PARKHURST,41.09,123.24,2.0801,1.7942,1.6274,1.4819,1.436,1.4222
PER CENTRAL,13.1,98.2,1.1571,0.8785,0.7876,0.6687,0.6416,0.6282
PERTH,13.1,98.2,0.9463,0.7661,0.7074,0.6844,0.6532,0.6379
PETERBOROUGH,41.09,123.24,1.9709,1.5092,1.2074,0.9095,0.8396,0.8257
PINNAROO,41.09,123.24,1.9963,1.6313,1.372,0.9049,0.8703,0.8556
POKOLBIN,41.09,123.24,1.1743,0.7689,0.6472,0.5981,0.5291,0.4942
PORT AUGUSTA,41.09,123.24,1.9709,1.5092,1.2074,0.9095,0.8396,0.8257
PORT DOUGLAS,41.09,123.24,3.3425,2.7282,2.4757,2.2759,2.1371,2.1231
PORT HEDLAND,41.09,123.24,3.537,2.721,2.5948,2.5367,2.4972,2.4835
PORT KENNEDY,41.09,123.24,2.04,1.6321,1.4986,1.4503,1.3791,1.3429
PORT LINCOLN,41.09,123.24,2.854,1.9622,1.5656,1.2163,1.1555,1.1394
PORT MACQUARIE,41.09,123.24,2.0191,1.5129,1.3924,1.2777,1.18,1.1661
PORT PIRIE,41.09,123.24,1.7458,1.3255,1.0719,0.9275,0.8095,0.7959
PORTLAND,41.09,123.24,1.5393,1.2621,0.8645,0.6096,0.5815,0.5676
PROSERPINE,41.09,123.24,3.2202,2.6726,2.4883,2.3628,2.258,2.2443
RENMARK,41.09,123.24,1.7134,1.2968,1.0999,0.861,0.7835,0.7689
ROBINVALE,41.09,123.24,2.6021,1.6697,1.261,1.1362,1.0251,1.0111
ROCKHAMPTON,41.09,123.24,1.9933,1.6924,1.5334,1.434,1.3692,1.3555
ROMA,41.09,123.24,3.5792,2.5639,1.9492,1.3837,1.3399,1.3265
ROSEBUD,41.09,123.24,0.9333,0.4971,0.355,0.3029,0.2267,0.1885
ROXBY DOWNS,41.09,123.24,3.1301,2.5037,2.3902,1.8732,1.8428,1.8268
RUTHERGLEN,41.09,123.24,1.0619,0.6541,0.5208,0.4721,0.4012,0.3649
SALAMANDER BAY,41.09,123.24,1.197,0.7893,0.6557,0.6074,0.5362,0.5001
SALE,41.09,123.24,1.4643,0.7799,0.5565,0.4755,0.3561,0.2958
SARINA,41.09,123.24,2.6178,2.1278,1.9522,1.8364,1.7397,1.726
SCONE,41.09,123.24,1.8393,1.3547,1.1149,0.9651,0.8282,0.8143
SEAFORTH,41.09,123.24,3.1337,2.6669,2.5891,2.4117,2.3151,2.3014
SEYMOUR,41.09,123.24,1.0256,0.5896,0.4475,0.3954,0.3194,0.281
SHEPPARTON,41.09,123.24,1.7068,0.9973,0.7657,0.6815,0.5577,0.4955
SINGLETON,41.09,123.24,1.2636,0.8243,0.6811,0.6287,0.5524,0.5137
SMITHFIELD HEIGHTS,41.09,123.24,2.7545,2.2884,2.0941,2.0068,1.9394,1.9257
SMITHTON,41.09,123.24,1.908,1.2059,1.0207,0.8978,0.8517,0.8315
SOUTHPORT,13.7,102.7,0.6229,0.4658,0.4145,0.3945,0.3674,0.354
ST ARNAUD,41.09,123.24,2.3429,0.9912,0.6145,0.5435,0.489,0.4773
ST GEORGE,41.09,123.24,5.266,4.066,3.4034,2.8138,2.76,2.7463
ST HELENS,41.09,123.24,2.1022,1.4841,1.3478,1.2937,1.2713,1.2597
SUSSEX INLET,41.09,123.24,1.8131,1.3695,0.9412,0.8716,0.8092,0.7959
SWAN HILL,41.09,123.24,2.1036,1.3379,1.0669,0.9706,0.9148,0.9008
SYD CENTRAL,13.1,98.2,0.9745,0.5876,0.4613,0.2839,0.2492,0.2321
SYDNEY,13.7,102.7,0.5615,0.3674,0.3042,0.2773,0.2444,0.2281
TAMBORINE,41.09,123.24,1.4093,0.9853,0.8467,0.7923,0.7195,0.6823
TAMWORTH,13.7,102.7,0.5502,0.431,0.3919,0.3769,0.3563,0.3461
TANNUM SANDS,41.09,123.24,2.3205,1.7696,1.5157,1.4473,1.4134,1.3977
TAREE,41.09,123.24,1.3026,0.9853,0.892,0.8358,0.7963,0.7821
TENNANT CREEK,43.37,130.1,2.8816,1.8006,1.569,1.5171,1.4594,1.4469
TENTERFIELD,41.09,123.24,2.5076,1.9564,1.6178,1.4014,1.2311,1.2173
TIERI,41.09,123.24,4.4129,3.4237,2.9525,2.3853,2.3431,2.3294
TIN CAN BAY,41.09,123.24,2.1053,1.7388,1.6116,1.4688,1.4155,1.4019
TOM PRICE,41.09,123.24,3.37,2.7522,2.6504,2.5903,2.5585,2.5431
TOODYAY,41.09,123.24,3.3217,2.3953,2.1345,1.9348,1.854,1.8405
TOOWOOMBA,13.7,102.7,0.6415,0.5074,0.4637,0.4466,0.4234,0.4121
TOWNSVILLE,13.7,102.7,0.8163,0.6971,0.6581,0.6431,0.6224,0.6123
TRARALGON,41.09,123.24,1.334,0.6976,0.4979,0.2506,0.1878,0.1561
TULLY,41.09,123.24,2.9885,2.3466,2.1515,2.0638,2.0015,1.9876
TUMUT,41.09,123.24,2.4282,1.5748,1.2264,1.0517,0.9542,0.9407
TWEED HEADS,20.54,123.24,0.6845,0.4944,0.4381,0.4152,0.3827,0.3669
ULLADULLA,41.09,123.24,1.8131,1.3695,0.9412,0.8716,0.8092,0.7959
VICTOR HARBOR,41.09,123.24,1.5901,1.137,0.8978,0.7779,0.7496,0.7358
WAGGA WAGGA,41.09,123.24,1.2823,0.7711,0.6043,0.5435,0.4544,0.4096
WAGIN,41.09,123.24,3.5247,2.6808,2.2032,2.1568,2.1288,2.1154
WANGARATTA,41.09,123.24,1.2823,0.7711,0.6043,0.5435,0.4544,0.4096
WARRAGUL,41.09,123.24,1.1752,0.6257,0.4466,0.3816,0.2856,0.2376
WARRNAMBOOL,41.09,123.24,1.1312,0.8471,0.5835,0.5267,0.4986,0.4848
WARWICK,41.09,123.24,1.7383,1.265,1.1108,1.0542,0.9716,0.93
WAUCHOPE,41.09,123.24,2.4016,1.7431,1.5773,1.3902,1.283,1.2693
WEIPA,41.09,123.24,7.4049,6.7513,6.6258,6.5371,6.4612,6.4473
WELLINGTON,41.09,123.24,1.9703,1.4473,1.3282,1.2788,1.2503,1.2365
WERRIBEE,41.09,123.24,1.0985,0.6284,0.4752,0.419,0.3372,0.2958
WHYALLA,41.09,123.24,2.0252,1.6068,1.2395,0.9386,0.8619,0.8476
WOLLONGONG,41.09,123.24,1.2107,0.7746,0.6323,0.5804,0.5043,0.466
WONTHAGGI,41.09,123.24,1.1752,0.6257,0.4466,0.3816,0.2856,0.2376
WOODEND,41.09,123.24,1.0985,0.6284,0.4752,0.419,0.3372,0.2958
WUDINNA,41.09,123.24,3.3359,2.5723,2.4242,1.8815,1.8457,1.8281
WYONG,41.09,123.24,1.197,0.7893,0.6557,0.6074,0.5362,0.5001
YAMBA,41.09,123.24,2.0191,1.5129,1.3924,1.2777,1.18,1.1661
YARRAM,41.09,123.24,3.2517,1.8281,1.2452,0.9443,0.8958,0.8821
YARRAWONGA,41.09,123.24,1.2823,0.7711,0.6043,0.5435,0.4544,0.4096
YEPPOON,41.09,123.24,2.2378,1.8088,1.6239,1.5214,1.3997,1.386
YOUNG,41.09,123.24,1.5509,0.9646,0.7673,0.6787,0.6127,0.5993
