id,custom_label_4
MBRMRL01,ads-national
MBRMRL03,ads-national
MEWMACC01,ads-national
MEWMACC02,ads-national
MEWMBER01,ads-national
MEWMMA01,ads-national
MMKBPGC01,ads-national
MMKBPGC06,ads-national
MMKBPGC07,ads-national
MMMBPR01,ads-national
MMMBPR02,ads-national
MMMBPR04,ads-national
MRCTATT01,ads-national
MWWLACC01,ads-national
MWWPOPR02,ads-national
MWWPOU01,ads-national
MWWPOU02,ads-national
MWWPOU03,ads-national
MWWPOU04,ads-national
MWWPOU05,ads-national
MWWPOU06,ads-national
MWWPOU07,ads-national
MMDESH04,ads-vic-nsw
MMDESH06,ads-vic-nsw
MMDESH07,ads-vic-nsw
MMKBPGC02,ads-vic-nsw
MMKBPGC03,ads-vic-nsw
MMKBPGC04,ads-vic-nsw
MMKBPGC05,ads-vic-nsw
MMMBPR03,ads-vic-nsw
MMMBPR05,ads-vic-nsw
MWWPCB02,ads-vic-nsw
MBGYRI01,ads-vic
MMDESH08,ads-vic
MWWAACC02,ads-vic
MWWPCB01,ads-vic
MWWPCB04,ads-vic
MWWLACC02,ads-nsw-wa
